Time Stamp, Active Energy Inverter 1 (kWh), Time Stamp, Active Energy Inverter 1 (kWh), Time Stamp, Active Energy Inverter 1 (kWh), Time Stamp, Active Energy Inverter 1 (kWh), Time Stamp, Active Energy Inverter 1 (kWh), Time Stamp, Active Energy Inverter 1 (kWh), Time Stamp, Active Energy Inverter 1 (kWh), Time Stamp, Active Energy Inverter 1 (kWh), Time Stamp, Active Energy Inverter 1 (kWh), Time Stamp, Active Energy Inverter 1 (kWh), Time Stamp, Active Energy Inverter 1 (kWh), Time Stamp, Active Energy Inverter 1 (kWh), Time Stamp, Active Energy Inverter 1 (kWh), Time Stamp, Active Energy Inverter 1 (kWh), Time Stamp, Active Energy Inverter 1 (kWh), Time Stamp, Active Energy Inverter 1 (kWh), Time Stamp, Active Energy Inverter 1 (kWh), Time Stamp, Active Energy Inverter 1 (kWh), Time Stamp, Active Energy Inverter 1 (kWh), Time Stamp, Active Energy Inverter 1 (kWh), Time Stamp, Active Energy Inverter 1 (kWh), Time Stamp, Active Energy Inverter 1 (kWh), Time Stamp, Active Energy Inverter 1 (kWh), Time Stamp, Active Energy Inverter 1 (kWh), Time Stamp, Active Energy Inverter 1 (kWh), Time Stamp, Active Energy Inverter 1 (kWh), Time Stamp, Active Energy Inverter 1 (kWh), Time Stamp, Active Energy Inverter 1 (kWh), Time Stamp, Active Energy Inverter 1 (kWh), Time Stamp, Active Energy Inverter 1 (kWh), 
2025-07-01 04:00:00, 0, 2025-07-02 04:00:00, 0, 2025-07-03 04:00:00, 0, 2025-07-04 04:00:00, 0, 2025-07-05 04:00:00, 0, 2025-07-06 04:00:00, 0, 2025-07-07 04:00:00, 0, 2025-07-08 04:00:00, 0, 2025-07-09 04:00:00, 0, 2025-07-10 04:00:00, 0, 2025-07-11 04:00:00, 0, 2025-07-12 04:00:00, 0, 2025-07-13 04:00:00, 0, 2025-07-14 04:00:00, 0, 2025-07-15 04:00:00, 0, 2025-07-16 04:00:00, 0, 2025-07-17 04:00:00, 0, 2025-07-18 04:00:00, 0, 2025-07-19 04:00:00, 0, 2025-07-20 04:00:00, 0, 2025-07-21 04:00:00, 0, 2025-07-22 04:00:00, 0, 2025-07-23 04:00:00, 0, 2025-07-24 04:00:00, 0, 2025-07-25 04:00:00, 0, 2025-07-26 04:00:00, 0, 2025-07-27 04:00:00, 0, 2025-07-28 04:00:00, 0, 2025-07-29 04:00:00, 0, 2025-07-30 04:00:00, 0, 
2025-07-01 04:05:00, 0, 2025-07-02 04:05:00, 0, 2025-07-03 04:05:00, 0, 2025-07-04 04:05:00, 0, 2025-07-05 04:05:00, 0, 2025-07-06 04:05:00, 0, 2025-07-07 04:05:00, 0, 2025-07-08 04:05:00, 0, 2025-07-09 04:05:00, 0, 2025-07-10 04:05:00, 0, 2025-07-11 04:05:00, 0, 2025-07-12 04:05:00, 0, 2025-07-13 04:05:00, 0, 2025-07-14 04:05:00, 0, 2025-07-15 04:05:00, 0, 2025-07-16 04:05:00, 0, 2025-07-17 04:05:00, 0, 2025-07-18 04:05:00, 0, 2025-07-19 04:05:00, 0, 2025-07-20 04:05:00, 0, 2025-07-21 04:05:00, 0, 2025-07-22 04:05:00, 0, 2025-07-23 04:05:00, 0, 2025-07-24 04:05:00, 0, 2025-07-25 04:05:00, 0, 2025-07-26 04:05:00, 0, 2025-07-27 04:05:00, 0, 2025-07-28 04:05:00, 0, 2025-07-29 04:05:00, 0, 2025-07-30 04:05:00, 0, 
2025-07-01 04:10:00, 0, 2025-07-02 04:10:00, 0, 2025-07-03 04:10:00, 0, 2025-07-04 04:10:00, 0, 2025-07-05 04:10:00, 0, 2025-07-06 04:10:00, 0, 2025-07-07 04:10:00, 0, 2025-07-08 04:10:00, 0, 2025-07-09 04:10:00, 0, 2025-07-10 04:10:00, 0, 2025-07-11 04:10:00, 0, 2025-07-12 04:10:00, 0, 2025-07-13 04:10:00, 0, 2025-07-14 04:10:00, 0, 2025-07-15 04:10:00, 0, 2025-07-16 04:10:00, 0, 2025-07-17 04:10:00, 0, 2025-07-18 04:10:00, 0, 2025-07-19 04:10:00, 0, 2025-07-20 04:10:00, 0, 2025-07-21 04:10:00, 0, 2025-07-22 04:10:00, 0, 2025-07-23 04:10:00, 0, 2025-07-24 04:10:00, 0, 2025-07-25 04:10:00, 0, 2025-07-26 04:10:00, 0, 2025-07-27 04:10:00, 0, 2025-07-28 04:10:00, 0, 2025-07-29 04:10:00, 0, 2025-07-30 04:10:00, 0, 
2025-07-01 04:15:00, 0, 2025-07-02 04:15:00, 0, 2025-07-03 04:15:00, 0, 2025-07-04 04:15:00, 0, 2025-07-05 04:15:00, 0, 2025-07-06 04:15:00, 0, 2025-07-07 04:15:00, 0, 2025-07-08 04:15:00, 0, 2025-07-09 04:15:00, 0, 2025-07-10 04:15:00, 0, 2025-07-11 04:15:00, 0, 2025-07-12 04:15:00, 0, 2025-07-13 04:15:00, 0, 2025-07-14 04:15:00, 0, 2025-07-15 04:15:00, 0, 2025-07-16 04:15:00, 0, 2025-07-17 04:15:00, 0, 2025-07-18 04:15:00, 0, 2025-07-19 04:15:00, 0, 2025-07-20 04:15:00, 0, 2025-07-21 04:15:00, 0, 2025-07-22 04:15:00, 0, 2025-07-23 04:15:00, 0, 2025-07-24 04:15:00, 0, 2025-07-25 04:15:00, 0, 2025-07-26 04:15:00, 0, 2025-07-27 04:15:00, 0, 2025-07-28 04:15:00, 0, 2025-07-29 04:15:00, 0, 2025-07-30 04:15:00, 0, 
2025-07-01 04:20:00, 0, 2025-07-02 04:20:00, 0, 2025-07-03 04:20:00, 0, 2025-07-04 04:20:00, 0, 2025-07-05 04:20:00, 0, 2025-07-06 04:20:00, 0, 2025-07-07 04:20:00, 0, 2025-07-08 04:20:00, 0, 2025-07-09 04:20:00, 0, 2025-07-10 04:20:00, 0, 2025-07-11 04:20:00, 0, 2025-07-12 04:20:00, 0, 2025-07-13 04:20:00, 0, 2025-07-14 04:20:00, 0, 2025-07-15 04:20:00, 0, 2025-07-16 04:20:00, 0, 2025-07-17 04:20:00, 0, 2025-07-18 04:20:00, 0, 2025-07-19 04:20:00, 0, 2025-07-20 04:20:00, 0, 2025-07-21 04:20:00, 0, 2025-07-22 04:20:00, 0, 2025-07-23 04:20:00, 0, 2025-07-24 04:20:00, 0, 2025-07-25 04:20:00, 0, 2025-07-26 04:20:00, 0, 2025-07-27 04:20:00, 0, 2025-07-28 04:20:00, 0, 2025-07-29 04:20:00, 0, 2025-07-30 04:20:00, 0, 
2025-07-01 04:25:00, 0, 2025-07-02 04:25:00, 0, 2025-07-03 04:25:00, 0, 2025-07-04 04:25:00, 0, 2025-07-05 04:25:00, 0, 2025-07-06 04:25:00, 0, 2025-07-07 04:25:00, 0, 2025-07-08 04:25:00, 0, 2025-07-09 04:25:00, 0, 2025-07-10 04:25:00, 0, 2025-07-11 04:25:00, 0, 2025-07-12 04:25:00, 0, 2025-07-13 04:25:00, 0, 2025-07-14 04:25:00, 0, 2025-07-15 04:25:00, 0, 2025-07-16 04:25:00, 0, 2025-07-17 04:25:00, 0, 2025-07-18 04:25:00, 0, 2025-07-19 04:25:00, 0, 2025-07-20 04:25:00, 0, 2025-07-21 04:25:00, 0, 2025-07-22 04:25:00, 0, 2025-07-23 04:25:00, 0, 2025-07-24 04:25:00, 0, 2025-07-25 04:25:00, 0, 2025-07-26 04:25:00, 0, 2025-07-27 04:25:00, 0, 2025-07-28 04:25:00, 0, 2025-07-29 04:25:00, 0, 2025-07-30 04:25:00, 0, 
2025-07-01 04:30:00, 0, 2025-07-02 04:30:00, 0, 2025-07-03 04:30:00, 0, 2025-07-04 04:30:00, 0, 2025-07-05 04:30:00, 0, 2025-07-06 04:30:00, 0, 2025-07-07 04:30:00, 0, 2025-07-08 04:30:00, 0, 2025-07-09 04:30:00, 0, 2025-07-10 04:30:00, 0, 2025-07-11 04:30:00, 0, 2025-07-12 04:30:00, 0, 2025-07-13 04:30:00, 0, 2025-07-14 04:30:00, 0, 2025-07-15 04:30:00, 0, 2025-07-16 04:30:00, 0, 2025-07-17 04:30:00, 0, 2025-07-18 04:30:00, 0, 2025-07-19 04:30:00, 0, 2025-07-20 04:30:00, 0, 2025-07-21 04:30:00, 0, 2025-07-22 04:30:00, 0, 2025-07-23 04:30:00, 0, 2025-07-24 04:30:00, 0, 2025-07-25 04:30:00, 0, 2025-07-26 04:30:00, 0, 2025-07-27 04:30:00, 0, 2025-07-28 04:30:00, 0, 2025-07-29 04:30:00, 0, 2025-07-30 04:30:00, 0, 
2025-07-01 04:35:00, 0, 2025-07-02 04:35:00, 0, 2025-07-03 04:35:00, 0, 2025-07-04 04:35:00, 0, 2025-07-05 04:35:00, 0, 2025-07-06 04:35:00, 0, 2025-07-07 04:35:00, 0, 2025-07-08 04:35:00, 0, 2025-07-09 04:35:00, 0, 2025-07-10 04:35:00, 0, 2025-07-11 04:35:00, 0, 2025-07-12 04:35:00, 0, 2025-07-13 04:35:00, 0, 2025-07-14 04:35:00, 0, 2025-07-15 04:35:00, 0, 2025-07-16 04:35:00, 0, 2025-07-17 04:35:00, 0, 2025-07-18 04:35:00, 0, 2025-07-19 04:35:00, 0, 2025-07-20 04:35:00, 0, 2025-07-21 04:35:00, 0, 2025-07-22 04:35:00, 0, 2025-07-23 04:35:00, 0, 2025-07-24 04:35:00, 0, 2025-07-25 04:35:00, 0, 2025-07-26 04:35:00, 0, 2025-07-27 04:35:00, 0, 2025-07-28 04:35:00, 0, 2025-07-29 04:35:00, 0, 2025-07-30 04:35:00, 0, 
2025-07-01 04:40:00, 0, 2025-07-02 04:40:00, 0, 2025-07-03 04:40:00, 0, 2025-07-04 04:40:00, 0, 2025-07-05 04:40:00, 0, 2025-07-06 04:40:00, 0, 2025-07-07 04:40:00, 0, 2025-07-08 04:40:00, 0, 2025-07-09 04:40:00, 0, 2025-07-10 04:40:00, 0, 2025-07-11 04:40:00, 0, 2025-07-12 04:40:00, 0, 2025-07-13 04:40:00, 0, 2025-07-14 04:40:00, 0, 2025-07-15 04:40:00, 0, 2025-07-16 04:40:00, 0, 2025-07-17 04:40:00, 0, 2025-07-18 04:40:00, 0, 2025-07-19 04:40:00, 0, 2025-07-20 04:40:00, 0, 2025-07-21 04:40:00, 0, 2025-07-22 04:40:00, 0, 2025-07-23 04:40:00, 0, 2025-07-24 04:40:00, 0, 2025-07-25 04:40:00, 0, 2025-07-26 04:40:00, 0, 2025-07-27 04:40:00, 0, 2025-07-28 04:40:00, 0, 2025-07-29 04:40:00, 0, 2025-07-30 04:40:00, 0, 
2025-07-01 04:45:00, 0, 2025-07-02 04:45:00, 0, 2025-07-03 04:45:00, 0, 2025-07-04 04:45:00, 0, 2025-07-05 04:45:00, 0, 2025-07-06 04:45:00, 0, 2025-07-07 04:45:00, 0, 2025-07-08 04:45:00, 0, 2025-07-09 04:45:00, 0, 2025-07-10 04:45:00, 0, 2025-07-11 04:45:00, 0, 2025-07-12 04:45:00, 0, 2025-07-13 04:45:00, 0, 2025-07-14 04:45:00, 0, 2025-07-15 04:45:00, 0, 2025-07-16 04:45:00, 0, 2025-07-17 04:45:00, 0, 2025-07-18 04:45:00, 0, 2025-07-19 04:45:00, 0, 2025-07-20 04:45:00, 0, 2025-07-21 04:45:00, 0, 2025-07-22 04:45:00, 0, 2025-07-23 04:45:00, 0, 2025-07-24 04:45:00, 0, 2025-07-25 04:45:00, 0, 2025-07-26 04:45:00, 0, 2025-07-27 04:45:00, 0, 2025-07-28 04:45:00, 0, 2025-07-29 04:45:00, 0, 2025-07-30 04:45:00, 0, 
2025-07-01 04:50:00, 0, 2025-07-02 04:50:00, 0, 2025-07-03 04:50:00, 0, 2025-07-04 04:50:00, 0, 2025-07-05 04:50:00, 0, 2025-07-06 04:50:00, 0, 2025-07-07 04:50:00, 0, 2025-07-08 04:50:00, 0, 2025-07-09 04:50:00, 0, 2025-07-10 04:50:00, 0, 2025-07-11 04:50:00, 0, 2025-07-12 04:50:00, 0, 2025-07-13 04:50:00, 0, 2025-07-14 04:50:00, 0, 2025-07-15 04:50:00, 0, 2025-07-16 04:50:00, 0, 2025-07-17 04:50:00, 0, 2025-07-18 04:50:00, 0, 2025-07-19 04:50:00, 0, 2025-07-20 04:50:00, 0, 2025-07-21 04:50:00, 0, 2025-07-22 04:50:00, 0, 2025-07-23 04:50:00, 0, 2025-07-24 04:50:00, 0, 2025-07-25 04:50:00, 0, 2025-07-26 04:50:00, 0, 2025-07-27 04:50:00, 0, 2025-07-28 04:50:00, 0, 2025-07-29 04:50:00, 0, 2025-07-30 04:50:00, 0, 
2025-07-01 04:55:00, 0, 2025-07-02 04:55:00, 0, 2025-07-03 04:55:00, 0, 2025-07-04 04:55:00, 0, 2025-07-05 04:55:00, 0, 2025-07-06 04:55:00, 0, 2025-07-07 04:55:00, 0, 2025-07-08 04:55:00, 0, 2025-07-09 04:55:00, 0, 2025-07-10 04:55:00, 0, 2025-07-11 04:55:00, 0, 2025-07-12 04:55:00, 0, 2025-07-13 04:55:00, 0, 2025-07-14 04:55:00, 0, 2025-07-15 04:55:00, 0, 2025-07-16 04:55:00, 0, 2025-07-17 04:55:00, 0, 2025-07-18 04:55:00, 0, 2025-07-19 04:55:00, 0, 2025-07-20 04:55:00, 0, 2025-07-21 04:55:00, 0, 2025-07-22 04:55:00, 0, 2025-07-23 04:55:00, 0, 2025-07-24 04:55:00, 0, 2025-07-25 04:55:00, 0, 2025-07-26 04:55:00, 0, 2025-07-27 04:55:00, 0, 2025-07-28 04:55:00, 0, 2025-07-29 04:55:00, 0, 2025-07-30 04:55:00, 0, 
2025-07-01 05:00:00, 0, 2025-07-02 05:00:00, 0, 2025-07-03 05:00:00, 0, 2025-07-04 05:00:00, 0, 2025-07-05 05:00:00, 0, 2025-07-06 05:00:00, 0, 2025-07-07 05:00:00, 0, 2025-07-08 05:00:00, 0, 2025-07-09 05:00:00, 0, 2025-07-10 05:00:00, 0, 2025-07-11 05:00:00, 0, 2025-07-12 05:00:00, 0, 2025-07-13 05:00:00, 0, 2025-07-14 05:00:00, 0, 2025-07-15 05:00:00, 0, 2025-07-16 05:00:00, 0, 2025-07-17 05:00:00, 0, 2025-07-18 05:00:00, 0, 2025-07-19 05:00:00, 0, 2025-07-20 05:00:00, 0, 2025-07-21 05:00:00, 0, 2025-07-22 05:00:00, 0, 2025-07-23 05:00:00, 0, 2025-07-24 05:00:00, 0, 2025-07-25 05:00:00, 0, 2025-07-26 05:00:00, 0, 2025-07-27 05:00:00, 0, 2025-07-28 05:00:00, 0, 2025-07-29 05:00:00, 0, 2025-07-30 05:00:00, 0, 
2025-07-01 05:05:00, 0, 2025-07-02 05:05:00, 0, 2025-07-03 05:05:00, 0, 2025-07-04 05:05:00, 0, 2025-07-05 05:05:00, 0, 2025-07-06 05:05:00, 0, 2025-07-07 05:05:00, 0, 2025-07-08 05:05:00, 0, 2025-07-09 05:05:00, 0, 2025-07-10 05:05:00, 0, 2025-07-11 05:05:00, 0, 2025-07-12 05:05:00, 0, 2025-07-13 05:05:00, 0, 2025-07-14 05:05:00, 0, 2025-07-15 05:05:00, 0, 2025-07-16 05:05:00, 0, 2025-07-17 05:05:00, 0, 2025-07-18 05:05:00, 0, 2025-07-19 05:05:00, 0, 2025-07-20 05:05:00, 0, 2025-07-21 05:05:00, 0, 2025-07-22 05:05:00, 0, 2025-07-23 05:05:00, 0, 2025-07-24 05:05:00, 0, 2025-07-25 05:05:00, 0, 2025-07-26 05:05:00, 0, 2025-07-27 05:05:00, 0, 2025-07-28 05:05:00, 0, 2025-07-29 05:05:00, 0, 2025-07-30 05:05:00, 0, 
2025-07-01 05:10:00, 0, 2025-07-02 05:10:00, 0, 2025-07-03 05:10:00, 0, 2025-07-04 05:10:00, 0, 2025-07-05 05:10:00, 0, 2025-07-06 05:10:00, 0, 2025-07-07 05:10:00, 0, 2025-07-08 05:10:00, 0, 2025-07-09 05:10:00, 0, 2025-07-10 05:10:00, 0, 2025-07-11 05:10:00, 0, 2025-07-12 05:10:00, 0, 2025-07-13 05:10:00, 0, 2025-07-14 05:10:00, 0, 2025-07-15 05:10:00, 0, 2025-07-16 05:10:00, 0, 2025-07-17 05:10:00, 0, 2025-07-18 05:10:00, 0, 2025-07-19 05:10:00, 0, 2025-07-20 05:10:00, 0, 2025-07-21 05:10:00, 0, 2025-07-22 05:10:00, 0, 2025-07-23 05:10:00, 0, 2025-07-24 05:10:00, 0, 2025-07-25 05:10:00, 0, 2025-07-26 05:10:00, 0, 2025-07-27 05:10:00, 0, 2025-07-28 05:10:00, 0, 2025-07-29 05:10:00, 0, 2025-07-30 05:10:00, 0, 
2025-07-01 05:15:00, 0, 2025-07-02 05:15:00, 0, 2025-07-03 05:15:00, 0, 2025-07-04 05:15:00, 0, 2025-07-05 05:15:00, 0, 2025-07-06 05:15:00, 0, 2025-07-07 05:15:00, 0, 2025-07-08 05:15:00, 0, 2025-07-09 05:15:00, 0, 2025-07-10 05:15:00, 0, 2025-07-11 05:15:00, 0, 2025-07-12 05:15:00, 0, 2025-07-13 05:15:00, 0, 2025-07-14 05:15:00, 0, 2025-07-15 05:15:00, 0, 2025-07-16 05:15:00, 0, 2025-07-17 05:15:00, 0, 2025-07-18 05:15:00, 0, 2025-07-19 05:15:00, 0, 2025-07-20 05:15:00, 0, 2025-07-21 05:15:00, 0, 2025-07-22 05:15:00, 0, 2025-07-23 05:15:00, 0, 2025-07-24 05:15:00, 0, 2025-07-25 05:15:00, 0, 2025-07-26 05:15:00, 0, 2025-07-27 05:15:00, 0, 2025-07-28 05:15:00, 0, 2025-07-29 05:15:00, 0, 2025-07-30 05:15:00, 0, 
2025-07-01 05:20:00, 0, 2025-07-02 05:20:00, 0, 2025-07-03 05:20:00, 0, 2025-07-04 05:20:00, 0, 2025-07-05 05:20:00, 0, 2025-07-06 05:20:00, 0, 2025-07-07 05:20:00, 0, 2025-07-08 05:20:00, 0, 2025-07-09 05:20:00, 0, 2025-07-10 05:20:00, 0, 2025-07-11 05:20:00, 0, 2025-07-12 05:20:00, 0, 2025-07-13 05:20:00, 0, 2025-07-14 05:20:00, 0, 2025-07-15 05:20:00, 0, 2025-07-16 05:20:00, 0, 2025-07-17 05:20:00, 0, 2025-07-18 05:20:00, 0, 2025-07-19 05:20:00, 0, 2025-07-20 05:20:00, 0, 2025-07-21 05:20:00, 0, 2025-07-22 05:20:00, 0, 2025-07-23 05:20:00, 0, 2025-07-24 05:20:00, 0, 2025-07-25 05:20:00, 0, 2025-07-26 05:20:00, 0, 2025-07-27 05:20:00, 0, 2025-07-28 05:20:00, 0, 2025-07-29 05:20:00, 0, 2025-07-30 05:20:00, 0, 
2025-07-01 05:25:00, 0, 2025-07-02 05:25:00, 0, 2025-07-03 05:25:00, 0, 2025-07-04 05:25:00, 0, 2025-07-05 05:25:00, 0, 2025-07-06 05:25:00, 0, 2025-07-07 05:25:00, 0, 2025-07-08 05:25:00, 0, 2025-07-09 05:25:00, 0, 2025-07-10 05:25:00, 0, 2025-07-11 05:25:00, 0, 2025-07-12 05:25:00, 0, 2025-07-13 05:25:00, 0, 2025-07-14 05:25:00, 0, 2025-07-15 05:25:00, 0, 2025-07-16 05:25:00, 0, 2025-07-17 05:25:00, 0, 2025-07-18 05:25:00, 0, 2025-07-19 05:25:00, 0, 2025-07-20 05:25:00, 0, 2025-07-21 05:25:00, 0, 2025-07-22 05:25:00, 0, 2025-07-23 05:25:00, 0, 2025-07-24 05:25:00, 0, 2025-07-25 05:25:00, 0, 2025-07-26 05:25:00, 0, 2025-07-27 05:25:00, 0, 2025-07-28 05:25:00, 0, 2025-07-29 05:25:00, 0, 2025-07-30 05:25:00, 0, 
2025-07-01 05:30:00, 0, 2025-07-02 05:30:00, 0, 2025-07-03 05:30:00, 0, 2025-07-04 05:30:00, 0, 2025-07-05 05:30:00, 0, 2025-07-06 05:30:00, 0, 2025-07-07 05:30:00, 0, 2025-07-08 05:30:00, 0, 2025-07-09 05:30:00, 0, 2025-07-10 05:30:00, 0, 2025-07-11 05:30:00, 0, 2025-07-12 05:30:00, 0, 2025-07-13 05:30:00, 0, 2025-07-14 05:30:00, 0, 2025-07-15 05:30:00, 0, 2025-07-16 05:30:00, 0, 2025-07-17 05:30:00, 0, 2025-07-18 05:30:00, 0, 2025-07-19 05:30:00, 0, 2025-07-20 05:30:00, 0, 2025-07-21 05:30:00, 0, 2025-07-22 05:30:00, 0, 2025-07-23 05:30:00, 0, 2025-07-24 05:30:00, 0, 2025-07-25 05:30:00, 0, 2025-07-26 05:30:00, 0, 2025-07-27 05:30:00, 0, 2025-07-28 05:30:00, 0, 2025-07-29 05:30:00, 0, 2025-07-30 05:30:00, 0, 
2025-07-01 05:35:00, 0, 2025-07-02 05:35:00, 0, 2025-07-03 05:35:00, 0, 2025-07-04 05:35:00, 0, 2025-07-05 05:35:00, 0, 2025-07-06 05:35:00, 0, 2025-07-07 05:35:00, 0, 2025-07-08 05:35:00, 0, 2025-07-09 05:35:00, 0, 2025-07-10 05:35:00, 0, 2025-07-11 05:35:00, 0, 2025-07-12 05:35:00, 0, 2025-07-13 05:35:00, 0, 2025-07-14 05:35:00, 0, 2025-07-15 05:35:00, 0, 2025-07-16 05:35:00, 0, 2025-07-17 05:35:00, 0, 2025-07-18 05:35:00, 0, 2025-07-19 05:35:00, 0, 2025-07-20 05:35:00, 0, 2025-07-21 05:35:00, 0, 2025-07-22 05:35:00, 0, 2025-07-23 05:35:00, 0, 2025-07-24 05:35:00, 0, 2025-07-25 05:35:00, 0, 2025-07-26 05:35:00, 0, 2025-07-27 05:35:00, 0, 2025-07-28 05:35:00, 0, 2025-07-29 05:35:00, 0, 2025-07-30 05:35:00, 0, 
2025-07-01 05:40:00, 0, 2025-07-02 05:40:00, 0, 2025-07-03 05:40:00, 0, 2025-07-04 05:40:00, 0, 2025-07-05 05:40:00, 0, 2025-07-06 05:40:00, 0, 2025-07-07 05:40:00, 0, 2025-07-08 05:40:00, 0, 2025-07-09 05:40:00, 0, 2025-07-10 05:40:00, 0, 2025-07-11 05:40:00, 0, 2025-07-12 05:40:00, 0, 2025-07-13 05:40:00, 0, 2025-07-14 05:40:00, 0, 2025-07-15 05:40:00, 0, 2025-07-16 05:40:00, 0, 2025-07-17 05:40:00, 0, 2025-07-18 05:40:00, 0, 2025-07-19 05:40:00, 0, 2025-07-20 05:40:00, 0, 2025-07-21 05:40:00, 0, 2025-07-22 05:40:00, 0, 2025-07-23 05:40:00, 0, 2025-07-24 05:40:00, 0, 2025-07-25 05:40:00, 0, 2025-07-26 05:40:00, 0, 2025-07-27 05:40:00, 0, 2025-07-28 05:40:00, 0, 2025-07-29 05:40:00, 0, 2025-07-30 05:40:00, 0, 
2025-07-01 05:45:00, 857648, 2025-07-02 05:45:00, 0, 2025-07-03 05:45:00, 0, 2025-07-04 05:45:00, 0, 2025-07-05 05:45:00, 859934, 2025-07-06 05:45:00, 0, 2025-07-07 05:45:00, 0, 2025-07-08 05:45:00, 0, 2025-07-09 05:45:00, 0, 2025-07-10 05:45:00, 0, 2025-07-11 05:45:00, 0, 2025-07-12 05:45:00, 0, 2025-07-13 05:45:00, 0, 2025-07-14 05:45:00, 0, 2025-07-15 05:45:00, 0, 2025-07-16 05:45:00, 0, 2025-07-17 05:45:00, 0, 2025-07-18 05:45:00, 0, 2025-07-19 05:45:00, 0, 2025-07-20 05:45:00, 0, 2025-07-21 05:45:00, 0, 2025-07-22 05:45:00, 0, 2025-07-23 05:45:00, 0, 2025-07-24 05:45:00, 0, 2025-07-25 05:45:00, 0, 2025-07-26 05:45:00, 0, 2025-07-27 05:45:00, 0, 2025-07-28 05:45:00, 0, 2025-07-29 05:45:00, 0, 2025-07-30 05:45:00, 0, 
2025-07-01 05:50:00, 857648, 2025-07-02 05:50:00, 858216, 2025-07-03 05:50:00, 0, 2025-07-04 05:50:00, 859347, 2025-07-05 05:50:00, 859934, 2025-07-06 05:50:00, 0, 2025-07-07 05:50:00, 0, 2025-07-08 05:50:00, 0, 2025-07-09 05:50:00, 0, 2025-07-10 05:50:00, 0, 2025-07-11 05:50:00, 0, 2025-07-12 05:50:00, 0, 2025-07-13 05:50:00, 0, 2025-07-14 05:50:00, 0, 2025-07-15 05:50:00, 0, 2025-07-16 05:50:00, 0, 2025-07-17 05:50:00, 0, 2025-07-18 05:50:00, 0, 2025-07-19 05:50:00, 0, 2025-07-20 05:50:00, 0, 2025-07-21 05:50:00, 0, 2025-07-22 05:50:00, 0, 2025-07-23 05:50:00, 0, 2025-07-24 05:50:00, 0, 2025-07-25 05:50:00, 0, 2025-07-26 05:50:00, 0, 2025-07-27 05:50:00, 0, 2025-07-28 05:50:00, 0, 2025-07-29 05:50:00, 0, 2025-07-30 05:50:00, 0, 
2025-07-01 05:55:00, 857648, 2025-07-02 05:55:00, 858216, 2025-07-03 05:55:00, 858775, 2025-07-04 05:55:00, 859347, 2025-07-05 05:55:00, 859934, 2025-07-06 05:55:00, 860520, 2025-07-07 05:55:00, 0, 2025-07-08 05:55:00, 0, 2025-07-09 05:55:00, 862152, 2025-07-10 05:55:00, 862714, 2025-07-11 05:55:00, 863313, 2025-07-12 05:55:00, 0, 2025-07-13 05:55:00, 0, 2025-07-14 05:55:00, 0, 2025-07-15 05:55:00, 0, 2025-07-16 05:55:00, 0, 2025-07-17 05:55:00, 0, 2025-07-18 05:55:00, 0, 2025-07-19 05:55:00, 0, 2025-07-20 05:55:00, 0, 2025-07-21 05:55:00, 0, 2025-07-22 05:55:00, 0, 2025-07-23 05:55:00, 0, 2025-07-24 05:55:00, 0, 2025-07-25 05:55:00, 0, 2025-07-26 05:55:00, 0, 2025-07-27 05:55:00, 0, 2025-07-28 05:55:00, 0, 2025-07-29 05:55:00, 0, 2025-07-30 05:55:00, 0, 
2025-07-01 06:00:00, 857648, 2025-07-02 06:00:00, 858216, 2025-07-03 06:00:00, 858775, 2025-07-04 06:00:00, 859347, 2025-07-05 06:00:00, 859934, 2025-07-06 06:00:00, 860520, 2025-07-07 06:00:00, 861095, 2025-07-08 06:00:00, 861596, 2025-07-09 06:00:00, 862152, 2025-07-10 06:00:00, 862714, 2025-07-11 06:00:00, 863313, 2025-07-12 06:00:00, 863851, 2025-07-13 06:00:00, 864412, 2025-07-14 06:00:00, 864929, 2025-07-15 06:00:00, 865444, 2025-07-16 06:00:00, 0, 2025-07-17 06:00:00, 866393, 2025-07-18 06:00:00, 0, 2025-07-19 06:00:00, 0, 2025-07-20 06:00:00, 0, 2025-07-21 06:00:00, 0, 2025-07-22 06:00:00, 868767, 2025-07-23 06:00:00, 0, 2025-07-24 06:00:00, 0, 2025-07-25 06:00:00, 0, 2025-07-26 06:00:00, 0, 2025-07-27 06:00:00, 0, 2025-07-28 06:00:00, 0, 2025-07-29 06:00:00, 0, 2025-07-30 06:00:00, 0, 
2025-07-01 06:05:00, 857648, 2025-07-02 06:05:00, 858216, 2025-07-03 06:05:00, 858775, 2025-07-04 06:05:00, 859347, 2025-07-05 06:05:00, 859934, 2025-07-06 06:05:00, 860520, 2025-07-07 06:05:00, 861095, 2025-07-08 06:05:00, 861596, 2025-07-09 06:05:00, 862152, 2025-07-10 06:05:00, 862714, 2025-07-11 06:05:00, 863313, 2025-07-12 06:05:00, 863851, 2025-07-13 06:05:00, 864412, 2025-07-14 06:05:00, 864929, 2025-07-15 06:05:00, 865444, 2025-07-16 06:05:00, 0, 2025-07-17 06:05:00, 866393, 2025-07-18 06:05:00, 866874, 2025-07-19 06:05:00, 0, 2025-07-20 06:05:00, 867899, 2025-07-21 06:05:00, 0, 2025-07-22 06:05:00, 868767, 2025-07-23 06:05:00, 869190, 2025-07-24 06:05:00, 869669, 2025-07-25 06:05:00, 0, 2025-07-26 06:05:00, 870533, 2025-07-27 06:05:00, 0, 2025-07-28 06:05:00, 871509, 2025-07-29 06:05:00, 872014, 2025-07-30 06:05:00, 0, 
2025-07-01 06:10:00, 857648, 2025-07-02 06:10:00, 858216, 2025-07-03 06:10:00, 858776, 2025-07-04 06:10:00, 859347, 2025-07-05 06:10:00, 859934, 2025-07-06 06:10:00, 860520, 2025-07-07 06:10:00, 861095, 2025-07-08 06:10:00, 861596, 2025-07-09 06:10:00, 862153, 2025-07-10 06:10:00, 862714, 2025-07-11 06:10:00, 863313, 2025-07-12 06:10:00, 863851, 2025-07-13 06:10:00, 864412, 2025-07-14 06:10:00, 864929, 2025-07-15 06:10:00, 865444, 2025-07-16 06:10:00, 865959, 2025-07-17 06:10:00, 866393, 2025-07-18 06:10:00, 866874, 2025-07-19 06:10:00, 867347, 2025-07-20 06:10:00, 867899, 2025-07-21 06:10:00, 868386, 2025-07-22 06:10:00, 868767, 2025-07-23 06:10:00, 869190, 2025-07-24 06:10:00, 869669, 2025-07-25 06:10:00, 870127, 2025-07-26 06:10:00, 870533, 2025-07-27 06:10:00, 871057, 2025-07-28 06:10:00, 871509, 2025-07-29 06:10:00, 872014, 2025-07-30 06:10:00, 872550, 
2025-07-01 06:15:00, 857648, 2025-07-02 06:15:00, 858216, 2025-07-03 06:15:00, 858776, 2025-07-04 06:15:00, 859347, 2025-07-05 06:15:00, 859934, 2025-07-06 06:15:00, 860520, 2025-07-07 06:15:00, 861095, 2025-07-08 06:15:00, 861596, 2025-07-09 06:15:00, 862153, 2025-07-10 06:15:00, 862714, 2025-07-11 06:15:00, 863313, 2025-07-12 06:15:00, 863851, 2025-07-13 06:15:00, 864412, 2025-07-14 06:15:00, 864929, 2025-07-15 06:15:00, 865444, 2025-07-16 06:15:00, 865959, 2025-07-17 06:15:00, 866393, 2025-07-18 06:15:00, 866874, 2025-07-19 06:15:00, 867347, 2025-07-20 06:15:00, 867899, 2025-07-21 06:15:00, 868386, 2025-07-22 06:15:00, 868767, 2025-07-23 06:15:00, 869190, 2025-07-24 06:15:00, 869669, 2025-07-25 06:15:00, 870127, 2025-07-26 06:15:00, 870534, 2025-07-27 06:15:00, 871057, 2025-07-28 06:15:00, 871509, 2025-07-29 06:15:00, 872014, 2025-07-30 06:15:00, 872550, 
2025-07-01 06:20:00, 857648, 2025-07-02 06:20:00, 858216, 2025-07-03 06:20:00, 858776, 2025-07-04 06:20:00, 859347, 2025-07-05 06:20:00, 859935, 2025-07-06 06:20:00, 860520, 2025-07-07 06:20:00, 861095, 2025-07-08 06:20:00, 861596, 2025-07-09 06:20:00, 862153, 2025-07-10 06:20:00, 862714, 2025-07-11 06:20:00, 863313, 2025-07-12 06:20:00, 863851, 2025-07-13 06:20:00, 864412, 2025-07-14 06:20:00, 864930, 2025-07-15 06:20:00, 865444, 2025-07-16 06:20:00, 865959, 2025-07-17 06:20:00, 866394, 2025-07-18 06:20:00, 866874, 2025-07-19 06:20:00, 867347, 2025-07-20 06:20:00, 867899, 2025-07-21 06:20:00, 868386, 2025-07-22 06:20:00, 868767, 2025-07-23 06:20:00, 869190, 2025-07-24 06:20:00, 869669, 2025-07-25 06:20:00, 870127, 2025-07-26 06:20:00, 870534, 2025-07-27 06:20:00, 871057, 2025-07-28 06:20:00, 871509, 2025-07-29 06:20:00, 872014, 2025-07-30 06:20:00, 872550, 
2025-07-01 06:25:00, 857649, 2025-07-02 06:25:00, 858216, 2025-07-03 06:25:00, 858776, 2025-07-04 06:25:00, 859348, 2025-07-05 06:25:00, 859935, 2025-07-06 06:25:00, 860520, 2025-07-07 06:25:00, 861095, 2025-07-08 06:25:00, 861596, 2025-07-09 06:25:00, 862153, 2025-07-10 06:25:00, 862714, 2025-07-11 06:25:00, 863313, 2025-07-12 06:25:00, 863851, 2025-07-13 06:25:00, 864413, 2025-07-14 06:25:00, 864930, 2025-07-15 06:25:00, 865444, 2025-07-16 06:25:00, 865959, 2025-07-17 06:25:00, 866394, 2025-07-18 06:25:00, 866874, 2025-07-19 06:25:00, 867347, 2025-07-20 06:25:00, 867899, 2025-07-21 06:25:00, 868386, 2025-07-22 06:25:00, 868767, 2025-07-23 06:25:00, 869190, 2025-07-24 06:25:00, 869669, 2025-07-25 06:25:00, 870128, 2025-07-26 06:25:00, 870534, 2025-07-27 06:25:00, 871057, 2025-07-28 06:25:00, 871509, 2025-07-29 06:25:00, 872014, 2025-07-30 06:25:00, 872550, 
2025-07-01 06:30:00, 857649, 2025-07-02 06:30:00, 858216, 2025-07-03 06:30:00, 858776, 2025-07-04 06:30:00, 859348, 2025-07-05 06:30:00, 859935, 2025-07-06 06:30:00, 860520, 2025-07-07 06:30:00, 861095, 2025-07-08 06:30:00, 861596, 2025-07-09 06:30:00, 862153, 2025-07-10 06:30:00, 862714, 2025-07-11 06:30:00, 863314, 2025-07-12 06:30:00, 863851, 2025-07-13 06:30:00, 864413, 2025-07-14 06:30:00, 864930, 2025-07-15 06:30:00, 865444, 2025-07-16 06:30:00, 865959, 2025-07-17 06:30:00, 866394, 2025-07-18 06:30:00, 866874, 2025-07-19 06:30:00, 867347, 2025-07-20 06:30:00, 867899, 2025-07-21 06:30:00, 868386, 2025-07-22 06:30:00, 868767, 2025-07-23 06:30:00, 869190, 2025-07-24 06:30:00, 869669, 2025-07-25 06:30:00, 870128, 2025-07-26 06:30:00, 870534, 2025-07-27 06:30:00, 871057, 2025-07-28 06:30:00, 871509, 2025-07-29 06:30:00, 872014, 2025-07-30 06:30:00, 872550, 
2025-07-01 06:35:00, 857649, 2025-07-02 06:35:00, 858217, 2025-07-03 06:35:00, 858776, 2025-07-04 06:35:00, 859348, 2025-07-05 06:35:00, 859935, 2025-07-06 06:35:00, 860520, 2025-07-07 06:35:00, 861095, 2025-07-08 06:35:00, 861596, 2025-07-09 06:35:00, 862153, 2025-07-10 06:35:00, 862714, 2025-07-11 06:35:00, 863314, 2025-07-12 06:35:00, 863851, 2025-07-13 06:35:00, 864413, 2025-07-14 06:35:00, 864930, 2025-07-15 06:35:00, 865444, 2025-07-16 06:35:00, 865959, 2025-07-17 06:35:00, 866394, 2025-07-18 06:35:00, 866874, 2025-07-19 06:35:00, 867347, 2025-07-20 06:35:00, 867899, 2025-07-21 06:35:00, 868386, 2025-07-22 06:35:00, 868767, 2025-07-23 06:35:00, 869190, 2025-07-24 06:35:00, 869669, 2025-07-25 06:35:00, 870128, 2025-07-26 06:35:00, 870534, 2025-07-27 06:35:00, 871057, 2025-07-28 06:35:00, 871509, 2025-07-29 06:35:00, 872014, 2025-07-30 06:35:00, 872550, 
2025-07-01 06:40:00, 857649, 2025-07-02 06:40:00, 858217, 2025-07-03 06:40:00, 858776, 2025-07-04 06:40:00, 859348, 2025-07-05 06:40:00, 859935, 2025-07-06 06:40:00, 860521, 2025-07-07 06:40:00, 861096, 2025-07-08 06:40:00, 861596, 2025-07-09 06:40:00, 862153, 2025-07-10 06:40:00, 862715, 2025-07-11 06:40:00, 863314, 2025-07-12 06:40:00, 863851, 2025-07-13 06:40:00, 864413, 2025-07-14 06:40:00, 864930, 2025-07-15 06:40:00, 865444, 2025-07-16 06:40:00, 865959, 2025-07-17 06:40:00, 866394, 2025-07-18 06:40:00, 866875, 2025-07-19 06:40:00, 867347, 2025-07-20 06:40:00, 867899, 2025-07-21 06:40:00, 868386, 2025-07-22 06:40:00, 868767, 2025-07-23 06:40:00, 869190, 2025-07-24 06:40:00, 869670, 2025-07-25 06:40:00, 870128, 2025-07-26 06:40:00, 870534, 2025-07-27 06:40:00, 871057, 2025-07-28 06:40:00, 871509, 2025-07-29 06:40:00, 872014, 2025-07-30 06:40:00, 872550, 
2025-07-01 06:45:00, 857650, 2025-07-02 06:45:00, 858217, 2025-07-03 06:45:00, 858776, 2025-07-04 06:45:00, 859348, 2025-07-05 06:45:00, 859936, 2025-07-06 06:45:00, 860521, 2025-07-07 06:45:00, 861096, 2025-07-08 06:45:00, 861596, 2025-07-09 06:45:00, 862153, 2025-07-10 06:45:00, 862715, 2025-07-11 06:45:00, 863314, 2025-07-12 06:45:00, 863852, 2025-07-13 06:45:00, 864413, 2025-07-14 06:45:00, 864930, 2025-07-15 06:45:00, 865444, 2025-07-16 06:45:00, 865959, 2025-07-17 06:45:00, 866394, 2025-07-18 06:45:00, 866875, 2025-07-19 06:45:00, 867347, 2025-07-20 06:45:00, 867900, 2025-07-21 06:45:00, 868386, 2025-07-22 06:45:00, 868768, 2025-07-23 06:45:00, 869190, 2025-07-24 06:45:00, 869670, 2025-07-25 06:45:00, 870128, 2025-07-26 06:45:00, 870534, 2025-07-27 06:45:00, 871057, 2025-07-28 06:45:00, 871510, 2025-07-29 06:45:00, 872014, 2025-07-30 06:45:00, 872550, 
2025-07-01 06:50:00, 857650, 2025-07-02 06:50:00, 858217, 2025-07-03 06:50:00, 858776, 2025-07-04 06:50:00, 859348, 2025-07-05 06:50:00, 859936, 2025-07-06 06:50:00, 860521, 2025-07-07 06:50:00, 861096, 2025-07-08 06:50:00, 861596, 2025-07-09 06:50:00, 862153, 2025-07-10 06:50:00, 862715, 2025-07-11 06:50:00, 863314, 2025-07-12 06:50:00, 863852, 2025-07-13 06:50:00, 864413, 2025-07-14 06:50:00, 864930, 2025-07-15 06:50:00, 865444, 2025-07-16 06:50:00, 865959, 2025-07-17 06:50:00, 866394, 2025-07-18 06:50:00, 866875, 2025-07-19 06:50:00, 867347, 2025-07-20 06:50:00, 867900, 2025-07-21 06:50:00, 868387, 2025-07-22 06:50:00, 868768, 2025-07-23 06:50:00, 869190, 2025-07-24 06:50:00, 869670, 2025-07-25 06:50:00, 870128, 2025-07-26 06:50:00, 870534, 2025-07-27 06:50:00, 871058, 2025-07-28 06:50:00, 871510, 2025-07-29 06:50:00, 872014, 2025-07-30 06:50:00, 872550, 
2025-07-01 06:55:00, 857650, 2025-07-02 06:55:00, 858218, 2025-07-03 06:55:00, 858776, 2025-07-04 06:55:00, 859349, 2025-07-05 06:55:00, 859937, 2025-07-06 06:55:00, 860521, 2025-07-07 06:55:00, 861096, 2025-07-08 06:55:00, 861596, 2025-07-09 06:55:00, 862154, 2025-07-10 06:55:00, 862715, 2025-07-11 06:55:00, 863315, 2025-07-12 06:55:00, 863852, 2025-07-13 06:55:00, 864413, 2025-07-14 06:55:00, 864930, 2025-07-15 06:55:00, 865444, 2025-07-16 06:55:00, 865959, 2025-07-17 06:55:00, 866394, 2025-07-18 06:55:00, 866875, 2025-07-19 06:55:00, 867347, 2025-07-20 06:55:00, 867900, 2025-07-21 06:55:00, 868387, 2025-07-22 06:55:00, 868768, 2025-07-23 06:55:00, 869191, 2025-07-24 06:55:00, 869670, 2025-07-25 06:55:00, 870128, 2025-07-26 06:55:00, 870534, 2025-07-27 06:55:00, 871058, 2025-07-28 06:55:00, 871510, 2025-07-29 06:55:00, 872014, 2025-07-30 06:55:00, 872550, 
2025-07-01 07:00:00, 857651, 2025-07-02 07:00:00, 858218, 2025-07-03 07:00:00, 858777, 2025-07-04 07:00:00, 859349, 2025-07-05 07:00:00, 859938, 2025-07-06 07:00:00, 860522, 2025-07-07 07:00:00, 861096, 2025-07-08 07:00:00, 861597, 2025-07-09 07:00:00, 862154, 2025-07-10 07:00:00, 862716, 2025-07-11 07:00:00, 863315, 2025-07-12 07:00:00, 863852, 2025-07-13 07:00:00, 864414, 2025-07-14 07:00:00, 864930, 2025-07-15 07:00:00, 865444, 2025-07-16 07:00:00, 865959, 2025-07-17 07:00:00, 866394, 2025-07-18 07:00:00, 866875, 2025-07-19 07:00:00, 867348, 2025-07-20 07:00:00, 867900, 2025-07-21 07:00:00, 868387, 2025-07-22 07:00:00, 868768, 2025-07-23 07:00:00, 869191, 2025-07-24 07:00:00, 869670, 2025-07-25 07:00:00, 870128, 2025-07-26 07:00:00, 870534, 2025-07-27 07:00:00, 871058, 2025-07-28 07:00:00, 871510, 2025-07-29 07:00:00, 872015, 2025-07-30 07:00:00, 872550, 
2025-07-01 07:05:00, 857651, 2025-07-02 07:05:00, 858218, 2025-07-03 07:05:00, 858777, 2025-07-04 07:05:00, 859349, 2025-07-05 07:05:00, 859939, 2025-07-06 07:05:00, 860522, 2025-07-07 07:05:00, 861096, 2025-07-08 07:05:00, 861597, 2025-07-09 07:05:00, 862154, 2025-07-10 07:05:00, 862716, 2025-07-11 07:05:00, 863315, 2025-07-12 07:05:00, 863852, 2025-07-13 07:05:00, 864414, 2025-07-14 07:05:00, 864931, 2025-07-15 07:05:00, 865445, 2025-07-16 07:05:00, 865959, 2025-07-17 07:05:00, 866394, 2025-07-18 07:05:00, 866875, 2025-07-19 07:05:00, 867348, 2025-07-20 07:05:00, 867900, 2025-07-21 07:05:00, 868387, 2025-07-22 07:05:00, 868768, 2025-07-23 07:05:00, 869191, 2025-07-24 07:05:00, 869670, 2025-07-25 07:05:00, 870128, 2025-07-26 07:05:00, 870534, 2025-07-27 07:05:00, 871058, 2025-07-28 07:05:00, 871510, 2025-07-29 07:05:00, 872015, 2025-07-30 07:05:00, 872551, 
2025-07-01 07:10:00, 857652, 2025-07-02 07:10:00, 858219, 2025-07-03 07:10:00, 858777, 2025-07-04 07:10:00, 859349, 2025-07-05 07:10:00, 859940, 2025-07-06 07:10:00, 860522, 2025-07-07 07:10:00, 861096, 2025-07-08 07:10:00, 861597, 2025-07-09 07:10:00, 862154, 2025-07-10 07:10:00, 862716, 2025-07-11 07:10:00, 863316, 2025-07-12 07:10:00, 863853, 2025-07-13 07:10:00, 864414, 2025-07-14 07:10:00, 864931, 2025-07-15 07:10:00, 865445, 2025-07-16 07:10:00, 865960, 2025-07-17 07:10:00, 866395, 2025-07-18 07:10:00, 866875, 2025-07-19 07:10:00, 867348, 2025-07-20 07:10:00, 867900, 2025-07-21 07:10:00, 868387, 2025-07-22 07:10:00, 868769, 2025-07-23 07:10:00, 869191, 2025-07-24 07:10:00, 869670, 2025-07-25 07:10:00, 870128, 2025-07-26 07:10:00, 870535, 2025-07-27 07:10:00, 871058, 2025-07-28 07:10:00, 871511, 2025-07-29 07:10:00, 872015, 2025-07-30 07:10:00, 872551, 
2025-07-01 07:15:00, 857653, 2025-07-02 07:15:00, 858219, 2025-07-03 07:15:00, 858777, 2025-07-04 07:15:00, 859350, 2025-07-05 07:15:00, 859941, 2025-07-06 07:15:00, 860522, 2025-07-07 07:15:00, 861096, 2025-07-08 07:15:00, 861597, 2025-07-09 07:15:00, 862155, 2025-07-10 07:15:00, 862717, 2025-07-11 07:15:00, 863317, 2025-07-12 07:15:00, 863853, 2025-07-13 07:15:00, 864414, 2025-07-14 07:15:00, 864931, 2025-07-15 07:15:00, 865445, 2025-07-16 07:15:00, 865960, 2025-07-17 07:15:00, 866395, 2025-07-18 07:15:00, 866876, 2025-07-19 07:15:00, 867348, 2025-07-20 07:15:00, 867900, 2025-07-21 07:15:00, 868387, 2025-07-22 07:15:00, 868769, 2025-07-23 07:15:00, 869191, 2025-07-24 07:15:00, 869671, 2025-07-25 07:15:00, 870129, 2025-07-26 07:15:00, 870535, 2025-07-27 07:15:00, 871058, 2025-07-28 07:15:00, 871511, 2025-07-29 07:15:00, 872016, 2025-07-30 07:15:00, 872551, 
2025-07-01 07:20:00, 857653, 2025-07-02 07:20:00, 858220, 2025-07-03 07:20:00, 858778, 2025-07-04 07:20:00, 859350, 2025-07-05 07:20:00, 859942, 2025-07-06 07:20:00, 860523, 2025-07-07 07:20:00, 861096, 2025-07-08 07:20:00, 861598, 2025-07-09 07:20:00, 862155, 2025-07-10 07:20:00, 862718, 2025-07-11 07:20:00, 863317, 2025-07-12 07:20:00, 863853, 2025-07-13 07:20:00, 864415, 2025-07-14 07:20:00, 864932, 2025-07-15 07:20:00, 865445, 2025-07-16 07:20:00, 865960, 2025-07-17 07:20:00, 866395, 2025-07-18 07:20:00, 866876, 2025-07-19 07:20:00, 867348, 2025-07-20 07:20:00, 867900, 2025-07-21 07:20:00, 868387, 2025-07-22 07:20:00, 868769, 2025-07-23 07:20:00, 869192, 2025-07-24 07:20:00, 869671, 2025-07-25 07:20:00, 870129, 2025-07-26 07:20:00, 870535, 2025-07-27 07:20:00, 871059, 2025-07-28 07:20:00, 871511, 2025-07-29 07:20:00, 872016, 2025-07-30 07:20:00, 872551, 
2025-07-01 07:25:00, 857654, 2025-07-02 07:25:00, 858220, 2025-07-03 07:25:00, 858778, 2025-07-04 07:25:00, 859351, 2025-07-05 07:25:00, 859944, 2025-07-06 07:25:00, 860523, 2025-07-07 07:25:00, 861097, 2025-07-08 07:25:00, 861598, 2025-07-09 07:25:00, 862155, 2025-07-10 07:25:00, 862719, 2025-07-11 07:25:00, 863318, 2025-07-12 07:25:00, 863854, 2025-07-13 07:25:00, 864415, 2025-07-14 07:25:00, 864932, 2025-07-15 07:25:00, 865445, 2025-07-16 07:25:00, 865960, 2025-07-17 07:25:00, 866395, 2025-07-18 07:25:00, 866876, 2025-07-19 07:25:00, 867348, 2025-07-20 07:25:00, 867901, 2025-07-21 07:25:00, 868388, 2025-07-22 07:25:00, 868770, 2025-07-23 07:25:00, 869192, 2025-07-24 07:25:00, 869671, 2025-07-25 07:25:00, 870129, 2025-07-26 07:25:00, 870535, 2025-07-27 07:25:00, 871059, 2025-07-28 07:25:00, 871512, 2025-07-29 07:25:00, 872016, 2025-07-30 07:25:00, 872551, 
2025-07-01 07:30:00, 857655, 2025-07-02 07:30:00, 858221, 2025-07-03 07:30:00, 858778, 2025-07-04 07:30:00, 859352, 2025-07-05 07:30:00, 859945, 2025-07-06 07:30:00, 860524, 2025-07-07 07:30:00, 861097, 2025-07-08 07:30:00, 861598, 2025-07-09 07:30:00, 862156, 2025-07-10 07:30:00, 862720, 2025-07-11 07:30:00, 863319, 2025-07-12 07:30:00, 863854, 2025-07-13 07:30:00, 864415, 2025-07-14 07:30:00, 864932, 2025-07-15 07:30:00, 865446, 2025-07-16 07:30:00, 865961, 2025-07-17 07:30:00, 866396, 2025-07-18 07:30:00, 866876, 2025-07-19 07:30:00, 867349, 2025-07-20 07:30:00, 867901, 2025-07-21 07:30:00, 868388, 2025-07-22 07:30:00, 868770, 2025-07-23 07:30:00, 869192, 2025-07-24 07:30:00, 869671, 2025-07-25 07:30:00, 870129, 2025-07-26 07:30:00, 870536, 2025-07-27 07:30:00, 871059, 2025-07-28 07:30:00, 871512, 2025-07-29 07:30:00, 872017, 2025-07-30 07:30:00, 872552, 
2025-07-01 07:35:00, 857656, 2025-07-02 07:35:00, 858222, 2025-07-03 07:35:00, 858779, 2025-07-04 07:35:00, 859352, 2025-07-05 07:35:00, 859947, 2025-07-06 07:35:00, 860524, 2025-07-07 07:35:00, 861097, 2025-07-08 07:35:00, 861598, 2025-07-09 07:35:00, 862156, 2025-07-10 07:35:00, 862721, 2025-07-11 07:35:00, 863319, 2025-07-12 07:35:00, 863855, 2025-07-13 07:35:00, 864416, 2025-07-14 07:35:00, 864933, 2025-07-15 07:35:00, 865446, 2025-07-16 07:35:00, 865961, 2025-07-17 07:35:00, 866396, 2025-07-18 07:35:00, 866877, 2025-07-19 07:35:00, 867349, 2025-07-20 07:35:00, 867901, 2025-07-21 07:35:00, 868388, 2025-07-22 07:35:00, 868770, 2025-07-23 07:35:00, 869193, 2025-07-24 07:35:00, 869672, 2025-07-25 07:35:00, 870130, 2025-07-26 07:35:00, 870536, 2025-07-27 07:35:00, 871060, 2025-07-28 07:35:00, 871512, 2025-07-29 07:35:00, 872017, 2025-07-30 07:35:00, 872552, 
2025-07-01 07:40:00, 857657, 2025-07-02 07:40:00, 858222, 2025-07-03 07:40:00, 858779, 2025-07-04 07:40:00, 859354, 2025-07-05 07:40:00, 859949, 2025-07-06 07:40:00, 860525, 2025-07-07 07:40:00, 861097, 2025-07-08 07:40:00, 861599, 2025-07-09 07:40:00, 862157, 2025-07-10 07:40:00, 862722, 2025-07-11 07:40:00, 863320, 2025-07-12 07:40:00, 863855, 2025-07-13 07:40:00, 864416, 2025-07-14 07:40:00, 864933, 2025-07-15 07:40:00, 865446, 2025-07-16 07:40:00, 865961, 2025-07-17 07:40:00, 866396, 2025-07-18 07:40:00, 866877, 2025-07-19 07:40:00, 867349, 2025-07-20 07:40:00, 867901, 2025-07-21 07:40:00, 868389, 2025-07-22 07:40:00, 868771, 2025-07-23 07:40:00, 869193, 2025-07-24 07:40:00, 869672, 2025-07-25 07:40:00, 870130, 2025-07-26 07:40:00, 870537, 2025-07-27 07:40:00, 871060, 2025-07-28 07:40:00, 871513, 2025-07-29 07:40:00, 872018, 2025-07-30 07:40:00, 872553, 
2025-07-01 07:45:00, 857657, 2025-07-02 07:45:00, 858223, 2025-07-03 07:45:00, 858780, 2025-07-04 07:45:00, 859355, 2025-07-05 07:45:00, 859951, 2025-07-06 07:45:00, 860526, 2025-07-07 07:45:00, 861097, 2025-07-08 07:45:00, 861599, 2025-07-09 07:45:00, 862157, 2025-07-10 07:45:00, 862723, 2025-07-11 07:45:00, 863321, 2025-07-12 07:45:00, 863856, 2025-07-13 07:45:00, 864416, 2025-07-14 07:45:00, 864934, 2025-07-15 07:45:00, 865446, 2025-07-16 07:45:00, 865962, 2025-07-17 07:45:00, 866397, 2025-07-18 07:45:00, 866877, 2025-07-19 07:45:00, 867350, 2025-07-20 07:45:00, 867902, 2025-07-21 07:45:00, 868389, 2025-07-22 07:45:00, 868771, 2025-07-23 07:45:00, 869193, 2025-07-24 07:45:00, 869673, 2025-07-25 07:45:00, 870130, 2025-07-26 07:45:00, 870538, 2025-07-27 07:45:00, 871060, 2025-07-28 07:45:00, 871513, 2025-07-29 07:45:00, 872018, 2025-07-30 07:45:00, 872553, 
2025-07-01 07:50:00, 857658, 2025-07-02 07:50:00, 858224, 2025-07-03 07:50:00, 858781, 2025-07-04 07:50:00, 859356, 2025-07-05 07:50:00, 859953, 2025-07-06 07:50:00, 860527, 2025-07-07 07:50:00, 861098, 2025-07-08 07:50:00, 861600, 2025-07-09 07:50:00, 862158, 2025-07-10 07:50:00, 862724, 2025-07-11 07:50:00, 863322, 2025-07-12 07:50:00, 863856, 2025-07-13 07:50:00, 864417, 2025-07-14 07:50:00, 864934, 2025-07-15 07:50:00, 865447, 2025-07-16 07:50:00, 865962, 2025-07-17 07:50:00, 866397, 2025-07-18 07:50:00, 866878, 2025-07-19 07:50:00, 867350, 2025-07-20 07:50:00, 867902, 2025-07-21 07:50:00, 868389, 2025-07-22 07:50:00, 868772, 2025-07-23 07:50:00, 869194, 2025-07-24 07:50:00, 869673, 2025-07-25 07:50:00, 870131, 2025-07-26 07:50:00, 870539, 2025-07-27 07:50:00, 871061, 2025-07-28 07:50:00, 871514, 2025-07-29 07:50:00, 872019, 2025-07-30 07:50:00, 872553, 
2025-07-01 07:55:00, 857659, 2025-07-02 07:55:00, 858225, 2025-07-03 07:55:00, 858781, 2025-07-04 07:55:00, 859357, 2025-07-05 07:55:00, 859955, 2025-07-06 07:55:00, 860527, 2025-07-07 07:55:00, 861098, 2025-07-08 07:55:00, 861600, 2025-07-09 07:55:00, 862159, 2025-07-10 07:55:00, 862725, 2025-07-11 07:55:00, 863323, 2025-07-12 07:55:00, 863857, 2025-07-13 07:55:00, 864417, 2025-07-14 07:55:00, 864935, 2025-07-15 07:55:00, 865447, 2025-07-16 07:55:00, 865963, 2025-07-17 07:55:00, 866398, 2025-07-18 07:55:00, 866878, 2025-07-19 07:55:00, 867351, 2025-07-20 07:55:00, 867902, 2025-07-21 07:55:00, 868390, 2025-07-22 07:55:00, 868772, 2025-07-23 07:55:00, 869194, 2025-07-24 07:55:00, 869674, 2025-07-25 07:55:00, 870131, 2025-07-26 07:55:00, 870540, 2025-07-27 07:55:00, 871061, 2025-07-28 07:55:00, 871514, 2025-07-29 07:55:00, 872019, 2025-07-30 07:55:00, 872554, 
2025-07-01 08:00:00, 857660, 2025-07-02 08:00:00, 858226, 2025-07-03 08:00:00, 858782, 2025-07-04 08:00:00, 859359, 2025-07-05 08:00:00, 859957, 2025-07-06 08:00:00, 860528, 2025-07-07 08:00:00, 861098, 2025-07-08 08:00:00, 861601, 2025-07-09 08:00:00, 862159, 2025-07-10 08:00:00, 862726, 2025-07-11 08:00:00, 863323, 2025-07-12 08:00:00, 863857, 2025-07-13 08:00:00, 864418, 2025-07-14 08:00:00, 864935, 2025-07-15 08:00:00, 865447, 2025-07-16 08:00:00, 865963, 2025-07-17 08:00:00, 866398, 2025-07-18 08:00:00, 866878, 2025-07-19 08:00:00, 867351, 2025-07-20 08:00:00, 867903, 2025-07-21 08:00:00, 868390, 2025-07-22 08:00:00, 868773, 2025-07-23 08:00:00, 869195, 2025-07-24 08:00:00, 869674, 2025-07-25 08:00:00, 870131, 2025-07-26 08:00:00, 870541, 2025-07-27 08:00:00, 871061, 2025-07-28 08:00:00, 871515, 2025-07-29 08:00:00, 872020, 2025-07-30 08:00:00, 872554, 
2025-07-01 08:05:00, 857661, 2025-07-02 08:05:00, 858227, 2025-07-03 08:05:00, 858783, 2025-07-04 08:05:00, 859362, 2025-07-05 08:05:00, 859960, 2025-07-06 08:05:00, 860529, 2025-07-07 08:05:00, 861099, 2025-07-08 08:05:00, 861601, 2025-07-09 08:05:00, 862160, 2025-07-10 08:05:00, 862728, 2025-07-11 08:05:00, 863324, 2025-07-12 08:05:00, 863858, 2025-07-13 08:05:00, 864418, 2025-07-14 08:05:00, 864936, 2025-07-15 08:05:00, 865448, 2025-07-16 08:05:00, 865964, 2025-07-17 08:05:00, 866399, 2025-07-18 08:05:00, 866879, 2025-07-19 08:05:00, 867352, 2025-07-20 08:05:00, 867903, 2025-07-21 08:05:00, 868390, 2025-07-22 08:05:00, 868773, 2025-07-23 08:05:00, 869195, 2025-07-24 08:05:00, 869675, 2025-07-25 08:05:00, 870132, 2025-07-26 08:05:00, 870542, 2025-07-27 08:05:00, 871062, 2025-07-28 08:05:00, 871516, 2025-07-29 08:05:00, 872020, 2025-07-30 08:05:00, 872555, 
2025-07-01 08:10:00, 857662, 2025-07-02 08:10:00, 858229, 2025-07-03 08:10:00, 858784, 2025-07-04 08:10:00, 859364, 2025-07-05 08:10:00, 859962, 2025-07-06 08:10:00, 860530, 2025-07-07 08:10:00, 861099, 2025-07-08 08:10:00, 861602, 2025-07-09 08:10:00, 862161, 2025-07-10 08:10:00, 862730, 2025-07-11 08:10:00, 863325, 2025-07-12 08:10:00, 863859, 2025-07-13 08:10:00, 864419, 2025-07-14 08:10:00, 864937, 2025-07-15 08:10:00, 865448, 2025-07-16 08:10:00, 865964, 2025-07-17 08:10:00, 866400, 2025-07-18 08:10:00, 866879, 2025-07-19 08:10:00, 867352, 2025-07-20 08:10:00, 867904, 2025-07-21 08:10:00, 868391, 2025-07-22 08:10:00, 868774, 2025-07-23 08:10:00, 869195, 2025-07-24 08:10:00, 869675, 2025-07-25 08:10:00, 870132, 2025-07-26 08:10:00, 870543, 2025-07-27 08:10:00, 871062, 2025-07-28 08:10:00, 871516, 2025-07-29 08:10:00, 872021, 2025-07-30 08:10:00, 872556, 
2025-07-01 08:15:00, 857663, 2025-07-02 08:15:00, 858230, 2025-07-03 08:15:00, 858785, 2025-07-04 08:15:00, 859367, 2025-07-05 08:15:00, 859965, 2025-07-06 08:15:00, 860532, 2025-07-07 08:15:00, 861100, 2025-07-08 08:15:00, 861603, 2025-07-09 08:15:00, 862162, 2025-07-10 08:15:00, 862733, 2025-07-11 08:15:00, 863326, 2025-07-12 08:15:00, 863860, 2025-07-13 08:15:00, 864420, 2025-07-14 08:15:00, 864937, 2025-07-15 08:15:00, 865449, 2025-07-16 08:15:00, 865965, 2025-07-17 08:15:00, 866400, 2025-07-18 08:15:00, 866879, 2025-07-19 08:15:00, 867353, 2025-07-20 08:15:00, 867904, 2025-07-21 08:15:00, 868391, 2025-07-22 08:15:00, 868774, 2025-07-23 08:15:00, 869196, 2025-07-24 08:15:00, 869676, 2025-07-25 08:15:00, 870133, 2025-07-26 08:15:00, 870544, 2025-07-27 08:15:00, 871063, 2025-07-28 08:15:00, 871517, 2025-07-29 08:15:00, 872022, 2025-07-30 08:15:00, 872556, 
2025-07-01 08:20:00, 857664, 2025-07-02 08:20:00, 858231, 2025-07-03 08:20:00, 858786, 2025-07-04 08:20:00, 859370, 2025-07-05 08:20:00, 859968, 2025-07-06 08:20:00, 860533, 2025-07-07 08:20:00, 861100, 2025-07-08 08:20:00, 861603, 2025-07-09 08:20:00, 862163, 2025-07-10 08:20:00, 862735, 2025-07-11 08:20:00, 863326, 2025-07-12 08:20:00, 863861, 2025-07-13 08:20:00, 864420, 2025-07-14 08:20:00, 864938, 2025-07-15 08:20:00, 865449, 2025-07-16 08:20:00, 865965, 2025-07-17 08:20:00, 866401, 2025-07-18 08:20:00, 866880, 2025-07-19 08:20:00, 867354, 2025-07-20 08:20:00, 867905, 2025-07-21 08:20:00, 868392, 2025-07-22 08:20:00, 868775, 2025-07-23 08:20:00, 869196, 2025-07-24 08:20:00, 869676, 2025-07-25 08:20:00, 870133, 2025-07-26 08:20:00, 870546, 2025-07-27 08:20:00, 871064, 2025-07-28 08:20:00, 871518, 2025-07-29 08:20:00, 872022, 2025-07-30 08:20:00, 872557, 
2025-07-01 08:25:00, 857665, 2025-07-02 08:25:00, 858233, 2025-07-03 08:25:00, 858788, 2025-07-04 08:25:00, 859374, 2025-07-05 08:25:00, 859971, 2025-07-06 08:25:00, 860535, 2025-07-07 08:25:00, 861100, 2025-07-08 08:25:00, 861604, 2025-07-09 08:25:00, 862164, 2025-07-10 08:25:00, 862738, 2025-07-11 08:25:00, 863327, 2025-07-12 08:25:00, 863862, 2025-07-13 08:25:00, 864421, 2025-07-14 08:25:00, 864939, 2025-07-15 08:25:00, 865450, 2025-07-16 08:25:00, 865966, 2025-07-17 08:25:00, 866402, 2025-07-18 08:25:00, 866880, 2025-07-19 08:25:00, 867354, 2025-07-20 08:25:00, 867905, 2025-07-21 08:25:00, 868393, 2025-07-22 08:25:00, 868775, 2025-07-23 08:25:00, 869197, 2025-07-24 08:25:00, 869677, 2025-07-25 08:25:00, 870134, 2025-07-26 08:25:00, 870547, 2025-07-27 08:25:00, 871064, 2025-07-28 08:25:00, 871519, 2025-07-29 08:25:00, 872023, 2025-07-30 08:25:00, 872558, 
2025-07-01 08:30:00, 857666, 2025-07-02 08:30:00, 858234, 2025-07-03 08:30:00, 858790, 2025-07-04 08:30:00, 859377, 2025-07-05 08:30:00, 859974, 2025-07-06 08:30:00, 860537, 2025-07-07 08:30:00, 861101, 2025-07-08 08:30:00, 861605, 2025-07-09 08:30:00, 862166, 2025-07-10 08:30:00, 862741, 2025-07-11 08:30:00, 863328, 2025-07-12 08:30:00, 863863, 2025-07-13 08:30:00, 864422, 2025-07-14 08:30:00, 864940, 2025-07-15 08:30:00, 865451, 2025-07-16 08:30:00, 865967, 2025-07-17 08:30:00, 866403, 2025-07-18 08:30:00, 866881, 2025-07-19 08:30:00, 867355, 2025-07-20 08:30:00, 867906, 2025-07-21 08:30:00, 868393, 2025-07-22 08:30:00, 868776, 2025-07-23 08:30:00, 869197, 2025-07-24 08:30:00, 869677, 2025-07-25 08:30:00, 870134, 2025-07-26 08:30:00, 870548, 2025-07-27 08:30:00, 871065, 2025-07-28 08:30:00, 871519, 2025-07-29 08:30:00, 872024, 2025-07-30 08:30:00, 872559, 
2025-07-01 08:35:00, 857668, 2025-07-02 08:35:00, 858235, 2025-07-03 08:35:00, 858793, 2025-07-04 08:35:00, 859381, 2025-07-05 08:35:00, 859977, 2025-07-06 08:35:00, 860539, 2025-07-07 08:35:00, 861102, 2025-07-08 08:35:00, 861606, 2025-07-09 08:35:00, 862167, 2025-07-10 08:35:00, 862745, 2025-07-11 08:35:00, 863328, 2025-07-12 08:35:00, 863864, 2025-07-13 08:35:00, 864422, 2025-07-14 08:35:00, 864941, 2025-07-15 08:35:00, 865451, 2025-07-16 08:35:00, 865968, 2025-07-17 08:35:00, 866403, 2025-07-18 08:35:00, 866881, 2025-07-19 08:35:00, 867356, 2025-07-20 08:35:00, 867906, 2025-07-21 08:35:00, 868394, 2025-07-22 08:35:00, 868777, 2025-07-23 08:35:00, 869198, 2025-07-24 08:35:00, 869678, 2025-07-25 08:35:00, 870135, 2025-07-26 08:35:00, 870550, 2025-07-27 08:35:00, 871065, 2025-07-28 08:35:00, 871520, 2025-07-29 08:35:00, 872025, 2025-07-30 08:35:00, 872560, 
2025-07-01 08:40:00, 857669, 2025-07-02 08:40:00, 858237, 2025-07-03 08:40:00, 858795, 2025-07-04 08:40:00, 859385, 2025-07-05 08:40:00, 859981, 2025-07-06 08:40:00, 860541, 2025-07-07 08:40:00, 861102, 2025-07-08 08:40:00, 861607, 2025-07-09 08:40:00, 862168, 2025-07-10 08:40:00, 862748, 2025-07-11 08:40:00, 863329, 2025-07-12 08:40:00, 863867, 2025-07-13 08:40:00, 864423, 2025-07-14 08:40:00, 864942, 2025-07-15 08:40:00, 865452, 2025-07-16 08:40:00, 865969, 2025-07-17 08:40:00, 866404, 2025-07-18 08:40:00, 866882, 2025-07-19 08:40:00, 867357, 2025-07-20 08:40:00, 867907, 2025-07-21 08:40:00, 868394, 2025-07-22 08:40:00, 868777, 2025-07-23 08:40:00, 869199, 2025-07-24 08:40:00, 869679, 2025-07-25 08:40:00, 870136, 2025-07-26 08:40:00, 870551, 2025-07-27 08:40:00, 871066, 2025-07-28 08:40:00, 871521, 2025-07-29 08:40:00, 872027, 2025-07-30 08:40:00, 872561, 
2025-07-01 08:45:00, 857670, 2025-07-02 08:45:00, 858239, 2025-07-03 08:45:00, 858799, 2025-07-04 08:45:00, 859388, 2025-07-05 08:45:00, 859984, 2025-07-06 08:45:00, 860545, 2025-07-07 08:45:00, 861103, 2025-07-08 08:45:00, 861609, 2025-07-09 08:45:00, 862170, 2025-07-10 08:45:00, 862752, 2025-07-11 08:45:00, 863330, 2025-07-12 08:45:00, 863869, 2025-07-13 08:45:00, 864424, 2025-07-14 08:45:00, 864942, 2025-07-15 08:45:00, 865453, 2025-07-16 08:45:00, 865970, 2025-07-17 08:45:00, 866405, 2025-07-18 08:45:00, 866882, 2025-07-19 08:45:00, 867358, 2025-07-20 08:45:00, 867908, 2025-07-21 08:45:00, 868395, 2025-07-22 08:45:00, 868778, 2025-07-23 08:45:00, 869199, 2025-07-24 08:45:00, 869679, 2025-07-25 08:45:00, 870137, 2025-07-26 08:45:00, 870553, 2025-07-27 08:45:00, 871067, 2025-07-28 08:45:00, 871522, 2025-07-29 08:45:00, 872029, 2025-07-30 08:45:00, 872562, 
2025-07-01 08:50:00, 857672, 2025-07-02 08:50:00, 858241, 2025-07-03 08:50:00, 858803, 2025-07-04 08:50:00, 859392, 2025-07-05 08:50:00, 859988, 2025-07-06 08:50:00, 860549, 2025-07-07 08:50:00, 861103, 2025-07-08 08:50:00, 861610, 2025-07-09 08:50:00, 862171, 2025-07-10 08:50:00, 862756, 2025-07-11 08:50:00, 863332, 2025-07-12 08:50:00, 863873, 2025-07-13 08:50:00, 864425, 2025-07-14 08:50:00, 864943, 2025-07-15 08:50:00, 865454, 2025-07-16 08:50:00, 865971, 2025-07-17 08:50:00, 866406, 2025-07-18 08:50:00, 866883, 2025-07-19 08:50:00, 867360, 2025-07-20 08:50:00, 867908, 2025-07-21 08:50:00, 868395, 2025-07-22 08:50:00, 868779, 2025-07-23 08:50:00, 869200, 2025-07-24 08:50:00, 869680, 2025-07-25 08:50:00, 870138, 2025-07-26 08:50:00, 870555, 2025-07-27 08:50:00, 871068, 2025-07-28 08:50:00, 871523, 2025-07-29 08:50:00, 872032, 2025-07-30 08:50:00, 872564, 
2025-07-01 08:55:00, 857673, 2025-07-02 08:55:00, 858244, 2025-07-03 08:55:00, 858806, 2025-07-04 08:55:00, 859396, 2025-07-05 08:55:00, 859992, 2025-07-06 08:55:00, 860553, 2025-07-07 08:55:00, 861104, 2025-07-08 08:55:00, 861612, 2025-07-09 08:55:00, 862173, 2025-07-10 08:55:00, 862760, 2025-07-11 08:55:00, 863333, 2025-07-12 08:55:00, 863876, 2025-07-13 08:55:00, 864426, 2025-07-14 08:55:00, 864945, 2025-07-15 08:55:00, 865455, 2025-07-16 08:55:00, 865972, 2025-07-17 08:55:00, 866407, 2025-07-18 08:55:00, 866883, 2025-07-19 08:55:00, 867362, 2025-07-20 08:55:00, 867909, 2025-07-21 08:55:00, 868396, 2025-07-22 08:55:00, 868780, 2025-07-23 08:55:00, 869201, 2025-07-24 08:55:00, 869681, 2025-07-25 08:55:00, 870139, 2025-07-26 08:55:00, 870557, 2025-07-27 08:55:00, 871068, 2025-07-28 08:55:00, 871525, 2025-07-29 08:55:00, 872034, 2025-07-30 08:55:00, 872565, 
2025-07-01 09:00:00, 857675, 2025-07-02 09:00:00, 858247, 2025-07-03 09:00:00, 858810, 2025-07-04 09:00:00, 859400, 2025-07-05 09:00:00, 859996, 2025-07-06 09:00:00, 860557, 2025-07-07 09:00:00, 861105, 2025-07-08 09:00:00, 861614, 2025-07-09 09:00:00, 862175, 2025-07-10 09:00:00, 862764, 2025-07-11 09:00:00, 863334, 2025-07-12 09:00:00, 863880, 2025-07-13 09:00:00, 864427, 2025-07-14 09:00:00, 864946, 2025-07-15 09:00:00, 865456, 2025-07-16 09:00:00, 865973, 2025-07-17 09:00:00, 866407, 2025-07-18 09:00:00, 866884, 2025-07-19 09:00:00, 867366, 2025-07-20 09:00:00, 867910, 2025-07-21 09:00:00, 868397, 2025-07-22 09:00:00, 868781, 2025-07-23 09:00:00, 869202, 2025-07-24 09:00:00, 869682, 2025-07-25 09:00:00, 870140, 2025-07-26 09:00:00, 870559, 2025-07-27 09:00:00, 871069, 2025-07-28 09:00:00, 871526, 2025-07-29 09:00:00, 872036, 2025-07-30 09:00:00, 872566, 
2025-07-01 09:05:00, 857677, 2025-07-02 09:05:00, 858249, 2025-07-03 09:05:00, 858815, 2025-07-04 09:05:00, 859404, 2025-07-05 09:05:00, 860000, 2025-07-06 09:05:00, 860561, 2025-07-07 09:05:00, 861105, 2025-07-08 09:05:00, 861616, 2025-07-09 09:05:00, 862177, 2025-07-10 09:05:00, 862768, 2025-07-11 09:05:00, 863335, 2025-07-12 09:05:00, 863884, 2025-07-13 09:05:00, 864428, 2025-07-14 09:05:00, 864947, 2025-07-15 09:05:00, 865457, 2025-07-16 09:05:00, 865974, 2025-07-17 09:05:00, 866408, 2025-07-18 09:05:00, 866885, 2025-07-19 09:05:00, 867369, 2025-07-20 09:05:00, 867911, 2025-07-21 09:05:00, 868397, 2025-07-22 09:05:00, 868782, 2025-07-23 09:05:00, 869203, 2025-07-24 09:05:00, 869682, 2025-07-25 09:05:00, 870141, 2025-07-26 09:05:00, 870561, 2025-07-27 09:05:00, 871070, 2025-07-28 09:05:00, 871527, 2025-07-29 09:05:00, 872038, 2025-07-30 09:05:00, 872568, 
2025-07-01 09:10:00, 857682, 2025-07-02 09:10:00, 858251, 2025-07-03 09:10:00, 858819, 2025-07-04 09:10:00, 859408, 2025-07-05 09:10:00, 860004, 2025-07-06 09:10:00, 860565, 2025-07-07 09:10:00, 861106, 2025-07-08 09:10:00, 861618, 2025-07-09 09:10:00, 862180, 2025-07-10 09:10:00, 862773, 2025-07-11 09:10:00, 863336, 2025-07-12 09:10:00, 863888, 2025-07-13 09:10:00, 864429, 2025-07-14 09:10:00, 864948, 2025-07-15 09:10:00, 865458, 2025-07-16 09:10:00, 865975, 2025-07-17 09:10:00, 866409, 2025-07-18 09:10:00, 866885, 2025-07-19 09:10:00, 867373, 2025-07-20 09:10:00, 867912, 2025-07-21 09:10:00, 868398, 2025-07-22 09:10:00, 868783, 2025-07-23 09:10:00, 869204, 2025-07-24 09:10:00, 869683, 2025-07-25 09:10:00, 870142, 2025-07-26 09:10:00, 870565, 2025-07-27 09:10:00, 871071, 2025-07-28 09:10:00, 871529, 2025-07-29 09:10:00, 872042, 2025-07-30 09:10:00, 872570, 
2025-07-01 09:15:00, 857685, 2025-07-02 09:15:00, 858254, 2025-07-03 09:15:00, 858823, 2025-07-04 09:15:00, 859413, 2025-07-05 09:15:00, 860008, 2025-07-06 09:15:00, 860569, 2025-07-07 09:15:00, 861107, 2025-07-08 09:15:00, 861620, 2025-07-09 09:15:00, 862182, 2025-07-10 09:15:00, 862777, 2025-07-11 09:15:00, 863338, 2025-07-12 09:15:00, 863893, 2025-07-13 09:15:00, 864430, 2025-07-14 09:15:00, 864949, 2025-07-15 09:15:00, 865459, 2025-07-16 09:15:00, 865976, 2025-07-17 09:15:00, 866410, 2025-07-18 09:15:00, 866886, 2025-07-19 09:15:00, 867377, 2025-07-20 09:15:00, 867913, 2025-07-21 09:15:00, 868399, 2025-07-22 09:15:00, 868784, 2025-07-23 09:15:00, 869205, 2025-07-24 09:15:00, 869684, 2025-07-25 09:15:00, 870143, 2025-07-26 09:15:00, 870568, 2025-07-27 09:15:00, 871072, 2025-07-28 09:15:00, 871531, 2025-07-29 09:15:00, 872045, 2025-07-30 09:15:00, 872572, 
2025-07-01 09:20:00, 857689, 2025-07-02 09:20:00, 858257, 2025-07-03 09:20:00, 858828, 2025-07-04 09:20:00, 859418, 2025-07-05 09:20:00, 860012, 2025-07-06 09:20:00, 860574, 2025-07-07 09:20:00, 861107, 2025-07-08 09:20:00, 861623, 2025-07-09 09:20:00, 862185, 2025-07-10 09:20:00, 862782, 2025-07-11 09:20:00, 863340, 2025-07-12 09:20:00, 863897, 2025-07-13 09:20:00, 864432, 2025-07-14 09:20:00, 864951, 2025-07-15 09:20:00, 865460, 2025-07-16 09:20:00, 865977, 2025-07-17 09:20:00, 866411, 2025-07-18 09:20:00, 866886, 2025-07-19 09:20:00, 867380, 2025-07-20 09:20:00, 867914, 2025-07-21 09:20:00, 868399, 2025-07-22 09:20:00, 868785, 2025-07-23 09:20:00, 869205, 2025-07-24 09:20:00, 869685, 2025-07-25 09:20:00, 870144, 2025-07-26 09:20:00, 870571, 2025-07-27 09:20:00, 871073, 2025-07-28 09:20:00, 871534, 2025-07-29 09:20:00, 872049, 2025-07-30 09:20:00, 872573, 
2025-07-01 09:25:00, 857693, 2025-07-02 09:25:00, 858260, 2025-07-03 09:25:00, 858832, 2025-07-04 09:25:00, 859422, 2025-07-05 09:25:00, 860016, 2025-07-06 09:25:00, 860578, 2025-07-07 09:25:00, 861108, 2025-07-08 09:25:00, 861625, 2025-07-09 09:25:00, 862188, 2025-07-10 09:25:00, 862786, 2025-07-11 09:25:00, 863343, 2025-07-12 09:25:00, 863901, 2025-07-13 09:25:00, 864433, 2025-07-14 09:25:00, 864953, 2025-07-15 09:25:00, 865461, 2025-07-16 09:25:00, 865978, 2025-07-17 09:25:00, 866412, 2025-07-18 09:25:00, 866887, 2025-07-19 09:25:00, 867385, 2025-07-20 09:25:00, 867916, 2025-07-21 09:25:00, 868400, 2025-07-22 09:25:00, 868786, 2025-07-23 09:25:00, 869207, 2025-07-24 09:25:00, 869686, 2025-07-25 09:25:00, 870145, 2025-07-26 09:25:00, 870575, 2025-07-27 09:25:00, 871074, 2025-07-28 09:25:00, 871537, 2025-07-29 09:25:00, 872054, 2025-07-30 09:25:00, 872574, 
2025-07-01 09:30:00, 857698, 2025-07-02 09:30:00, 858265, 2025-07-03 09:30:00, 858837, 2025-07-04 09:30:00, 859427, 2025-07-05 09:30:00, 860021, 2025-07-06 09:30:00, 860583, 2025-07-07 09:30:00, 861110, 2025-07-08 09:30:00, 861629, 2025-07-09 09:30:00, 862193, 2025-07-10 09:30:00, 862791, 2025-07-11 09:30:00, 863345, 2025-07-12 09:30:00, 863906, 2025-07-13 09:30:00, 864435, 2025-07-14 09:30:00, 864954, 2025-07-15 09:30:00, 865462, 2025-07-16 09:30:00, 865979, 2025-07-17 09:30:00, 866413, 2025-07-18 09:30:00, 866888, 2025-07-19 09:30:00, 867390, 2025-07-20 09:30:00, 867917, 2025-07-21 09:30:00, 868401, 2025-07-22 09:30:00, 868787, 2025-07-23 09:30:00, 869208, 2025-07-24 09:30:00, 869687, 2025-07-25 09:30:00, 870146, 2025-07-26 09:30:00, 870579, 2025-07-27 09:30:00, 871075, 2025-07-28 09:30:00, 871541, 2025-07-29 09:30:00, 872058, 2025-07-30 09:30:00, 872576, 
2025-07-01 09:35:00, 857702, 2025-07-02 09:35:00, 858270, 2025-07-03 09:35:00, 858842, 2025-07-04 09:35:00, 859432, 2025-07-05 09:35:00, 860025, 2025-07-06 09:35:00, 860588, 2025-07-07 09:35:00, 861111, 2025-07-08 09:35:00, 861634, 2025-07-09 09:35:00, 862197, 2025-07-10 09:35:00, 862796, 2025-07-11 09:35:00, 863350, 2025-07-12 09:35:00, 863910, 2025-07-13 09:35:00, 864437, 2025-07-14 09:35:00, 864956, 2025-07-15 09:35:00, 865464, 2025-07-16 09:35:00, 865980, 2025-07-17 09:35:00, 866414, 2025-07-18 09:35:00, 866889, 2025-07-19 09:35:00, 867394, 2025-07-20 09:35:00, 867918, 2025-07-21 09:35:00, 868402, 2025-07-22 09:35:00, 868788, 2025-07-23 09:35:00, 869209, 2025-07-24 09:35:00, 869688, 2025-07-25 09:35:00, 870147, 2025-07-26 09:35:00, 870584, 2025-07-27 09:35:00, 871076, 2025-07-28 09:35:00, 871546, 2025-07-29 09:35:00, 872062, 2025-07-30 09:35:00, 872578, 
2025-07-01 09:40:00, 857707, 2025-07-02 09:40:00, 858275, 2025-07-03 09:40:00, 858846, 2025-07-04 09:40:00, 859437, 2025-07-05 09:40:00, 860030, 2025-07-06 09:40:00, 860593, 2025-07-07 09:40:00, 861112, 2025-07-08 09:40:00, 861639, 2025-07-09 09:40:00, 862202, 2025-07-10 09:40:00, 862801, 2025-07-11 09:40:00, 863354, 2025-07-12 09:40:00, 863915, 2025-07-13 09:40:00, 864441, 2025-07-14 09:40:00, 864958, 2025-07-15 09:40:00, 865466, 2025-07-16 09:40:00, 865980, 2025-07-17 09:40:00, 866415, 2025-07-18 09:40:00, 866889, 2025-07-19 09:40:00, 867399, 2025-07-20 09:40:00, 867920, 2025-07-21 09:40:00, 868402, 2025-07-22 09:40:00, 868789, 2025-07-23 09:40:00, 869210, 2025-07-24 09:40:00, 869689, 2025-07-25 09:40:00, 870148, 2025-07-26 09:40:00, 870589, 2025-07-27 09:40:00, 871077, 2025-07-28 09:40:00, 871551, 2025-07-29 09:40:00, 872068, 2025-07-30 09:40:00, 872583, 
2025-07-01 09:45:00, 857712, 2025-07-02 09:45:00, 858280, 2025-07-03 09:45:00, 858851, 2025-07-04 09:45:00, 859441, 2025-07-05 09:45:00, 860034, 2025-07-06 09:45:00, 860597, 2025-07-07 09:45:00, 861113, 2025-07-08 09:45:00, 861644, 2025-07-09 09:45:00, 862207, 2025-07-10 09:45:00, 862806, 2025-07-11 09:45:00, 863359, 2025-07-12 09:45:00, 863919, 2025-07-13 09:45:00, 864445, 2025-07-14 09:45:00, 864961, 2025-07-15 09:45:00, 865469, 2025-07-16 09:45:00, 865981, 2025-07-17 09:45:00, 866416, 2025-07-18 09:45:00, 866890, 2025-07-19 09:45:00, 867403, 2025-07-20 09:45:00, 867922, 2025-07-21 09:45:00, 868403, 2025-07-22 09:45:00, 868791, 2025-07-23 09:45:00, 869211, 2025-07-24 09:45:00, 869690, 2025-07-25 09:45:00, 870149, 2025-07-26 09:45:00, 870594, 2025-07-27 09:45:00, 871078, 2025-07-28 09:45:00, 871555, 2025-07-29 09:45:00, 872072, 2025-07-30 09:45:00, 872586, 
2025-07-01 09:50:00, 857717, 2025-07-02 09:50:00, 858285, 2025-07-03 09:50:00, 858856, 2025-07-04 09:50:00, 859446, 2025-07-05 09:50:00, 860039, 2025-07-06 09:50:00, 860602, 2025-07-07 09:50:00, 861115, 2025-07-08 09:50:00, 861648, 2025-07-09 09:50:00, 862212, 2025-07-10 09:50:00, 862811, 2025-07-11 09:50:00, 863364, 2025-07-12 09:50:00, 863924, 2025-07-13 09:50:00, 864447, 2025-07-14 09:50:00, 864963, 2025-07-15 09:50:00, 865474, 2025-07-16 09:50:00, 865982, 2025-07-17 09:50:00, 866417, 2025-07-18 09:50:00, 866891, 2025-07-19 09:50:00, 867408, 2025-07-20 09:50:00, 867924, 2025-07-21 09:50:00, 868404, 2025-07-22 09:50:00, 868792, 2025-07-23 09:50:00, 869213, 2025-07-24 09:50:00, 869691, 2025-07-25 09:50:00, 870150, 2025-07-26 09:50:00, 870598, 2025-07-27 09:50:00, 871079, 2025-07-28 09:50:00, 871560, 2025-07-29 09:50:00, 872077, 2025-07-30 09:50:00, 872589, 
2025-07-01 09:55:00, 857722, 2025-07-02 09:55:00, 858289, 2025-07-03 09:55:00, 858860, 2025-07-04 09:55:00, 859451, 2025-07-05 09:55:00, 860044, 2025-07-06 09:55:00, 860607, 2025-07-07 09:55:00, 861116, 2025-07-08 09:55:00, 861653, 2025-07-09 09:55:00, 862217, 2025-07-10 09:55:00, 862815, 2025-07-11 09:55:00, 863369, 2025-07-12 09:55:00, 863929, 2025-07-13 09:55:00, 864452, 2025-07-14 09:55:00, 864967, 2025-07-15 09:55:00, 865479, 2025-07-16 09:55:00, 865983, 2025-07-17 09:55:00, 866418, 2025-07-18 09:55:00, 866892, 2025-07-19 09:55:00, 867413, 2025-07-20 09:55:00, 867926, 2025-07-21 09:55:00, 868404, 2025-07-22 09:55:00, 868794, 2025-07-23 09:55:00, 869214, 2025-07-24 09:55:00, 869692, 2025-07-25 09:55:00, 870151, 2025-07-26 09:55:00, 870603, 2025-07-27 09:55:00, 871080, 2025-07-28 09:55:00, 871565, 2025-07-29 09:55:00, 872081, 2025-07-30 09:55:00, 872594, 
2025-07-01 10:00:00, 857727, 2025-07-02 10:00:00, 858294, 2025-07-03 10:00:00, 858865, 2025-07-04 10:00:00, 859456, 2025-07-05 10:00:00, 860048, 2025-07-06 10:00:00, 860611, 2025-07-07 10:00:00, 861118, 2025-07-08 10:00:00, 861658, 2025-07-09 10:00:00, 862221, 2025-07-10 10:00:00, 862820, 2025-07-11 10:00:00, 863373, 2025-07-12 10:00:00, 863933, 2025-07-13 10:00:00, 864456, 2025-07-14 10:00:00, 864971, 2025-07-15 10:00:00, 865484, 2025-07-16 10:00:00, 865985, 2025-07-17 10:00:00, 866419, 2025-07-18 10:00:00, 866893, 2025-07-19 10:00:00, 867418, 2025-07-20 10:00:00, 867928, 2025-07-21 10:00:00, 868405, 2025-07-22 10:00:00, 868795, 2025-07-23 10:00:00, 869216, 2025-07-24 10:00:00, 869693, 2025-07-25 10:00:00, 870153, 2025-07-26 10:00:00, 870608, 2025-07-27 10:00:00, 871081, 2025-07-28 10:00:00, 871570, 2025-07-29 10:00:00, 872086, 2025-07-30 10:00:00, 872597, 
2025-07-01 10:05:00, 857731, 2025-07-02 10:05:00, 858299, 2025-07-03 10:05:00, 858871, 2025-07-04 10:05:00, 859461, 2025-07-05 10:05:00, 860052, 2025-07-06 10:05:00, 860616, 2025-07-07 10:05:00, 861120, 2025-07-08 10:05:00, 861663, 2025-07-09 10:05:00, 862226, 2025-07-10 10:05:00, 862825, 2025-07-11 10:05:00, 863378, 2025-07-12 10:05:00, 863938, 2025-07-13 10:05:00, 864461, 2025-07-14 10:05:00, 864976, 2025-07-15 10:05:00, 865488, 2025-07-16 10:05:00, 865987, 2025-07-17 10:05:00, 866420, 2025-07-18 10:05:00, 866893, 2025-07-19 10:05:00, 867422, 2025-07-20 10:05:00, 867930, 2025-07-21 10:05:00, 868406, 2025-07-22 10:05:00, 868796, 2025-07-23 10:05:00, 869218, 2025-07-24 10:05:00, 869695, 2025-07-25 10:05:00, 870155, 2025-07-26 10:05:00, 870613, 2025-07-27 10:05:00, 871083, 2025-07-28 10:05:00, 871574, 2025-07-29 10:05:00, 872091, 2025-07-30 10:05:00, 872602, 
2025-07-01 10:10:00, 857736, 2025-07-02 10:10:00, 858304, 2025-07-03 10:10:00, 858875, 2025-07-04 10:10:00, 859466, 2025-07-05 10:10:00, 860057, 2025-07-06 10:10:00, 860621, 2025-07-07 10:10:00, 861121, 2025-07-08 10:10:00, 861668, 2025-07-09 10:10:00, 862231, 2025-07-10 10:10:00, 862830, 2025-07-11 10:10:00, 863383, 2025-07-12 10:10:00, 863942, 2025-07-13 10:10:00, 864466, 2025-07-14 10:10:00, 864979, 2025-07-15 10:10:00, 865493, 2025-07-16 10:10:00, 865988, 2025-07-17 10:10:00, 866422, 2025-07-18 10:10:00, 866894, 2025-07-19 10:10:00, 867427, 2025-07-20 10:10:00, 867933, 2025-07-21 10:10:00, 868407, 2025-07-22 10:10:00, 868797, 2025-07-23 10:10:00, 869220, 2025-07-24 10:10:00, 869697, 2025-07-25 10:10:00, 870157, 2025-07-26 10:10:00, 870617, 2025-07-27 10:10:00, 871084, 2025-07-28 10:10:00, 871579, 2025-07-29 10:10:00, 872095, 2025-07-30 10:10:00, 872607, 
2025-07-01 10:15:00, 857741, 2025-07-02 10:15:00, 858309, 2025-07-03 10:15:00, 858880, 2025-07-04 10:15:00, 859471, 2025-07-05 10:15:00, 860062, 2025-07-06 10:15:00, 860626, 2025-07-07 10:15:00, 861123, 2025-07-08 10:15:00, 861673, 2025-07-09 10:15:00, 862236, 2025-07-10 10:15:00, 862835, 2025-07-11 10:15:00, 863387, 2025-07-12 10:15:00, 863947, 2025-07-13 10:15:00, 864470, 2025-07-14 10:15:00, 864984, 2025-07-15 10:15:00, 865497, 2025-07-16 10:15:00, 865990, 2025-07-17 10:15:00, 866423, 2025-07-18 10:15:00, 866896, 2025-07-19 10:15:00, 867432, 2025-07-20 10:15:00, 867937, 2025-07-21 10:15:00, 868408, 2025-07-22 10:15:00, 868799, 2025-07-23 10:15:00, 869222, 2025-07-24 10:15:00, 869699, 2025-07-25 10:15:00, 870158, 2025-07-26 10:15:00, 870622, 2025-07-27 10:15:00, 871086, 2025-07-28 10:15:00, 871583, 2025-07-29 10:15:00, 872100, 2025-07-30 10:15:00, 872611, 
2025-07-01 10:20:00, 857746, 2025-07-02 10:20:00, 858314, 2025-07-03 10:20:00, 858885, 2025-07-04 10:20:00, 859475, 2025-07-05 10:20:00, 860066, 2025-07-06 10:20:00, 860630, 2025-07-07 10:20:00, 861126, 2025-07-08 10:20:00, 861678, 2025-07-09 10:20:00, 862241, 2025-07-10 10:20:00, 862840, 2025-07-11 10:20:00, 863392, 2025-07-12 10:20:00, 863951, 2025-07-13 10:20:00, 864475, 2025-07-14 10:20:00, 864987, 2025-07-15 10:20:00, 865502, 2025-07-16 10:20:00, 865992, 2025-07-17 10:20:00, 866425, 2025-07-18 10:20:00, 866897, 2025-07-19 10:20:00, 867437, 2025-07-20 10:20:00, 867942, 2025-07-21 10:20:00, 868409, 2025-07-22 10:20:00, 868800, 2025-07-23 10:20:00, 869226, 2025-07-24 10:20:00, 869700, 2025-07-25 10:20:00, 870160, 2025-07-26 10:20:00, 870627, 2025-07-27 10:20:00, 871087, 2025-07-28 10:20:00, 871588, 2025-07-29 10:20:00, 872105, 2025-07-30 10:20:00, 872616, 
2025-07-01 10:25:00, 857751, 2025-07-02 10:25:00, 858319, 2025-07-03 10:25:00, 858890, 2025-07-04 10:25:00, 859480, 2025-07-05 10:25:00, 860071, 2025-07-06 10:25:00, 860635, 2025-07-07 10:25:00, 861131, 2025-07-08 10:25:00, 861682, 2025-07-09 10:25:00, 862246, 2025-07-10 10:25:00, 862845, 2025-07-11 10:25:00, 863397, 2025-07-12 10:25:00, 863956, 2025-07-13 10:25:00, 864480, 2025-07-14 10:25:00, 864991, 2025-07-15 10:25:00, 865507, 2025-07-16 10:25:00, 865993, 2025-07-17 10:25:00, 866426, 2025-07-18 10:25:00, 866899, 2025-07-19 10:25:00, 867441, 2025-07-20 10:25:00, 867945, 2025-07-21 10:25:00, 868410, 2025-07-22 10:25:00, 868801, 2025-07-23 10:25:00, 869231, 2025-07-24 10:25:00, 869703, 2025-07-25 10:25:00, 870162, 2025-07-26 10:25:00, 870631, 2025-07-27 10:25:00, 871090, 2025-07-28 10:25:00, 871592, 2025-07-29 10:25:00, 872109, 2025-07-30 10:25:00, 872621, 
2025-07-01 10:30:00, 857756, 2025-07-02 10:30:00, 858324, 2025-07-03 10:30:00, 858894, 2025-07-04 10:30:00, 859485, 2025-07-05 10:30:00, 860075, 2025-07-06 10:30:00, 860640, 2025-07-07 10:30:00, 861136, 2025-07-08 10:30:00, 861687, 2025-07-09 10:30:00, 862251, 2025-07-10 10:30:00, 862850, 2025-07-11 10:30:00, 863401, 2025-07-12 10:30:00, 863961, 2025-07-13 10:30:00, 864484, 2025-07-14 10:30:00, 864996, 2025-07-15 10:30:00, 865512, 2025-07-16 10:30:00, 865994, 2025-07-17 10:30:00, 866428, 2025-07-18 10:30:00, 866901, 2025-07-19 10:30:00, 867446, 2025-07-20 10:30:00, 867948, 2025-07-21 10:30:00, 868411, 2025-07-22 10:30:00, 868803, 2025-07-23 10:30:00, 869235, 2025-07-24 10:30:00, 869705, 2025-07-25 10:30:00, 870165, 2025-07-26 10:30:00, 870636, 2025-07-27 10:30:00, 871094, 2025-07-28 10:30:00, 871597, 2025-07-29 10:30:00, 872114, 2025-07-30 10:30:00, 872626, 
2025-07-01 10:35:00, 857761, 2025-07-02 10:35:00, 858328, 2025-07-03 10:35:00, 858899, 2025-07-04 10:35:00, 859490, 2025-07-05 10:35:00, 860080, 2025-07-06 10:35:00, 860645, 2025-07-07 10:35:00, 861140, 2025-07-08 10:35:00, 861692, 2025-07-09 10:35:00, 862256, 2025-07-10 10:35:00, 862854, 2025-07-11 10:35:00, 863406, 2025-07-12 10:35:00, 863966, 2025-07-13 10:35:00, 864489, 2025-07-14 10:35:00, 865001, 2025-07-15 10:35:00, 865516, 2025-07-16 10:35:00, 865996, 2025-07-17 10:35:00, 866430, 2025-07-18 10:35:00, 866904, 2025-07-19 10:35:00, 867451, 2025-07-20 10:35:00, 867952, 2025-07-21 10:35:00, 868413, 2025-07-22 10:35:00, 868804, 2025-07-23 10:35:00, 869239, 2025-07-24 10:35:00, 869708, 2025-07-25 10:35:00, 870169, 2025-07-26 10:35:00, 870641, 2025-07-27 10:35:00, 871098, 2025-07-28 10:35:00, 871602, 2025-07-29 10:35:00, 872119, 2025-07-30 10:35:00, 872630, 
2025-07-01 10:40:00, 857765, 2025-07-02 10:40:00, 858333, 2025-07-03 10:40:00, 858904, 2025-07-04 10:40:00, 859494, 2025-07-05 10:40:00, 860084, 2025-07-06 10:40:00, 860650, 2025-07-07 10:40:00, 861146, 2025-07-08 10:40:00, 861697, 2025-07-09 10:40:00, 862261, 2025-07-10 10:40:00, 862859, 2025-07-11 10:40:00, 863410, 2025-07-12 10:40:00, 863970, 2025-07-13 10:40:00, 864494, 2025-07-14 10:40:00, 865006, 2025-07-15 10:40:00, 865521, 2025-07-16 10:40:00, 865997, 2025-07-17 10:40:00, 866433, 2025-07-18 10:40:00, 866907, 2025-07-19 10:40:00, 867456, 2025-07-20 10:40:00, 867957, 2025-07-21 10:40:00, 868414, 2025-07-22 10:40:00, 868806, 2025-07-23 10:40:00, 869243, 2025-07-24 10:40:00, 869711, 2025-07-25 10:40:00, 870174, 2025-07-26 10:40:00, 870646, 2025-07-27 10:40:00, 871101, 2025-07-28 10:40:00, 871606, 2025-07-29 10:40:00, 872123, 2025-07-30 10:40:00, 872635, 
2025-07-01 10:45:00, 857770, 2025-07-02 10:45:00, 858338, 2025-07-03 10:45:00, 858909, 2025-07-04 10:45:00, 859499, 2025-07-05 10:45:00, 860089, 2025-07-06 10:45:00, 860655, 2025-07-07 10:45:00, 861150, 2025-07-08 10:45:00, 861702, 2025-07-09 10:45:00, 862266, 2025-07-10 10:45:00, 862864, 2025-07-11 10:45:00, 863415, 2025-07-12 10:45:00, 863975, 2025-07-13 10:45:00, 864498, 2025-07-14 10:45:00, 865011, 2025-07-15 10:45:00, 865525, 2025-07-16 10:45:00, 865999, 2025-07-17 10:45:00, 866437, 2025-07-18 10:45:00, 866911, 2025-07-19 10:45:00, 867460, 2025-07-20 10:45:00, 867962, 2025-07-21 10:45:00, 868415, 2025-07-22 10:45:00, 868808, 2025-07-23 10:45:00, 869248, 2025-07-24 10:45:00, 869715, 2025-07-25 10:45:00, 870179, 2025-07-26 10:45:00, 870650, 2025-07-27 10:45:00, 871105, 2025-07-28 10:45:00, 871611, 2025-07-29 10:45:00, 872128, 2025-07-30 10:45:00, 872640, 
2025-07-01 10:50:00, 857775, 2025-07-02 10:50:00, 858343, 2025-07-03 10:50:00, 858914, 2025-07-04 10:50:00, 859504, 2025-07-05 10:50:00, 860093, 2025-07-06 10:50:00, 860660, 2025-07-07 10:50:00, 861155, 2025-07-08 10:50:00, 861707, 2025-07-09 10:50:00, 862270, 2025-07-10 10:50:00, 862869, 2025-07-11 10:50:00, 863420, 2025-07-12 10:50:00, 863980, 2025-07-13 10:50:00, 864503, 2025-07-14 10:50:00, 865016, 2025-07-15 10:50:00, 865530, 2025-07-16 10:50:00, 866000, 2025-07-17 10:50:00, 866442, 2025-07-18 10:50:00, 866915, 2025-07-19 10:50:00, 867465, 2025-07-20 10:50:00, 867966, 2025-07-21 10:50:00, 868417, 2025-07-22 10:50:00, 868809, 2025-07-23 10:50:00, 869253, 2025-07-24 10:50:00, 869718, 2025-07-25 10:50:00, 870184, 2025-07-26 10:50:00, 870655, 2025-07-27 10:50:00, 871109, 2025-07-28 10:50:00, 871616, 2025-07-29 10:50:00, 872132, 2025-07-30 10:50:00, 872644, 
2025-07-01 10:55:00, 857780, 2025-07-02 10:55:00, 858348, 2025-07-03 10:55:00, 858918, 2025-07-04 10:55:00, 859508, 2025-07-05 10:55:00, 860098, 2025-07-06 10:55:00, 860664, 2025-07-07 10:55:00, 861160, 2025-07-08 10:55:00, 861712, 2025-07-09 10:55:00, 862275, 2025-07-10 10:55:00, 862874, 2025-07-11 10:55:00, 863425, 2025-07-12 10:55:00, 863984, 2025-07-13 10:55:00, 864508, 2025-07-14 10:55:00, 865020, 2025-07-15 10:55:00, 865535, 2025-07-16 10:55:00, 866002, 2025-07-17 10:55:00, 866446, 2025-07-18 10:55:00, 866920, 2025-07-19 10:55:00, 867470, 2025-07-20 10:55:00, 867971, 2025-07-21 10:55:00, 868419, 2025-07-22 10:55:00, 868811, 2025-07-23 10:55:00, 869258, 2025-07-24 10:55:00, 869723, 2025-07-25 10:55:00, 870188, 2025-07-26 10:55:00, 870660, 2025-07-27 10:55:00, 871114, 2025-07-28 10:55:00, 871620, 2025-07-29 10:55:00, 872138, 2025-07-30 10:55:00, 872649, 
2025-07-01 11:00:00, 857785, 2025-07-02 11:00:00, 858353, 2025-07-03 11:00:00, 858923, 2025-07-04 11:00:00, 859513, 2025-07-05 11:00:00, 860102, 2025-07-06 11:00:00, 860669, 2025-07-07 11:00:00, 861165, 2025-07-08 11:00:00, 861716, 2025-07-09 11:00:00, 862280, 2025-07-10 11:00:00, 862879, 2025-07-11 11:00:00, 863430, 2025-07-12 11:00:00, 863989, 2025-07-13 11:00:00, 864512, 2025-07-14 11:00:00, 865025, 2025-07-15 11:00:00, 865539, 2025-07-16 11:00:00, 866004, 2025-07-17 11:00:00, 866451, 2025-07-18 11:00:00, 866925, 2025-07-19 11:00:00, 867475, 2025-07-20 11:00:00, 867976, 2025-07-21 11:00:00, 868420, 2025-07-22 11:00:00, 868812, 2025-07-23 11:00:00, 869263, 2025-07-24 11:00:00, 869727, 2025-07-25 11:00:00, 870192, 2025-07-26 11:00:00, 870664, 2025-07-27 11:00:00, 871119, 2025-07-28 11:00:00, 871624, 2025-07-29 11:00:00, 872142, 2025-07-30 11:00:00, 872654, 
2025-07-01 11:05:00, 857789, 2025-07-02 11:05:00, 858358, 2025-07-03 11:05:00, 858928, 2025-07-04 11:05:00, 859518, 2025-07-05 11:05:00, 860107, 2025-07-06 11:05:00, 860674, 2025-07-07 11:05:00, 861170, 2025-07-08 11:05:00, 861721, 2025-07-09 11:05:00, 862285, 2025-07-10 11:05:00, 862884, 2025-07-11 11:05:00, 863434, 2025-07-12 11:05:00, 863994, 2025-07-13 11:05:00, 864517, 2025-07-14 11:05:00, 865030, 2025-07-15 11:05:00, 865544, 2025-07-16 11:05:00, 866006, 2025-07-17 11:05:00, 866456, 2025-07-18 11:05:00, 866930, 2025-07-19 11:05:00, 867480, 2025-07-20 11:05:00, 867980, 2025-07-21 11:05:00, 868422, 2025-07-22 11:05:00, 868814, 2025-07-23 11:05:00, 869268, 2025-07-24 11:05:00, 869732, 2025-07-25 11:05:00, 870197, 2025-07-26 11:05:00, 870669, 2025-07-27 11:05:00, 871123, 2025-07-28 11:05:00, 871628, 2025-07-29 11:05:00, 872147, 2025-07-30 11:05:00, 872659, 
2025-07-01 11:10:00, 857795, 2025-07-02 11:10:00, 858362, 2025-07-03 11:10:00, 858933, 2025-07-04 11:10:00, 859523, 2025-07-05 11:10:00, 860112, 2025-07-06 11:10:00, 860679, 2025-07-07 11:10:00, 861174, 2025-07-08 11:10:00, 861726, 2025-07-09 11:10:00, 862290, 2025-07-10 11:10:00, 862889, 2025-07-11 11:10:00, 863439, 2025-07-12 11:10:00, 863998, 2025-07-13 11:10:00, 864522, 2025-07-14 11:10:00, 865035, 2025-07-15 11:10:00, 865548, 2025-07-16 11:10:00, 866007, 2025-07-17 11:10:00, 866461, 2025-07-18 11:10:00, 866934, 2025-07-19 11:10:00, 867484, 2025-07-20 11:10:00, 867985, 2025-07-21 11:10:00, 868425, 2025-07-22 11:10:00, 868816, 2025-07-23 11:10:00, 869272, 2025-07-24 11:10:00, 869737, 2025-07-25 11:10:00, 870201, 2025-07-26 11:10:00, 870674, 2025-07-27 11:10:00, 871128, 2025-07-28 11:10:00, 871633, 2025-07-29 11:10:00, 872151, 2025-07-30 11:10:00, 872663, 
2025-07-01 11:15:00, 857799, 2025-07-02 11:15:00, 858367, 2025-07-03 11:15:00, 858937, 2025-07-04 11:15:00, 859527, 2025-07-05 11:15:00, 860117, 2025-07-06 11:15:00, 860684, 2025-07-07 11:15:00, 861179, 2025-07-08 11:15:00, 861731, 2025-07-09 11:15:00, 862295, 2025-07-10 11:15:00, 862893, 2025-07-11 11:15:00, 863444, 2025-07-12 11:15:00, 864003, 2025-07-13 11:15:00, 864526, 2025-07-14 11:15:00, 865039, 2025-07-15 11:15:00, 865553, 2025-07-16 11:15:00, 866009, 2025-07-17 11:15:00, 866465, 2025-07-18 11:15:00, 866939, 2025-07-19 11:15:00, 867490, 2025-07-20 11:15:00, 867990, 2025-07-21 11:15:00, 868428, 2025-07-22 11:15:00, 868818, 2025-07-23 11:15:00, 869276, 2025-07-24 11:15:00, 869741, 2025-07-25 11:15:00, 870206, 2025-07-26 11:15:00, 870679, 2025-07-27 11:15:00, 871133, 2025-07-28 11:15:00, 871637, 2025-07-29 11:15:00, 872156, 2025-07-30 11:15:00, 872668, 
2025-07-01 11:20:00, 857804, 2025-07-02 11:20:00, 858372, 2025-07-03 11:20:00, 858942, 2025-07-04 11:20:00, 859532, 2025-07-05 11:20:00, 860121, 2025-07-06 11:20:00, 860688, 2025-07-07 11:20:00, 861184, 2025-07-08 11:20:00, 861736, 2025-07-09 11:20:00, 862300, 2025-07-10 11:20:00, 862899, 2025-07-11 11:20:00, 863448, 2025-07-12 11:20:00, 864007, 2025-07-13 11:20:00, 864531, 2025-07-14 11:20:00, 865044, 2025-07-15 11:20:00, 865558, 2025-07-16 11:20:00, 866011, 2025-07-17 11:20:00, 866470, 2025-07-18 11:20:00, 866944, 2025-07-19 11:20:00, 867494, 2025-07-20 11:20:00, 867995, 2025-07-21 11:20:00, 868432, 2025-07-22 11:20:00, 868821, 2025-07-23 11:20:00, 869281, 2025-07-24 11:20:00, 869746, 2025-07-25 11:20:00, 870211, 2025-07-26 11:20:00, 870683, 2025-07-27 11:20:00, 871138, 2025-07-28 11:20:00, 871641, 2025-07-29 11:20:00, 872161, 2025-07-30 11:20:00, 872672, 
2025-07-01 11:25:00, 857809, 2025-07-02 11:25:00, 858377, 2025-07-03 11:25:00, 858947, 2025-07-04 11:25:00, 859537, 2025-07-05 11:25:00, 860126, 2025-07-06 11:25:00, 860693, 2025-07-07 11:25:00, 861189, 2025-07-08 11:25:00, 861740, 2025-07-09 11:25:00, 862305, 2025-07-10 11:25:00, 862903, 2025-07-11 11:25:00, 863453, 2025-07-12 11:25:00, 864012, 2025-07-13 11:25:00, 864535, 2025-07-14 11:25:00, 865048, 2025-07-15 11:25:00, 865562, 2025-07-16 11:25:00, 866013, 2025-07-17 11:25:00, 866475, 2025-07-18 11:25:00, 866949, 2025-07-19 11:25:00, 867499, 2025-07-20 11:25:00, 867999, 2025-07-21 11:25:00, 868436, 2025-07-22 11:25:00, 868823, 2025-07-23 11:25:00, 869286, 2025-07-24 11:25:00, 869751, 2025-07-25 11:25:00, 870215, 2025-07-26 11:25:00, 870687, 2025-07-27 11:25:00, 871142, 2025-07-28 11:25:00, 871644, 2025-07-29 11:25:00, 872165, 2025-07-30 11:25:00, 872677, 
2025-07-01 11:30:00, 857814, 2025-07-02 11:30:00, 858382, 2025-07-03 11:30:00, 858952, 2025-07-04 11:30:00, 859542, 2025-07-05 11:30:00, 860131, 2025-07-06 11:30:00, 860698, 2025-07-07 11:30:00, 861193, 2025-07-08 11:30:00, 861745, 2025-07-09 11:30:00, 862310, 2025-07-10 11:30:00, 862908, 2025-07-11 11:30:00, 863458, 2025-07-12 11:30:00, 864017, 2025-07-13 11:30:00, 864540, 2025-07-14 11:30:00, 865053, 2025-07-15 11:30:00, 865567, 2025-07-16 11:30:00, 866016, 2025-07-17 11:30:00, 866480, 2025-07-18 11:30:00, 866954, 2025-07-19 11:30:00, 867504, 2025-07-20 11:30:00, 868004, 2025-07-21 11:30:00, 868440, 2025-07-22 11:30:00, 868825, 2025-07-23 11:30:00, 869291, 2025-07-24 11:30:00, 869755, 2025-07-25 11:30:00, 870220, 2025-07-26 11:30:00, 870693, 2025-07-27 11:30:00, 871147, 2025-07-28 11:30:00, 871647, 2025-07-29 11:30:00, 872170, 2025-07-30 11:30:00, 872681, 
2025-07-01 11:35:00, 857818, 2025-07-02 11:35:00, 858386, 2025-07-03 11:35:00, 858956, 2025-07-04 11:35:00, 859546, 2025-07-05 11:35:00, 860135, 2025-07-06 11:35:00, 860703, 2025-07-07 11:35:00, 861198, 2025-07-08 11:35:00, 861751, 2025-07-09 11:35:00, 862315, 2025-07-10 11:35:00, 862913, 2025-07-11 11:35:00, 863462, 2025-07-12 11:35:00, 864021, 2025-07-13 11:35:00, 864545, 2025-07-14 11:35:00, 865058, 2025-07-15 11:35:00, 865572, 2025-07-16 11:35:00, 866019, 2025-07-17 11:35:00, 866484, 2025-07-18 11:35:00, 866958, 2025-07-19 11:35:00, 867509, 2025-07-20 11:35:00, 868009, 2025-07-21 11:35:00, 868445, 2025-07-22 11:35:00, 868827, 2025-07-23 11:35:00, 869297, 2025-07-24 11:35:00, 869760, 2025-07-25 11:35:00, 870225, 2025-07-26 11:35:00, 870697, 2025-07-27 11:35:00, 871152, 2025-07-28 11:35:00, 871650, 2025-07-29 11:35:00, 872175, 2025-07-30 11:35:00, 872686, 
2025-07-01 11:40:00, 857823, 2025-07-02 11:40:00, 858392, 2025-07-03 11:40:00, 858962, 2025-07-04 11:40:00, 859551, 2025-07-05 11:40:00, 860140, 2025-07-06 11:40:00, 860708, 2025-07-07 11:40:00, 861203, 2025-07-08 11:40:00, 861755, 2025-07-09 11:40:00, 862320, 2025-07-10 11:40:00, 862918, 2025-07-11 11:40:00, 863467, 2025-07-12 11:40:00, 864026, 2025-07-13 11:40:00, 864550, 2025-07-14 11:40:00, 865063, 2025-07-15 11:40:00, 865576, 2025-07-16 11:40:00, 866022, 2025-07-17 11:40:00, 866489, 2025-07-18 11:40:00, 866963, 2025-07-19 11:40:00, 867513, 2025-07-20 11:40:00, 868013, 2025-07-21 11:40:00, 868449, 2025-07-22 11:40:00, 868830, 2025-07-23 11:40:00, 869301, 2025-07-24 11:40:00, 869765, 2025-07-25 11:40:00, 870230, 2025-07-26 11:40:00, 870702, 2025-07-27 11:40:00, 871156, 2025-07-28 11:40:00, 871653, 2025-07-29 11:40:00, 872180, 2025-07-30 11:40:00, 872691, 
2025-07-01 11:45:00, 857828, 2025-07-02 11:45:00, 858397, 2025-07-03 11:45:00, 858966, 2025-07-04 11:45:00, 859556, 2025-07-05 11:45:00, 860145, 2025-07-06 11:45:00, 860713, 2025-07-07 11:45:00, 861208, 2025-07-08 11:45:00, 861760, 2025-07-09 11:45:00, 862325, 2025-07-10 11:45:00, 862923, 2025-07-11 11:45:00, 863471, 2025-07-12 11:45:00, 864031, 2025-07-13 11:45:00, 864554, 2025-07-14 11:45:00, 865067, 2025-07-15 11:45:00, 865581, 2025-07-16 11:45:00, 866025, 2025-07-17 11:45:00, 866494, 2025-07-18 11:45:00, 866968, 2025-07-19 11:45:00, 867518, 2025-07-20 11:45:00, 868018, 2025-07-21 11:45:00, 868453, 2025-07-22 11:45:00, 868832, 2025-07-23 11:45:00, 869306, 2025-07-24 11:45:00, 869770, 2025-07-25 11:45:00, 870234, 2025-07-26 11:45:00, 870707, 2025-07-27 11:45:00, 871161, 2025-07-28 11:45:00, 871657, 2025-07-29 11:45:00, 872184, 2025-07-30 11:45:00, 872695, 
2025-07-01 11:50:00, 857833, 2025-07-02 11:50:00, 858401, 2025-07-03 11:50:00, 858971, 2025-07-04 11:50:00, 859561, 2025-07-05 11:50:00, 860150, 2025-07-06 11:50:00, 860718, 2025-07-07 11:50:00, 861212, 2025-07-08 11:50:00, 861765, 2025-07-09 11:50:00, 862329, 2025-07-10 11:50:00, 862928, 2025-07-11 11:50:00, 863476, 2025-07-12 11:50:00, 864036, 2025-07-13 11:50:00, 864559, 2025-07-14 11:50:00, 865072, 2025-07-15 11:50:00, 865585, 2025-07-16 11:50:00, 866029, 2025-07-17 11:50:00, 866499, 2025-07-18 11:50:00, 866973, 2025-07-19 11:50:00, 867523, 2025-07-20 11:50:00, 868023, 2025-07-21 11:50:00, 868458, 2025-07-22 11:50:00, 868834, 2025-07-23 11:50:00, 869311, 2025-07-24 11:50:00, 869775, 2025-07-25 11:50:00, 870239, 2025-07-26 11:50:00, 870711, 2025-07-27 11:50:00, 871166, 2025-07-28 11:50:00, 871661, 2025-07-29 11:50:00, 872189, 2025-07-30 11:50:00, 872699, 
2025-07-01 11:55:00, 857837, 2025-07-02 11:55:00, 858406, 2025-07-03 11:55:00, 858975, 2025-07-04 11:55:00, 859565, 2025-07-05 11:55:00, 860154, 2025-07-06 11:55:00, 860722, 2025-07-07 11:55:00, 861217, 2025-07-08 11:55:00, 861770, 2025-07-09 11:55:00, 862335, 2025-07-10 11:55:00, 862933, 2025-07-11 11:55:00, 863480, 2025-07-12 11:55:00, 864040, 2025-07-13 11:55:00, 864563, 2025-07-14 11:55:00, 865076, 2025-07-15 11:55:00, 865590, 2025-07-16 11:55:00, 866033, 2025-07-17 11:55:00, 866503, 2025-07-18 11:55:00, 866977, 2025-07-19 11:55:00, 867528, 2025-07-20 11:55:00, 868027, 2025-07-21 11:55:00, 868463, 2025-07-22 11:55:00, 868838, 2025-07-23 11:55:00, 869316, 2025-07-24 11:55:00, 869779, 2025-07-25 11:55:00, 870244, 2025-07-26 11:55:00, 870716, 2025-07-27 11:55:00, 871170, 2025-07-28 11:55:00, 871665, 2025-07-29 11:55:00, 872194, 2025-07-30 11:55:00, 872705, 
2025-07-01 12:00:00, 857842, 2025-07-02 12:00:00, 858412, 2025-07-03 12:00:00, 858981, 2025-07-04 12:00:00, 859570, 2025-07-05 12:00:00, 860160, 2025-07-06 12:00:00, 860727, 2025-07-07 12:00:00, 861222, 2025-07-08 12:00:00, 861775, 2025-07-09 12:00:00, 862339, 2025-07-10 12:00:00, 862938, 2025-07-11 12:00:00, 863485, 2025-07-12 12:00:00, 864045, 2025-07-13 12:00:00, 864568, 2025-07-14 12:00:00, 865081, 2025-07-15 12:00:00, 865594, 2025-07-16 12:00:00, 866036, 2025-07-17 12:00:00, 866509, 2025-07-18 12:00:00, 866982, 2025-07-19 12:00:00, 867532, 2025-07-20 12:00:00, 868032, 2025-07-21 12:00:00, 868468, 2025-07-22 12:00:00, 868842, 2025-07-23 12:00:00, 869321, 2025-07-24 12:00:00, 869784, 2025-07-25 12:00:00, 870248, 2025-07-26 12:00:00, 870721, 2025-07-27 12:00:00, 871175, 2025-07-28 12:00:00, 871668, 2025-07-29 12:00:00, 872199, 2025-07-30 12:00:00, 872709, 
2025-07-01 12:05:00, 857847, 2025-07-02 12:05:00, 858416, 2025-07-03 12:05:00, 858985, 2025-07-04 12:05:00, 859575, 2025-07-05 12:05:00, 860164, 2025-07-06 12:05:00, 860732, 2025-07-07 12:05:00, 861227, 2025-07-08 12:05:00, 861780, 2025-07-09 12:05:00, 862344, 2025-07-10 12:05:00, 862942, 2025-07-11 12:05:00, 863490, 2025-07-12 12:05:00, 864050, 2025-07-13 12:05:00, 864573, 2025-07-14 12:05:00, 865085, 2025-07-15 12:05:00, 865599, 2025-07-16 12:05:00, 866039, 2025-07-17 12:05:00, 866513, 2025-07-18 12:05:00, 866987, 2025-07-19 12:05:00, 867537, 2025-07-20 12:05:00, 868037, 2025-07-21 12:05:00, 868472, 2025-07-22 12:05:00, 868844, 2025-07-23 12:05:00, 869325, 2025-07-24 12:05:00, 869789, 2025-07-25 12:05:00, 870253, 2025-07-26 12:05:00, 870725, 2025-07-27 12:05:00, 871179, 2025-07-28 12:05:00, 871674, 2025-07-29 12:05:00, 872204, 2025-07-30 12:05:00, 872713, 
2025-07-01 12:10:00, 857852, 2025-07-02 12:10:00, 858421, 2025-07-03 12:10:00, 858990, 2025-07-04 12:10:00, 859580, 2025-07-05 12:10:00, 860169, 2025-07-06 12:10:00, 860737, 2025-07-07 12:10:00, 861232, 2025-07-08 12:10:00, 861785, 2025-07-09 12:10:00, 862349, 2025-07-10 12:10:00, 862947, 2025-07-11 12:10:00, 863495, 2025-07-12 12:10:00, 864054, 2025-07-13 12:10:00, 864578, 2025-07-14 12:10:00, 865090, 2025-07-15 12:10:00, 865604, 2025-07-16 12:10:00, 866043, 2025-07-17 12:10:00, 866518, 2025-07-18 12:10:00, 866992, 2025-07-19 12:10:00, 867542, 2025-07-20 12:10:00, 868042, 2025-07-21 12:10:00, 868477, 2025-07-22 12:10:00, 868847, 2025-07-23 12:10:00, 869330, 2025-07-24 12:10:00, 869793, 2025-07-25 12:10:00, 870258, 2025-07-26 12:10:00, 870730, 2025-07-27 12:10:00, 871184, 2025-07-28 12:10:00, 871678, 2025-07-29 12:10:00, 872208, 2025-07-30 12:10:00, 872718, 
2025-07-01 12:15:00, 857857, 2025-07-02 12:15:00, 858426, 2025-07-03 12:15:00, 858995, 2025-07-04 12:15:00, 859584, 2025-07-05 12:15:00, 860173, 2025-07-06 12:15:00, 860742, 2025-07-07 12:15:00, 861236, 2025-07-08 12:15:00, 861789, 2025-07-09 12:15:00, 862354, 2025-07-10 12:15:00, 862952, 2025-07-11 12:15:00, 863499, 2025-07-12 12:15:00, 864059, 2025-07-13 12:15:00, 864582, 2025-07-14 12:15:00, 865095, 2025-07-15 12:15:00, 865608, 2025-07-16 12:15:00, 866047, 2025-07-17 12:15:00, 866523, 2025-07-18 12:15:00, 866996, 2025-07-19 12:15:00, 867547, 2025-07-20 12:15:00, 868046, 2025-07-21 12:15:00, 868482, 2025-07-22 12:15:00, 868850, 2025-07-23 12:15:00, 869335, 2025-07-24 12:15:00, 869798, 2025-07-25 12:15:00, 870263, 2025-07-26 12:15:00, 870735, 2025-07-27 12:15:00, 871189, 2025-07-28 12:15:00, 871682, 2025-07-29 12:15:00, 872213, 2025-07-30 12:15:00, 872723, 
2025-07-01 12:20:00, 857862, 2025-07-02 12:20:00, 858431, 2025-07-03 12:20:00, 858999, 2025-07-04 12:20:00, 859590, 2025-07-05 12:20:00, 860179, 2025-07-06 12:20:00, 860747, 2025-07-07 12:20:00, 861241, 2025-07-08 12:20:00, 861795, 2025-07-09 12:20:00, 862358, 2025-07-10 12:20:00, 862957, 2025-07-11 12:20:00, 863504, 2025-07-12 12:20:00, 864064, 2025-07-13 12:20:00, 864587, 2025-07-14 12:20:00, 865099, 2025-07-15 12:20:00, 865613, 2025-07-16 12:20:00, 866052, 2025-07-17 12:20:00, 866528, 2025-07-18 12:20:00, 867001, 2025-07-19 12:20:00, 867552, 2025-07-20 12:20:00, 868051, 2025-07-21 12:20:00, 868486, 2025-07-22 12:20:00, 868853, 2025-07-23 12:20:00, 869340, 2025-07-24 12:20:00, 869803, 2025-07-25 12:20:00, 870267, 2025-07-26 12:20:00, 870739, 2025-07-27 12:20:00, 871193, 2025-07-28 12:20:00, 871686, 2025-07-29 12:20:00, 872218, 2025-07-30 12:20:00, 872727, 
2025-07-01 12:25:00, 857867, 2025-07-02 12:25:00, 858436, 2025-07-03 12:25:00, 859004, 2025-07-04 12:25:00, 859594, 2025-07-05 12:25:00, 860183, 2025-07-06 12:25:00, 860752, 2025-07-07 12:25:00, 861246, 2025-07-08 12:25:00, 861800, 2025-07-09 12:25:00, 862363, 2025-07-10 12:25:00, 862962, 2025-07-11 12:25:00, 863509, 2025-07-12 12:25:00, 864069, 2025-07-13 12:25:00, 864592, 2025-07-14 12:25:00, 865104, 2025-07-15 12:25:00, 865618, 2025-07-16 12:25:00, 866056, 2025-07-17 12:25:00, 866532, 2025-07-18 12:25:00, 867006, 2025-07-19 12:25:00, 867556, 2025-07-20 12:25:00, 868055, 2025-07-21 12:25:00, 868491, 2025-07-22 12:25:00, 868857, 2025-07-23 12:25:00, 869344, 2025-07-24 12:25:00, 869807, 2025-07-25 12:25:00, 870272, 2025-07-26 12:25:00, 870745, 2025-07-27 12:25:00, 871198, 2025-07-28 12:25:00, 871690, 2025-07-29 12:25:00, 872223, 2025-07-30 12:25:00, 872731, 
2025-07-01 12:30:00, 857872, 2025-07-02 12:30:00, 858441, 2025-07-03 12:30:00, 859009, 2025-07-04 12:30:00, 859599, 2025-07-05 12:30:00, 860188, 2025-07-06 12:30:00, 860757, 2025-07-07 12:30:00, 861251, 2025-07-08 12:30:00, 861805, 2025-07-09 12:30:00, 862368, 2025-07-10 12:30:00, 862967, 2025-07-11 12:30:00, 863513, 2025-07-12 12:30:00, 864073, 2025-07-13 12:30:00, 864596, 2025-07-14 12:30:00, 865108, 2025-07-15 12:30:00, 865622, 2025-07-16 12:30:00, 866062, 2025-07-17 12:30:00, 866537, 2025-07-18 12:30:00, 867010, 2025-07-19 12:30:00, 867561, 2025-07-20 12:30:00, 868060, 2025-07-21 12:30:00, 868496, 2025-07-22 12:30:00, 868859, 2025-07-23 12:30:00, 869349, 2025-07-24 12:30:00, 869812, 2025-07-25 12:30:00, 870277, 2025-07-26 12:30:00, 870749, 2025-07-27 12:30:00, 871203, 2025-07-28 12:30:00, 871695, 2025-07-29 12:30:00, 872227, 2025-07-30 12:30:00, 872736, 
2025-07-01 12:35:00, 857877, 2025-07-02 12:35:00, 858446, 2025-07-03 12:35:00, 859014, 2025-07-04 12:35:00, 859604, 2025-07-05 12:35:00, 860193, 2025-07-06 12:35:00, 860761, 2025-07-07 12:35:00, 861255, 2025-07-08 12:35:00, 861809, 2025-07-09 12:35:00, 862373, 2025-07-10 12:35:00, 862972, 2025-07-11 12:35:00, 863518, 2025-07-12 12:35:00, 864078, 2025-07-13 12:35:00, 864601, 2025-07-14 12:35:00, 865113, 2025-07-15 12:35:00, 865627, 2025-07-16 12:35:00, 866066, 2025-07-17 12:35:00, 866542, 2025-07-18 12:35:00, 867015, 2025-07-19 12:35:00, 867566, 2025-07-20 12:35:00, 868065, 2025-07-21 12:35:00, 868500, 2025-07-22 12:35:00, 868864, 2025-07-23 12:35:00, 869354, 2025-07-24 12:35:00, 869817, 2025-07-25 12:35:00, 870281, 2025-07-26 12:35:00, 870754, 2025-07-27 12:35:00, 871208, 2025-07-28 12:35:00, 871700, 2025-07-29 12:35:00, 872232, 2025-07-30 12:35:00, 872741, 
2025-07-01 12:40:00, 857882, 2025-07-02 12:40:00, 858451, 2025-07-03 12:40:00, 859019, 2025-07-04 12:40:00, 859609, 2025-07-05 12:40:00, 860197, 2025-07-06 12:40:00, 860766, 2025-07-07 12:40:00, 861260, 2025-07-08 12:40:00, 861815, 2025-07-09 12:40:00, 862378, 2025-07-10 12:40:00, 862976, 2025-07-11 12:40:00, 863523, 2025-07-12 12:40:00, 864083, 2025-07-13 12:40:00, 864605, 2025-07-14 12:40:00, 865118, 2025-07-15 12:40:00, 865632, 2025-07-16 12:40:00, 866071, 2025-07-17 12:40:00, 866547, 2025-07-18 12:40:00, 867020, 2025-07-19 12:40:00, 867571, 2025-07-20 12:40:00, 868070, 2025-07-21 12:40:00, 868505, 2025-07-22 12:40:00, 868869, 2025-07-23 12:40:00, 869359, 2025-07-24 12:40:00, 869822, 2025-07-25 12:40:00, 870286, 2025-07-26 12:40:00, 870758, 2025-07-27 12:40:00, 871212, 2025-07-28 12:40:00, 871704, 2025-07-29 12:40:00, 872237, 2025-07-30 12:40:00, 872746, 
2025-07-01 12:45:00, 857886, 2025-07-02 12:45:00, 858455, 2025-07-03 12:45:00, 859024, 2025-07-04 12:45:00, 859613, 2025-07-05 12:45:00, 860202, 2025-07-06 12:45:00, 860771, 2025-07-07 12:45:00, 861265, 2025-07-08 12:45:00, 861819, 2025-07-09 12:45:00, 862383, 2025-07-10 12:45:00, 862981, 2025-07-11 12:45:00, 863528, 2025-07-12 12:45:00, 864088, 2025-07-13 12:45:00, 864610, 2025-07-14 12:45:00, 865122, 2025-07-15 12:45:00, 865636, 2025-07-16 12:45:00, 866075, 2025-07-17 12:45:00, 866551, 2025-07-18 12:45:00, 867025, 2025-07-19 12:45:00, 867576, 2025-07-20 12:45:00, 868075, 2025-07-21 12:45:00, 868510, 2025-07-22 12:45:00, 868873, 2025-07-23 12:45:00, 869363, 2025-07-24 12:45:00, 869826, 2025-07-25 12:45:00, 870291, 2025-07-26 12:45:00, 870764, 2025-07-27 12:45:00, 871217, 2025-07-28 12:45:00, 871710, 2025-07-29 12:45:00, 872241, 2025-07-30 12:45:00, 872750, 
2025-07-01 12:50:00, 857891, 2025-07-02 12:50:00, 858460, 2025-07-03 12:50:00, 859028, 2025-07-04 12:50:00, 859618, 2025-07-05 12:50:00, 860207, 2025-07-06 12:50:00, 860776, 2025-07-07 12:50:00, 861270, 2025-07-08 12:50:00, 861824, 2025-07-09 12:50:00, 862388, 2025-07-10 12:50:00, 862986, 2025-07-11 12:50:00, 863532, 2025-07-12 12:50:00, 864092, 2025-07-13 12:50:00, 864615, 2025-07-14 12:50:00, 865127, 2025-07-15 12:50:00, 865641, 2025-07-16 12:50:00, 866080, 2025-07-17 12:50:00, 866556, 2025-07-18 12:50:00, 867029, 2025-07-19 12:50:00, 867581, 2025-07-20 12:50:00, 868080, 2025-07-21 12:50:00, 868514, 2025-07-22 12:50:00, 868878, 2025-07-23 12:50:00, 869369, 2025-07-24 12:50:00, 869831, 2025-07-25 12:50:00, 870295, 2025-07-26 12:50:00, 870768, 2025-07-27 12:50:00, 871222, 2025-07-28 12:50:00, 871714, 2025-07-29 12:50:00, 872246, 2025-07-30 12:50:00, 872755, 
2025-07-01 12:55:00, 857896, 2025-07-02 12:55:00, 858465, 2025-07-03 12:55:00, 859033, 2025-07-04 12:55:00, 859623, 2025-07-05 12:55:00, 860211, 2025-07-06 12:55:00, 860781, 2025-07-07 12:55:00, 861275, 2025-07-08 12:55:00, 861829, 2025-07-09 12:55:00, 862393, 2025-07-10 12:55:00, 862991, 2025-07-11 12:55:00, 863537, 2025-07-12 12:55:00, 864097, 2025-07-13 12:55:00, 864620, 2025-07-14 12:55:00, 865132, 2025-07-15 12:55:00, 865646, 2025-07-16 12:55:00, 866084, 2025-07-17 12:55:00, 866561, 2025-07-18 12:55:00, 867034, 2025-07-19 12:55:00, 867585, 2025-07-20 12:55:00, 868084, 2025-07-21 12:55:00, 868519, 2025-07-22 12:55:00, 868883, 2025-07-23 12:55:00, 869373, 2025-07-24 12:55:00, 869836, 2025-07-25 12:55:00, 870300, 2025-07-26 12:55:00, 870773, 2025-07-27 12:55:00, 871226, 2025-07-28 12:55:00, 871718, 2025-07-29 12:55:00, 872251, 2025-07-30 12:55:00, 872759, 
2025-07-01 13:00:00, 857901, 2025-07-02 13:00:00, 858470, 2025-07-03 13:00:00, 859038, 2025-07-04 13:00:00, 859628, 2025-07-05 13:00:00, 860216, 2025-07-06 13:00:00, 860786, 2025-07-07 13:00:00, 861280, 2025-07-08 13:00:00, 861834, 2025-07-09 13:00:00, 862397, 2025-07-10 13:00:00, 862996, 2025-07-11 13:00:00, 863542, 2025-07-12 13:00:00, 864102, 2025-07-13 13:00:00, 864625, 2025-07-14 13:00:00, 865137, 2025-07-15 13:00:00, 865650, 2025-07-16 13:00:00, 866089, 2025-07-17 13:00:00, 866566, 2025-07-18 13:00:00, 867039, 2025-07-19 13:00:00, 867590, 2025-07-20 13:00:00, 868089, 2025-07-21 13:00:00, 868524, 2025-07-22 13:00:00, 868888, 2025-07-23 13:00:00, 869378, 2025-07-24 13:00:00, 869841, 2025-07-25 13:00:00, 870305, 2025-07-26 13:00:00, 870778, 2025-07-27 13:00:00, 871231, 2025-07-28 13:00:00, 871723, 2025-07-29 13:00:00, 872255, 2025-07-30 13:00:00, 872764, 
2025-07-01 13:05:00, 857906, 2025-07-02 13:05:00, 858475, 2025-07-03 13:05:00, 859043, 2025-07-04 13:05:00, 859632, 2025-07-05 13:05:00, 860221, 2025-07-06 13:05:00, 860791, 2025-07-07 13:05:00, 861285, 2025-07-08 13:05:00, 861839, 2025-07-09 13:05:00, 862403, 2025-07-10 13:05:00, 863001, 2025-07-11 13:05:00, 863547, 2025-07-12 13:05:00, 864107, 2025-07-13 13:05:00, 864630, 2025-07-14 13:05:00, 865141, 2025-07-15 13:05:00, 865655, 2025-07-16 13:05:00, 866094, 2025-07-17 13:05:00, 866571, 2025-07-18 13:05:00, 867044, 2025-07-19 13:05:00, 867595, 2025-07-20 13:05:00, 868094, 2025-07-21 13:05:00, 868528, 2025-07-22 13:05:00, 868893, 2025-07-23 13:05:00, 869383, 2025-07-24 13:05:00, 869846, 2025-07-25 13:05:00, 870310, 2025-07-26 13:05:00, 870783, 2025-07-27 13:05:00, 871236, 2025-07-28 13:05:00, 871728, 2025-07-29 13:05:00, 872260, 2025-07-30 13:05:00, 872768, 
2025-07-01 13:10:00, 857910, 2025-07-02 13:10:00, 858480, 2025-07-03 13:10:00, 859047, 2025-07-04 13:10:00, 859637, 2025-07-05 13:10:00, 860225, 2025-07-06 13:10:00, 860796, 2025-07-07 13:10:00, 861290, 2025-07-08 13:10:00, 861844, 2025-07-09 13:10:00, 862408, 2025-07-10 13:10:00, 863006, 2025-07-11 13:10:00, 863551, 2025-07-12 13:10:00, 864111, 2025-07-13 13:10:00, 864634, 2025-07-14 13:10:00, 865146, 2025-07-15 13:10:00, 865660, 2025-07-16 13:10:00, 866099, 2025-07-17 13:10:00, 866575, 2025-07-18 13:10:00, 867048, 2025-07-19 13:10:00, 867600, 2025-07-20 13:10:00, 868099, 2025-07-21 13:10:00, 868533, 2025-07-22 13:10:00, 868898, 2025-07-23 13:10:00, 869388, 2025-07-24 13:10:00, 869850, 2025-07-25 13:10:00, 870315, 2025-07-26 13:10:00, 870787, 2025-07-27 13:10:00, 871241, 2025-07-28 13:10:00, 871733, 2025-07-29 13:10:00, 872265, 2025-07-30 13:10:00, 872774, 
2025-07-01 13:15:00, 857915, 2025-07-02 13:15:00, 858485, 2025-07-03 13:15:00, 859052, 2025-07-04 13:15:00, 859642, 2025-07-05 13:15:00, 860231, 2025-07-06 13:15:00, 860801, 2025-07-07 13:15:00, 861294, 2025-07-08 13:15:00, 861849, 2025-07-09 13:15:00, 862412, 2025-07-10 13:15:00, 863011, 2025-07-11 13:15:00, 863556, 2025-07-12 13:15:00, 864116, 2025-07-13 13:15:00, 864639, 2025-07-14 13:15:00, 865151, 2025-07-15 13:15:00, 865665, 2025-07-16 13:15:00, 866103, 2025-07-17 13:15:00, 866580, 2025-07-18 13:15:00, 867053, 2025-07-19 13:15:00, 867604, 2025-07-20 13:15:00, 868104, 2025-07-21 13:15:00, 868538, 2025-07-22 13:15:00, 868903, 2025-07-23 13:15:00, 869392, 2025-07-24 13:15:00, 869855, 2025-07-25 13:15:00, 870319, 2025-07-26 13:15:00, 870792, 2025-07-27 13:15:00, 871245, 2025-07-28 13:15:00, 871738, 2025-07-29 13:15:00, 872270, 2025-07-30 13:15:00, 872778, 
2025-07-01 13:20:00, 857920, 2025-07-02 13:20:00, 858489, 2025-07-03 13:20:00, 859057, 2025-07-04 13:20:00, 859647, 2025-07-05 13:20:00, 860235, 2025-07-06 13:20:00, 860805, 2025-07-07 13:20:00, 861299, 2025-07-08 13:20:00, 861854, 2025-07-09 13:20:00, 862417, 2025-07-10 13:20:00, 863015, 2025-07-11 13:20:00, 863561, 2025-07-12 13:20:00, 864121, 2025-07-13 13:20:00, 864644, 2025-07-14 13:20:00, 865156, 2025-07-15 13:20:00, 865669, 2025-07-16 13:20:00, 866108, 2025-07-17 13:20:00, 866585, 2025-07-18 13:20:00, 867057, 2025-07-19 13:20:00, 867609, 2025-07-20 13:20:00, 868109, 2025-07-21 13:20:00, 868543, 2025-07-22 13:20:00, 868907, 2025-07-23 13:20:00, 869397, 2025-07-24 13:20:00, 869860, 2025-07-25 13:20:00, 870324, 2025-07-26 13:20:00, 870797, 2025-07-27 13:20:00, 871250, 2025-07-28 13:20:00, 871742, 2025-07-29 13:20:00, 872274, 2025-07-30 13:20:00, 872783, 
2025-07-01 13:25:00, 857925, 2025-07-02 13:25:00, 858494, 2025-07-03 13:25:00, 859061, 2025-07-04 13:25:00, 859651, 2025-07-05 13:25:00, 860240, 2025-07-06 13:25:00, 860810, 2025-07-07 13:25:00, 861304, 2025-07-08 13:25:00, 861858, 2025-07-09 13:25:00, 862422, 2025-07-10 13:25:00, 863021, 2025-07-11 13:25:00, 863566, 2025-07-12 13:25:00, 864126, 2025-07-13 13:25:00, 864648, 2025-07-14 13:25:00, 865160, 2025-07-15 13:25:00, 865674, 2025-07-16 13:25:00, 866113, 2025-07-17 13:25:00, 866590, 2025-07-18 13:25:00, 867062, 2025-07-19 13:25:00, 867614, 2025-07-20 13:25:00, 868113, 2025-07-21 13:25:00, 868548, 2025-07-22 13:25:00, 868912, 2025-07-23 13:25:00, 869402, 2025-07-24 13:25:00, 869865, 2025-07-25 13:25:00, 870329, 2025-07-26 13:25:00, 870801, 2025-07-27 13:25:00, 871255, 2025-07-28 13:25:00, 871747, 2025-07-29 13:25:00, 872279, 2025-07-30 13:25:00, 872788, 
2025-07-01 13:30:00, 857929, 2025-07-02 13:30:00, 858499, 2025-07-03 13:30:00, 859066, 2025-07-04 13:30:00, 859656, 2025-07-05 13:30:00, 860245, 2025-07-06 13:30:00, 860815, 2025-07-07 13:30:00, 861309, 2025-07-08 13:30:00, 861863, 2025-07-09 13:30:00, 862427, 2025-07-10 13:30:00, 863026, 2025-07-11 13:30:00, 863570, 2025-07-12 13:30:00, 864130, 2025-07-13 13:30:00, 864653, 2025-07-14 13:30:00, 865165, 2025-07-15 13:30:00, 865679, 2025-07-16 13:30:00, 866117, 2025-07-17 13:30:00, 866595, 2025-07-18 13:30:00, 867067, 2025-07-19 13:30:00, 867619, 2025-07-20 13:30:00, 868118, 2025-07-21 13:30:00, 868553, 2025-07-22 13:30:00, 868917, 2025-07-23 13:30:00, 869407, 2025-07-24 13:30:00, 869870, 2025-07-25 13:30:00, 870334, 2025-07-26 13:30:00, 870806, 2025-07-27 13:30:00, 871259, 2025-07-28 13:30:00, 871752, 2025-07-29 13:30:00, 872283, 2025-07-30 13:30:00, 872792, 
2025-07-01 13:35:00, 857934, 2025-07-02 13:35:00, 858504, 2025-07-03 13:35:00, 859071, 2025-07-04 13:35:00, 859661, 2025-07-05 13:35:00, 860249, 2025-07-06 13:35:00, 860820, 2025-07-07 13:35:00, 861314, 2025-07-08 13:35:00, 861868, 2025-07-09 13:35:00, 862431, 2025-07-10 13:35:00, 863030, 2025-07-11 13:35:00, 863575, 2025-07-12 13:35:00, 864135, 2025-07-13 13:35:00, 864658, 2025-07-14 13:35:00, 865170, 2025-07-15 13:35:00, 865683, 2025-07-16 13:35:00, 866122, 2025-07-17 13:35:00, 866600, 2025-07-18 13:35:00, 867071, 2025-07-19 13:35:00, 867623, 2025-07-20 13:35:00, 868123, 2025-07-21 13:35:00, 868557, 2025-07-22 13:35:00, 868922, 2025-07-23 13:35:00, 869411, 2025-07-24 13:35:00, 869874, 2025-07-25 13:35:00, 870338, 2025-07-26 13:35:00, 870811, 2025-07-27 13:35:00, 871264, 2025-07-28 13:35:00, 871757, 2025-07-29 13:35:00, 872288, 2025-07-30 13:35:00, 872797, 
2025-07-01 13:40:00, 857939, 2025-07-02 13:40:00, 858508, 2025-07-03 13:40:00, 859076, 2025-07-04 13:40:00, 859665, 2025-07-05 13:40:00, 860254, 2025-07-06 13:40:00, 860825, 2025-07-07 13:40:00, 861319, 2025-07-08 13:40:00, 861873, 2025-07-09 13:40:00, 862436, 2025-07-10 13:40:00, 863035, 2025-07-11 13:40:00, 863580, 2025-07-12 13:40:00, 864140, 2025-07-13 13:40:00, 864662, 2025-07-14 13:40:00, 865175, 2025-07-15 13:40:00, 865688, 2025-07-16 13:40:00, 866127, 2025-07-17 13:40:00, 866604, 2025-07-18 13:40:00, 867076, 2025-07-19 13:40:00, 867629, 2025-07-20 13:40:00, 868128, 2025-07-21 13:40:00, 868562, 2025-07-22 13:40:00, 868926, 2025-07-23 13:40:00, 869416, 2025-07-24 13:40:00, 869879, 2025-07-25 13:40:00, 870343, 2025-07-26 13:40:00, 870816, 2025-07-27 13:40:00, 871269, 2025-07-28 13:40:00, 871761, 2025-07-29 13:40:00, 872293, 2025-07-30 13:40:00, 872802, 
2025-07-01 13:45:00, 857944, 2025-07-02 13:45:00, 858513, 2025-07-03 13:45:00, 859080, 2025-07-04 13:45:00, 859670, 2025-07-05 13:45:00, 860258, 2025-07-06 13:45:00, 860830, 2025-07-07 13:45:00, 861324, 2025-07-08 13:45:00, 861878, 2025-07-09 13:45:00, 862441, 2025-07-10 13:45:00, 863040, 2025-07-11 13:45:00, 863584, 2025-07-12 13:45:00, 864145, 2025-07-13 13:45:00, 864667, 2025-07-14 13:45:00, 865179, 2025-07-15 13:45:00, 865693, 2025-07-16 13:45:00, 866132, 2025-07-17 13:45:00, 866609, 2025-07-18 13:45:00, 867081, 2025-07-19 13:45:00, 867633, 2025-07-20 13:45:00, 868133, 2025-07-21 13:45:00, 868567, 2025-07-22 13:45:00, 868931, 2025-07-23 13:45:00, 869421, 2025-07-24 13:45:00, 869884, 2025-07-25 13:45:00, 870348, 2025-07-26 13:45:00, 870820, 2025-07-27 13:45:00, 871273, 2025-07-28 13:45:00, 871766, 2025-07-29 13:45:00, 872297, 2025-07-30 13:45:00, 872807, 
2025-07-01 13:50:00, 857948, 2025-07-02 13:50:00, 858518, 2025-07-03 13:50:00, 859085, 2025-07-04 13:50:00, 859675, 2025-07-05 13:50:00, 860263, 2025-07-06 13:50:00, 860834, 2025-07-07 13:50:00, 861329, 2025-07-08 13:50:00, 861883, 2025-07-09 13:50:00, 862446, 2025-07-10 13:50:00, 863045, 2025-07-11 13:50:00, 863589, 2025-07-12 13:50:00, 864150, 2025-07-13 13:50:00, 864672, 2025-07-14 13:50:00, 865184, 2025-07-15 13:50:00, 865698, 2025-07-16 13:50:00, 866136, 2025-07-17 13:50:00, 866614, 2025-07-18 13:50:00, 867085, 2025-07-19 13:50:00, 867638, 2025-07-20 13:50:00, 868138, 2025-07-21 13:50:00, 868571, 2025-07-22 13:50:00, 868936, 2025-07-23 13:50:00, 869426, 2025-07-24 13:50:00, 869889, 2025-07-25 13:50:00, 870352, 2025-07-26 13:50:00, 870825, 2025-07-27 13:50:00, 871278, 2025-07-28 13:50:00, 871771, 2025-07-29 13:50:00, 872302, 2025-07-30 13:50:00, 872811, 
2025-07-01 13:55:00, 857954, 2025-07-02 13:55:00, 858523, 2025-07-03 13:55:00, 859090, 2025-07-04 13:55:00, 859680, 2025-07-05 13:55:00, 860268, 2025-07-06 13:55:00, 860840, 2025-07-07 13:55:00, 861333, 2025-07-08 13:55:00, 861888, 2025-07-09 13:55:00, 862451, 2025-07-10 13:55:00, 863049, 2025-07-11 13:55:00, 863594, 2025-07-12 13:55:00, 864154, 2025-07-13 13:55:00, 864676, 2025-07-14 13:55:00, 865189, 2025-07-15 13:55:00, 865702, 2025-07-16 13:55:00, 866141, 2025-07-17 13:55:00, 866619, 2025-07-18 13:55:00, 867091, 2025-07-19 13:55:00, 867643, 2025-07-20 13:55:00, 868143, 2025-07-21 13:55:00, 868576, 2025-07-22 13:55:00, 868941, 2025-07-23 13:55:00, 869431, 2025-07-24 13:55:00, 869894, 2025-07-25 13:55:00, 870357, 2025-07-26 13:55:00, 870830, 2025-07-27 13:55:00, 871283, 2025-07-28 13:55:00, 871775, 2025-07-29 13:55:00, 872307, 2025-07-30 13:55:00, 872816, 
2025-07-01 14:00:00, 857959, 2025-07-02 14:00:00, 858528, 2025-07-03 14:00:00, 859095, 2025-07-04 14:00:00, 859684, 2025-07-05 14:00:00, 860272, 2025-07-06 14:00:00, 860844, 2025-07-07 14:00:00, 861339, 2025-07-08 14:00:00, 861893, 2025-07-09 14:00:00, 862456, 2025-07-10 14:00:00, 863054, 2025-07-11 14:00:00, 863599, 2025-07-12 14:00:00, 864159, 2025-07-13 14:00:00, 864681, 2025-07-14 14:00:00, 865194, 2025-07-15 14:00:00, 865707, 2025-07-16 14:00:00, 866146, 2025-07-17 14:00:00, 866624, 2025-07-18 14:00:00, 867095, 2025-07-19 14:00:00, 867648, 2025-07-20 14:00:00, 868148, 2025-07-21 14:00:00, 868581, 2025-07-22 14:00:00, 868945, 2025-07-23 14:00:00, 869436, 2025-07-24 14:00:00, 869898, 2025-07-25 14:00:00, 870362, 2025-07-26 14:00:00, 870835, 2025-07-27 14:00:00, 871288, 2025-07-28 14:00:00, 871780, 2025-07-29 14:00:00, 872311, 2025-07-30 14:00:00, 872821, 
2025-07-01 14:05:00, 857963, 2025-07-02 14:05:00, 858533, 2025-07-03 14:05:00, 859100, 2025-07-04 14:05:00, 859689, 2025-07-05 14:05:00, 860277, 2025-07-06 14:05:00, 860849, 2025-07-07 14:05:00, 861343, 2025-07-08 14:05:00, 861898, 2025-07-09 14:05:00, 862461, 2025-07-10 14:05:00, 863059, 2025-07-11 14:05:00, 863603, 2025-07-12 14:05:00, 864164, 2025-07-13 14:05:00, 864686, 2025-07-14 14:05:00, 865198, 2025-07-15 14:05:00, 865711, 2025-07-16 14:05:00, 866151, 2025-07-17 14:05:00, 866628, 2025-07-18 14:05:00, 867100, 2025-07-19 14:05:00, 867653, 2025-07-20 14:05:00, 868152, 2025-07-21 14:05:00, 868586, 2025-07-22 14:05:00, 868950, 2025-07-23 14:05:00, 869441, 2025-07-24 14:05:00, 869903, 2025-07-25 14:05:00, 870366, 2025-07-26 14:05:00, 870839, 2025-07-27 14:05:00, 871292, 2025-07-28 14:05:00, 871785, 2025-07-29 14:05:00, 872316, 2025-07-30 14:05:00, 872826, 
2025-07-01 14:10:00, 857968, 2025-07-02 14:10:00, 858538, 2025-07-03 14:10:00, 859105, 2025-07-04 14:10:00, 859694, 2025-07-05 14:10:00, 860282, 2025-07-06 14:10:00, 860854, 2025-07-07 14:10:00, 861348, 2025-07-08 14:10:00, 861903, 2025-07-09 14:10:00, 862466, 2025-07-10 14:10:00, 863064, 2025-07-11 14:10:00, 863608, 2025-07-12 14:10:00, 864169, 2025-07-13 14:10:00, 864691, 2025-07-14 14:10:00, 865203, 2025-07-15 14:10:00, 865716, 2025-07-16 14:10:00, 866155, 2025-07-17 14:10:00, 866633, 2025-07-18 14:10:00, 867105, 2025-07-19 14:10:00, 867657, 2025-07-20 14:10:00, 868157, 2025-07-21 14:10:00, 868590, 2025-07-22 14:10:00, 868955, 2025-07-23 14:10:00, 869445, 2025-07-24 14:10:00, 869908, 2025-07-25 14:10:00, 870371, 2025-07-26 14:10:00, 870844, 2025-07-27 14:10:00, 871297, 2025-07-28 14:10:00, 871789, 2025-07-29 14:10:00, 872320, 2025-07-30 14:10:00, 872830, 
2025-07-01 14:15:00, 857973, 2025-07-02 14:15:00, 858542, 2025-07-03 14:15:00, 859110, 2025-07-04 14:15:00, 859698, 2025-07-05 14:15:00, 860286, 2025-07-06 14:15:00, 860859, 2025-07-07 14:15:00, 861353, 2025-07-08 14:15:00, 861908, 2025-07-09 14:15:00, 862470, 2025-07-10 14:15:00, 863069, 2025-07-11 14:15:00, 863613, 2025-07-12 14:15:00, 864174, 2025-07-13 14:15:00, 864696, 2025-07-14 14:15:00, 865208, 2025-07-15 14:15:00, 865721, 2025-07-16 14:15:00, 866160, 2025-07-17 14:15:00, 866638, 2025-07-18 14:15:00, 867110, 2025-07-19 14:15:00, 867662, 2025-07-20 14:15:00, 868162, 2025-07-21 14:15:00, 868595, 2025-07-22 14:15:00, 868960, 2025-07-23 14:15:00, 869450, 2025-07-24 14:15:00, 869913, 2025-07-25 14:15:00, 870376, 2025-07-26 14:15:00, 870849, 2025-07-27 14:15:00, 871302, 2025-07-28 14:15:00, 871794, 2025-07-29 14:15:00, 872325, 2025-07-30 14:15:00, 872835, 
2025-07-01 14:20:00, 857978, 2025-07-02 14:20:00, 858547, 2025-07-03 14:20:00, 859115, 2025-07-04 14:20:00, 859703, 2025-07-05 14:20:00, 860291, 2025-07-06 14:20:00, 860864, 2025-07-07 14:20:00, 861358, 2025-07-08 14:20:00, 861912, 2025-07-09 14:20:00, 862475, 2025-07-10 14:20:00, 863074, 2025-07-11 14:20:00, 863618, 2025-07-12 14:20:00, 864178, 2025-07-13 14:20:00, 864700, 2025-07-14 14:20:00, 865212, 2025-07-15 14:20:00, 865726, 2025-07-16 14:20:00, 866165, 2025-07-17 14:20:00, 866643, 2025-07-18 14:20:00, 867114, 2025-07-19 14:20:00, 867667, 2025-07-20 14:20:00, 868167, 2025-07-21 14:20:00, 868600, 2025-07-22 14:20:00, 868964, 2025-07-23 14:20:00, 869455, 2025-07-24 14:20:00, 869917, 2025-07-25 14:20:00, 870381, 2025-07-26 14:20:00, 870854, 2025-07-27 14:20:00, 871307, 2025-07-28 14:20:00, 871799, 2025-07-29 14:20:00, 872329, 2025-07-30 14:20:00, 872840, 
2025-07-01 14:25:00, 857983, 2025-07-02 14:25:00, 858552, 2025-07-03 14:25:00, 859120, 2025-07-04 14:25:00, 859707, 2025-07-05 14:25:00, 860296, 2025-07-06 14:25:00, 860869, 2025-07-07 14:25:00, 861363, 2025-07-08 14:25:00, 861917, 2025-07-09 14:25:00, 862480, 2025-07-10 14:25:00, 863079, 2025-07-11 14:25:00, 863622, 2025-07-12 14:25:00, 864183, 2025-07-13 14:25:00, 864705, 2025-07-14 14:25:00, 865217, 2025-07-15 14:25:00, 865730, 2025-07-16 14:25:00, 866170, 2025-07-17 14:25:00, 866648, 2025-07-18 14:25:00, 867119, 2025-07-19 14:25:00, 867672, 2025-07-20 14:25:00, 868172, 2025-07-21 14:25:00, 868605, 2025-07-22 14:25:00, 868970, 2025-07-23 14:25:00, 869460, 2025-07-24 14:25:00, 869922, 2025-07-25 14:25:00, 870386, 2025-07-26 14:25:00, 870859, 2025-07-27 14:25:00, 871311, 2025-07-28 14:25:00, 871803, 2025-07-29 14:25:00, 872334, 2025-07-30 14:25:00, 872845, 
2025-07-01 14:30:00, 857988, 2025-07-02 14:30:00, 858557, 2025-07-03 14:30:00, 859125, 2025-07-04 14:30:00, 859713, 2025-07-05 14:30:00, 860301, 2025-07-06 14:30:00, 860874, 2025-07-07 14:30:00, 861367, 2025-07-08 14:30:00, 861922, 2025-07-09 14:30:00, 862485, 2025-07-10 14:30:00, 863084, 2025-07-11 14:30:00, 863627, 2025-07-12 14:30:00, 864188, 2025-07-13 14:30:00, 864710, 2025-07-14 14:30:00, 865222, 2025-07-15 14:30:00, 865735, 2025-07-16 14:30:00, 866174, 2025-07-17 14:30:00, 866652, 2025-07-18 14:30:00, 867124, 2025-07-19 14:30:00, 867677, 2025-07-20 14:30:00, 868176, 2025-07-21 14:30:00, 868609, 2025-07-22 14:30:00, 868974, 2025-07-23 14:30:00, 869464, 2025-07-24 14:30:00, 869927, 2025-07-25 14:30:00, 870390, 2025-07-26 14:30:00, 870863, 2025-07-27 14:30:00, 871316, 2025-07-28 14:30:00, 871808, 2025-07-29 14:30:00, 872339, 2025-07-30 14:30:00, 872850, 
2025-07-01 14:35:00, 857992, 2025-07-02 14:35:00, 858562, 2025-07-03 14:35:00, 859130, 2025-07-04 14:35:00, 859717, 2025-07-05 14:35:00, 860305, 2025-07-06 14:35:00, 860878, 2025-07-07 14:35:00, 861372, 2025-07-08 14:35:00, 861927, 2025-07-09 14:35:00, 862490, 2025-07-10 14:35:00, 863088, 2025-07-11 14:35:00, 863632, 2025-07-12 14:35:00, 864193, 2025-07-13 14:35:00, 864714, 2025-07-14 14:35:00, 865226, 2025-07-15 14:35:00, 865740, 2025-07-16 14:35:00, 866180, 2025-07-17 14:35:00, 866657, 2025-07-18 14:35:00, 867129, 2025-07-19 14:35:00, 867682, 2025-07-20 14:35:00, 868181, 2025-07-21 14:35:00, 868614, 2025-07-22 14:35:00, 868979, 2025-07-23 14:35:00, 869469, 2025-07-24 14:35:00, 869932, 2025-07-25 14:35:00, 870395, 2025-07-26 14:35:00, 870868, 2025-07-27 14:35:00, 871321, 2025-07-28 14:35:00, 871813, 2025-07-29 14:35:00, 872344, 2025-07-30 14:35:00, 872855, 
2025-07-01 14:40:00, 857997, 2025-07-02 14:40:00, 858567, 2025-07-03 14:40:00, 859134, 2025-07-04 14:40:00, 859721, 2025-07-05 14:40:00, 860310, 2025-07-06 14:40:00, 860883, 2025-07-07 14:40:00, 861377, 2025-07-08 14:40:00, 861932, 2025-07-09 14:40:00, 862495, 2025-07-10 14:40:00, 863094, 2025-07-11 14:40:00, 863636, 2025-07-12 14:40:00, 864197, 2025-07-13 14:40:00, 864719, 2025-07-14 14:40:00, 865231, 2025-07-15 14:40:00, 865745, 2025-07-16 14:40:00, 866184, 2025-07-17 14:40:00, 866662, 2025-07-18 14:40:00, 867133, 2025-07-19 14:40:00, 867687, 2025-07-20 14:40:00, 868186, 2025-07-21 14:40:00, 868619, 2025-07-22 14:40:00, 868984, 2025-07-23 14:40:00, 869474, 2025-07-24 14:40:00, 869937, 2025-07-25 14:40:00, 870400, 2025-07-26 14:40:00, 870873, 2025-07-27 14:40:00, 871326, 2025-07-28 14:40:00, 871817, 2025-07-29 14:40:00, 872348, 2025-07-30 14:40:00, 872859, 
2025-07-01 14:45:00, 858002, 2025-07-02 14:45:00, 858572, 2025-07-03 14:45:00, 859139, 2025-07-04 14:45:00, 859726, 2025-07-05 14:45:00, 860315, 2025-07-06 14:45:00, 860888, 2025-07-07 14:45:00, 861382, 2025-07-08 14:45:00, 861937, 2025-07-09 14:45:00, 862500, 2025-07-10 14:45:00, 863098, 2025-07-11 14:45:00, 863641, 2025-07-12 14:45:00, 864202, 2025-07-13 14:45:00, 864724, 2025-07-14 14:45:00, 865236, 2025-07-15 14:45:00, 865750, 2025-07-16 14:45:00, 866189, 2025-07-17 14:45:00, 866667, 2025-07-18 14:45:00, 867138, 2025-07-19 14:45:00, 867691, 2025-07-20 14:45:00, 868191, 2025-07-21 14:45:00, 868624, 2025-07-22 14:45:00, 868989, 2025-07-23 14:45:00, 869479, 2025-07-24 14:45:00, 869942, 2025-07-25 14:45:00, 870405, 2025-07-26 14:45:00, 870878, 2025-07-27 14:45:00, 871331, 2025-07-28 14:45:00, 871822, 2025-07-29 14:45:00, 872353, 2025-07-30 14:45:00, 872864, 
2025-07-01 14:50:00, 858007, 2025-07-02 14:50:00, 858576, 2025-07-03 14:50:00, 859144, 2025-07-04 14:50:00, 859731, 2025-07-05 14:50:00, 860320, 2025-07-06 14:50:00, 860893, 2025-07-07 14:50:00, 861387, 2025-07-08 14:50:00, 861942, 2025-07-09 14:50:00, 862504, 2025-07-10 14:50:00, 863103, 2025-07-11 14:50:00, 863646, 2025-07-12 14:50:00, 864207, 2025-07-13 14:50:00, 864729, 2025-07-14 14:50:00, 865241, 2025-07-15 14:50:00, 865754, 2025-07-16 14:50:00, 866194, 2025-07-17 14:50:00, 866672, 2025-07-18 14:50:00, 867143, 2025-07-19 14:50:00, 867697, 2025-07-20 14:50:00, 868196, 2025-07-21 14:50:00, 868628, 2025-07-22 14:50:00, 868994, 2025-07-23 14:50:00, 869484, 2025-07-24 14:50:00, 869947, 2025-07-25 14:50:00, 870409, 2025-07-26 14:50:00, 870882, 2025-07-27 14:50:00, 871335, 2025-07-28 14:50:00, 871826, 2025-07-29 14:50:00, 872358, 2025-07-30 14:50:00, 872869, 
2025-07-01 14:55:00, 858012, 2025-07-02 14:55:00, 858581, 2025-07-03 14:55:00, 859149, 2025-07-04 14:55:00, 859735, 2025-07-05 14:55:00, 860324, 2025-07-06 14:55:00, 860898, 2025-07-07 14:55:00, 861392, 2025-07-08 14:55:00, 861947, 2025-07-09 14:55:00, 862509, 2025-07-10 14:55:00, 863108, 2025-07-11 14:55:00, 863650, 2025-07-12 14:55:00, 864212, 2025-07-13 14:55:00, 864733, 2025-07-14 14:55:00, 865245, 2025-07-15 14:55:00, 865759, 2025-07-16 14:55:00, 866199, 2025-07-17 14:55:00, 866676, 2025-07-18 14:55:00, 867148, 2025-07-19 14:55:00, 867701, 2025-07-20 14:55:00, 868200, 2025-07-21 14:55:00, 868633, 2025-07-22 14:55:00, 868998, 2025-07-23 14:55:00, 869489, 2025-07-24 14:55:00, 869951, 2025-07-25 14:55:00, 870414, 2025-07-26 14:55:00, 870887, 2025-07-27 14:55:00, 871340, 2025-07-28 14:55:00, 871831, 2025-07-29 14:55:00, 872362, 2025-07-30 14:55:00, 872874, 
2025-07-01 15:00:00, 858017, 2025-07-02 15:00:00, 858586, 2025-07-03 15:00:00, 859154, 2025-07-04 15:00:00, 859740, 2025-07-05 15:00:00, 860329, 2025-07-06 15:00:00, 860903, 2025-07-07 15:00:00, 861397, 2025-07-08 15:00:00, 861951, 2025-07-09 15:00:00, 862514, 2025-07-10 15:00:00, 863113, 2025-07-11 15:00:00, 863655, 2025-07-12 15:00:00, 864216, 2025-07-13 15:00:00, 864738, 2025-07-14 15:00:00, 865250, 2025-07-15 15:00:00, 865764, 2025-07-16 15:00:00, 866203, 2025-07-17 15:00:00, 866681, 2025-07-18 15:00:00, 867152, 2025-07-19 15:00:00, 867706, 2025-07-20 15:00:00, 868206, 2025-07-21 15:00:00, 868638, 2025-07-22 15:00:00, 869003, 2025-07-23 15:00:00, 869494, 2025-07-24 15:00:00, 869956, 2025-07-25 15:00:00, 870419, 2025-07-26 15:00:00, 870892, 2025-07-27 15:00:00, 871345, 2025-07-28 15:00:00, 871835, 2025-07-29 15:00:00, 872367, 2025-07-30 15:00:00, 872879, 
2025-07-01 15:05:00, 858022, 2025-07-02 15:05:00, 858591, 2025-07-03 15:05:00, 859159, 2025-07-04 15:05:00, 859745, 2025-07-05 15:05:00, 860334, 2025-07-06 15:05:00, 860907, 2025-07-07 15:05:00, 861401, 2025-07-08 15:05:00, 861956, 2025-07-09 15:05:00, 862519, 2025-07-10 15:05:00, 863118, 2025-07-11 15:05:00, 863660, 2025-07-12 15:05:00, 864222, 2025-07-13 15:05:00, 864743, 2025-07-14 15:05:00, 865255, 2025-07-15 15:05:00, 865768, 2025-07-16 15:05:00, 866208, 2025-07-17 15:05:00, 866686, 2025-07-18 15:05:00, 867157, 2025-07-19 15:05:00, 867711, 2025-07-20 15:05:00, 868210, 2025-07-21 15:05:00, 868643, 2025-07-22 15:05:00, 869008, 2025-07-23 15:05:00, 869498, 2025-07-24 15:05:00, 869961, 2025-07-25 15:05:00, 870424, 2025-07-26 15:05:00, 870897, 2025-07-27 15:05:00, 871350, 2025-07-28 15:05:00, 871840, 2025-07-29 15:05:00, 872372, 2025-07-30 15:05:00, 872884, 
2025-07-01 15:10:00, 858027, 2025-07-02 15:10:00, 858595, 2025-07-03 15:10:00, 859164, 2025-07-04 15:10:00, 859749, 2025-07-05 15:10:00, 860338, 2025-07-06 15:10:00, 860912, 2025-07-07 15:10:00, 861406, 2025-07-08 15:10:00, 861961, 2025-07-09 15:10:00, 862524, 2025-07-10 15:10:00, 863123, 2025-07-11 15:10:00, 863665, 2025-07-12 15:10:00, 864226, 2025-07-13 15:10:00, 864748, 2025-07-14 15:10:00, 865260, 2025-07-15 15:10:00, 865773, 2025-07-16 15:10:00, 866213, 2025-07-17 15:10:00, 866691, 2025-07-18 15:10:00, 867162, 2025-07-19 15:10:00, 867716, 2025-07-20 15:10:00, 868215, 2025-07-21 15:10:00, 868648, 2025-07-22 15:10:00, 869013, 2025-07-23 15:10:00, 869503, 2025-07-24 15:10:00, 869966, 2025-07-25 15:10:00, 870428, 2025-07-26 15:10:00, 870901, 2025-07-27 15:10:00, 871354, 2025-07-28 15:10:00, 871845, 2025-07-29 15:10:00, 872377, 2025-07-30 15:10:00, 872888, 
2025-07-01 15:15:00, 858031, 2025-07-02 15:15:00, 858600, 2025-07-03 15:15:00, 859169, 2025-07-04 15:15:00, 859754, 2025-07-05 15:15:00, 860343, 2025-07-06 15:15:00, 860917, 2025-07-07 15:15:00, 861411, 2025-07-08 15:15:00, 861966, 2025-07-09 15:15:00, 862529, 2025-07-10 15:15:00, 863128, 2025-07-11 15:15:00, 863669, 2025-07-12 15:15:00, 864231, 2025-07-13 15:15:00, 864752, 2025-07-14 15:15:00, 865265, 2025-07-15 15:15:00, 865778, 2025-07-16 15:15:00, 866218, 2025-07-17 15:15:00, 866695, 2025-07-18 15:15:00, 867167, 2025-07-19 15:15:00, 867720, 2025-07-20 15:15:00, 868220, 2025-07-21 15:15:00, 868653, 2025-07-22 15:15:00, 869018, 2025-07-23 15:15:00, 869508, 2025-07-24 15:15:00, 869970, 2025-07-25 15:15:00, 870433, 2025-07-26 15:15:00, 870906, 2025-07-27 15:15:00, 871359, 2025-07-28 15:15:00, 871849, 2025-07-29 15:15:00, 872381, 2025-07-30 15:15:00, 872893, 
2025-07-01 15:20:00, 858036, 2025-07-02 15:20:00, 858605, 2025-07-03 15:20:00, 859174, 2025-07-04 15:20:00, 859758, 2025-07-05 15:20:00, 860348, 2025-07-06 15:20:00, 860922, 2025-07-07 15:20:00, 861416, 2025-07-08 15:20:00, 861971, 2025-07-09 15:20:00, 862534, 2025-07-10 15:20:00, 863133, 2025-07-11 15:20:00, 863674, 2025-07-12 15:20:00, 864236, 2025-07-13 15:20:00, 864757, 2025-07-14 15:20:00, 865269, 2025-07-15 15:20:00, 865783, 2025-07-16 15:20:00, 866222, 2025-07-17 15:20:00, 866701, 2025-07-18 15:20:00, 867171, 2025-07-19 15:20:00, 867725, 2025-07-20 15:20:00, 868225, 2025-07-21 15:20:00, 868657, 2025-07-22 15:20:00, 869023, 2025-07-23 15:20:00, 869513, 2025-07-24 15:20:00, 869975, 2025-07-25 15:20:00, 870438, 2025-07-26 15:20:00, 870911, 2025-07-27 15:20:00, 871364, 2025-07-28 15:20:00, 871854, 2025-07-29 15:20:00, 872386, 2025-07-30 15:20:00, 872898, 
2025-07-01 15:25:00, 858041, 2025-07-02 15:25:00, 858610, 2025-07-03 15:25:00, 859179, 2025-07-04 15:25:00, 859763, 2025-07-05 15:25:00, 860352, 2025-07-06 15:25:00, 860927, 2025-07-07 15:25:00, 861421, 2025-07-08 15:25:00, 861976, 2025-07-09 15:25:00, 862539, 2025-07-10 15:25:00, 863138, 2025-07-11 15:25:00, 863679, 2025-07-12 15:25:00, 864241, 2025-07-13 15:25:00, 864762, 2025-07-14 15:25:00, 865274, 2025-07-15 15:25:00, 865787, 2025-07-16 15:25:00, 866227, 2025-07-17 15:25:00, 866705, 2025-07-18 15:25:00, 867176, 2025-07-19 15:25:00, 867730, 2025-07-20 15:25:00, 868229, 2025-07-21 15:25:00, 868662, 2025-07-22 15:25:00, 869028, 2025-07-23 15:25:00, 869518, 2025-07-24 15:25:00, 869980, 2025-07-25 15:25:00, 870443, 2025-07-26 15:25:00, 870916, 2025-07-27 15:25:00, 871369, 2025-07-28 15:25:00, 871858, 2025-07-29 15:25:00, 872391, 2025-07-30 15:25:00, 872903, 
2025-07-01 15:30:00, 858046, 2025-07-02 15:30:00, 858614, 2025-07-03 15:30:00, 859183, 2025-07-04 15:30:00, 859768, 2025-07-05 15:30:00, 860357, 2025-07-06 15:30:00, 860932, 2025-07-07 15:30:00, 861426, 2025-07-08 15:30:00, 861981, 2025-07-09 15:30:00, 862543, 2025-07-10 15:30:00, 863142, 2025-07-11 15:30:00, 863684, 2025-07-12 15:30:00, 864245, 2025-07-13 15:30:00, 864766, 2025-07-14 15:30:00, 865279, 2025-07-15 15:30:00, 865792, 2025-07-16 15:30:00, 866232, 2025-07-17 15:30:00, 866710, 2025-07-18 15:30:00, 867181, 2025-07-19 15:30:00, 867735, 2025-07-20 15:30:00, 868234, 2025-07-21 15:30:00, 868667, 2025-07-22 15:30:00, 869033, 2025-07-23 15:30:00, 869523, 2025-07-24 15:30:00, 869985, 2025-07-25 15:30:00, 870447, 2025-07-26 15:30:00, 870920, 2025-07-27 15:30:00, 871373, 2025-07-28 15:30:00, 871863, 2025-07-29 15:30:00, 872396, 2025-07-30 15:30:00, 872908, 
2025-07-01 15:35:00, 858051, 2025-07-02 15:35:00, 858619, 2025-07-03 15:35:00, 859188, 2025-07-04 15:35:00, 859772, 2025-07-05 15:35:00, 860362, 2025-07-06 15:35:00, 860936, 2025-07-07 15:35:00, 861431, 2025-07-08 15:35:00, 861986, 2025-07-09 15:35:00, 862549, 2025-07-10 15:35:00, 863147, 2025-07-11 15:35:00, 863689, 2025-07-12 15:35:00, 864250, 2025-07-13 15:35:00, 864771, 2025-07-14 15:35:00, 865284, 2025-07-15 15:35:00, 865797, 2025-07-16 15:35:00, 866237, 2025-07-17 15:35:00, 866715, 2025-07-18 15:35:00, 867186, 2025-07-19 15:35:00, 867740, 2025-07-20 15:35:00, 868239, 2025-07-21 15:35:00, 868672, 2025-07-22 15:35:00, 869037, 2025-07-23 15:35:00, 869528, 2025-07-24 15:35:00, 869990, 2025-07-25 15:35:00, 870453, 2025-07-26 15:35:00, 870925, 2025-07-27 15:35:00, 871378, 2025-07-28 15:35:00, 871868, 2025-07-29 15:35:00, 872400, 2025-07-30 15:35:00, 872912, 
2025-07-01 15:40:00, 858055, 2025-07-02 15:40:00, 858624, 2025-07-03 15:40:00, 859193, 2025-07-04 15:40:00, 859777, 2025-07-05 15:40:00, 860367, 2025-07-06 15:40:00, 860941, 2025-07-07 15:40:00, 861435, 2025-07-08 15:40:00, 861991, 2025-07-09 15:40:00, 862553, 2025-07-10 15:40:00, 863152, 2025-07-11 15:40:00, 863693, 2025-07-12 15:40:00, 864255, 2025-07-13 15:40:00, 864776, 2025-07-14 15:40:00, 865288, 2025-07-15 15:40:00, 865802, 2025-07-16 15:40:00, 866242, 2025-07-17 15:40:00, 866720, 2025-07-18 15:40:00, 867191, 2025-07-19 15:40:00, 867745, 2025-07-20 15:40:00, 868244, 2025-07-21 15:40:00, 868677, 2025-07-22 15:40:00, 869043, 2025-07-23 15:40:00, 869532, 2025-07-24 15:40:00, 869995, 2025-07-25 15:40:00, 870457, 2025-07-26 15:40:00, 870930, 2025-07-27 15:40:00, 871383, 2025-07-28 15:40:00, 871872, 2025-07-29 15:40:00, 872405, 2025-07-30 15:40:00, 872917, 
2025-07-01 15:45:00, 858060, 2025-07-02 15:45:00, 858628, 2025-07-03 15:45:00, 859198, 2025-07-04 15:45:00, 859782, 2025-07-05 15:45:00, 860371, 2025-07-06 15:45:00, 860946, 2025-07-07 15:45:00, 861440, 2025-07-08 15:45:00, 861996, 2025-07-09 15:45:00, 862558, 2025-07-10 15:45:00, 863157, 2025-07-11 15:45:00, 863699, 2025-07-12 15:45:00, 864260, 2025-07-13 15:45:00, 864781, 2025-07-14 15:45:00, 865293, 2025-07-15 15:45:00, 865806, 2025-07-16 15:45:00, 866246, 2025-07-17 15:45:00, 866725, 2025-07-18 15:45:00, 867195, 2025-07-19 15:45:00, 867750, 2025-07-20 15:45:00, 868249, 2025-07-21 15:45:00, 868682, 2025-07-22 15:45:00, 869047, 2025-07-23 15:45:00, 869537, 2025-07-24 15:45:00, 870000, 2025-07-25 15:45:00, 870462, 2025-07-26 15:45:00, 870935, 2025-07-27 15:45:00, 871388, 2025-07-28 15:45:00, 871877, 2025-07-29 15:45:00, 872410, 2025-07-30 15:45:00, 872922, 
2025-07-01 15:50:00, 858065, 2025-07-02 15:50:00, 858633, 2025-07-03 15:50:00, 859201, 2025-07-04 15:50:00, 859786, 2025-07-05 15:50:00, 860376, 2025-07-06 15:50:00, 860951, 2025-07-07 15:50:00, 861445, 2025-07-08 15:50:00, 862001, 2025-07-09 15:50:00, 862563, 2025-07-10 15:50:00, 863162, 2025-07-11 15:50:00, 863703, 2025-07-12 15:50:00, 864265, 2025-07-13 15:50:00, 864785, 2025-07-14 15:50:00, 865298, 2025-07-15 15:50:00, 865811, 2025-07-16 15:50:00, 866251, 2025-07-17 15:50:00, 866730, 2025-07-18 15:50:00, 867200, 2025-07-19 15:50:00, 867755, 2025-07-20 15:50:00, 868254, 2025-07-21 15:50:00, 868686, 2025-07-22 15:50:00, 869052, 2025-07-23 15:50:00, 869542, 2025-07-24 15:50:00, 870005, 2025-07-25 15:50:00, 870467, 2025-07-26 15:50:00, 870939, 2025-07-27 15:50:00, 871392, 2025-07-28 15:50:00, 871882, 2025-07-29 15:50:00, 872414, 2025-07-30 15:50:00, 872927, 
2025-07-01 15:55:00, 858070, 2025-07-02 15:55:00, 858638, 2025-07-03 15:55:00, 859205, 2025-07-04 15:55:00, 859790, 2025-07-05 15:55:00, 860381, 2025-07-06 15:55:00, 860955, 2025-07-07 15:55:00, 861450, 2025-07-08 15:55:00, 862005, 2025-07-09 15:55:00, 862568, 2025-07-10 15:55:00, 863167, 2025-07-11 15:55:00, 863708, 2025-07-12 15:55:00, 864269, 2025-07-13 15:55:00, 864790, 2025-07-14 15:55:00, 865302, 2025-07-15 15:55:00, 865816, 2025-07-16 15:55:00, 866256, 2025-07-17 15:55:00, 866734, 2025-07-18 15:55:00, 867205, 2025-07-19 15:55:00, 867759, 2025-07-20 15:55:00, 868259, 2025-07-21 15:55:00, 868691, 2025-07-22 15:55:00, 869057, 2025-07-23 15:55:00, 869547, 2025-07-24 15:55:00, 870009, 2025-07-25 15:55:00, 870472, 2025-07-26 15:55:00, 870944, 2025-07-27 15:55:00, 871397, 2025-07-28 15:55:00, 871886, 2025-07-29 15:55:00, 872419, 2025-07-30 15:55:00, 872932, 
2025-07-01 16:00:00, 858075, 2025-07-02 16:00:00, 858643, 2025-07-03 16:00:00, 859209, 2025-07-04 16:00:00, 859795, 2025-07-05 16:00:00, 860386, 2025-07-06 16:00:00, 860960, 2025-07-07 16:00:00, 861455, 2025-07-08 16:00:00, 862010, 2025-07-09 16:00:00, 862573, 2025-07-10 16:00:00, 863172, 2025-07-11 16:00:00, 863713, 2025-07-12 16:00:00, 864274, 2025-07-13 16:00:00, 864795, 2025-07-14 16:00:00, 865307, 2025-07-15 16:00:00, 865821, 2025-07-16 16:00:00, 866261, 2025-07-17 16:00:00, 866739, 2025-07-18 16:00:00, 867210, 2025-07-19 16:00:00, 867764, 2025-07-20 16:00:00, 868264, 2025-07-21 16:00:00, 868696, 2025-07-22 16:00:00, 869062, 2025-07-23 16:00:00, 869552, 2025-07-24 16:00:00, 870014, 2025-07-25 16:00:00, 870477, 2025-07-26 16:00:00, 870949, 2025-07-27 16:00:00, 871402, 2025-07-28 16:00:00, 871891, 2025-07-29 16:00:00, 872423, 2025-07-30 16:00:00, 872937, 
2025-07-01 16:05:00, 858080, 2025-07-02 16:05:00, 858647, 2025-07-03 16:05:00, 859213, 2025-07-04 16:05:00, 859800, 2025-07-05 16:05:00, 860391, 2025-07-06 16:05:00, 860965, 2025-07-07 16:05:00, 861459, 2025-07-08 16:05:00, 862015, 2025-07-09 16:05:00, 862577, 2025-07-10 16:05:00, 863177, 2025-07-11 16:05:00, 863717, 2025-07-12 16:05:00, 864279, 2025-07-13 16:05:00, 864800, 2025-07-14 16:05:00, 865312, 2025-07-15 16:05:00, 865825, 2025-07-16 16:05:00, 866265, 2025-07-17 16:05:00, 866744, 2025-07-18 16:05:00, 867215, 2025-07-19 16:05:00, 867769, 2025-07-20 16:05:00, 868268, 2025-07-21 16:05:00, 868701, 2025-07-22 16:05:00, 869067, 2025-07-23 16:05:00, 869556, 2025-07-24 16:05:00, 870019, 2025-07-25 16:05:00, 870481, 2025-07-26 16:05:00, 870954, 2025-07-27 16:05:00, 871407, 2025-07-28 16:05:00, 871896, 2025-07-29 16:05:00, 872428, 2025-07-30 16:05:00, 872941, 
2025-07-01 16:10:00, 858084, 2025-07-02 16:10:00, 858652, 2025-07-03 16:10:00, 859218, 2025-07-04 16:10:00, 859804, 2025-07-05 16:10:00, 860395, 2025-07-06 16:10:00, 860970, 2025-07-07 16:10:00, 861465, 2025-07-08 16:10:00, 862020, 2025-07-09 16:10:00, 862582, 2025-07-10 16:10:00, 863182, 2025-07-11 16:10:00, 863722, 2025-07-12 16:10:00, 864284, 2025-07-13 16:10:00, 864804, 2025-07-14 16:10:00, 865316, 2025-07-15 16:10:00, 865830, 2025-07-16 16:10:00, 866270, 2025-07-17 16:10:00, 866749, 2025-07-18 16:10:00, 867219, 2025-07-19 16:10:00, 867774, 2025-07-20 16:10:00, 868273, 2025-07-21 16:10:00, 868706, 2025-07-22 16:10:00, 869071, 2025-07-23 16:10:00, 869561, 2025-07-24 16:10:00, 870024, 2025-07-25 16:10:00, 870487, 2025-07-26 16:10:00, 870959, 2025-07-27 16:10:00, 871412, 2025-07-28 16:10:00, 871901, 2025-07-29 16:10:00, 872433, 2025-07-30 16:10:00, 872946, 
2025-07-01 16:15:00, 858089, 2025-07-02 16:15:00, 858657, 2025-07-03 16:15:00, 859222, 2025-07-04 16:15:00, 859809, 2025-07-05 16:15:00, 860400, 2025-07-06 16:15:00, 860975, 2025-07-07 16:15:00, 861469, 2025-07-08 16:15:00, 862025, 2025-07-09 16:15:00, 862587, 2025-07-10 16:15:00, 863187, 2025-07-11 16:15:00, 863727, 2025-07-12 16:15:00, 864289, 2025-07-13 16:15:00, 864809, 2025-07-14 16:15:00, 865321, 2025-07-15 16:15:00, 865835, 2025-07-16 16:15:00, 866275, 2025-07-17 16:15:00, 866754, 2025-07-18 16:15:00, 867224, 2025-07-19 16:15:00, 867779, 2025-07-20 16:15:00, 868278, 2025-07-21 16:15:00, 868711, 2025-07-22 16:15:00, 869076, 2025-07-23 16:15:00, 869566, 2025-07-24 16:15:00, 870029, 2025-07-25 16:15:00, 870491, 2025-07-26 16:15:00, 870963, 2025-07-27 16:15:00, 871416, 2025-07-28 16:15:00, 871905, 2025-07-29 16:15:00, 872438, 2025-07-30 16:15:00, 872951, 
2025-07-01 16:20:00, 858094, 2025-07-02 16:20:00, 858661, 2025-07-03 16:20:00, 859227, 2025-07-04 16:20:00, 859814, 2025-07-05 16:20:00, 860405, 2025-07-06 16:20:00, 860980, 2025-07-07 16:20:00, 861474, 2025-07-08 16:20:00, 862030, 2025-07-09 16:20:00, 862592, 2025-07-10 16:20:00, 863191, 2025-07-11 16:20:00, 863731, 2025-07-12 16:20:00, 864293, 2025-07-13 16:20:00, 864814, 2025-07-14 16:20:00, 865326, 2025-07-15 16:20:00, 865840, 2025-07-16 16:20:00, 866279, 2025-07-17 16:20:00, 866758, 2025-07-18 16:20:00, 867229, 2025-07-19 16:20:00, 867784, 2025-07-20 16:20:00, 868283, 2025-07-21 16:20:00, 868716, 2025-07-22 16:20:00, 869081, 2025-07-23 16:20:00, 869571, 2025-07-24 16:20:00, 870034, 2025-07-25 16:20:00, 870496, 2025-07-26 16:20:00, 870968, 2025-07-27 16:20:00, 871421, 2025-07-28 16:20:00, 871910, 2025-07-29 16:20:00, 872443, 2025-07-30 16:20:00, 872956, 
2025-07-01 16:25:00, 858099, 2025-07-02 16:25:00, 858666, 2025-07-03 16:25:00, 859231, 2025-07-04 16:25:00, 859818, 2025-07-05 16:25:00, 860410, 2025-07-06 16:25:00, 860985, 2025-07-07 16:25:00, 861479, 2025-07-08 16:25:00, 862034, 2025-07-09 16:25:00, 862597, 2025-07-10 16:25:00, 863196, 2025-07-11 16:25:00, 863736, 2025-07-12 16:25:00, 864298, 2025-07-13 16:25:00, 864819, 2025-07-14 16:25:00, 865331, 2025-07-15 16:25:00, 865845, 2025-07-16 16:25:00, 866284, 2025-07-17 16:25:00, 866763, 2025-07-18 16:25:00, 867234, 2025-07-19 16:25:00, 867789, 2025-07-20 16:25:00, 868285, 2025-07-21 16:25:00, 868720, 2025-07-22 16:25:00, 869086, 2025-07-23 16:25:00, 869576, 2025-07-24 16:25:00, 870039, 2025-07-25 16:25:00, 870501, 2025-07-26 16:25:00, 870973, 2025-07-27 16:25:00, 871426, 2025-07-28 16:25:00, 871915, 2025-07-29 16:25:00, 872448, 2025-07-30 16:25:00, 872960, 
2025-07-01 16:30:00, 858104, 2025-07-02 16:30:00, 858671, 2025-07-03 16:30:00, 859236, 2025-07-04 16:30:00, 859823, 2025-07-05 16:30:00, 860414, 2025-07-06 16:30:00, 860989, 2025-07-07 16:30:00, 861484, 2025-07-08 16:30:00, 862039, 2025-07-09 16:30:00, 862602, 2025-07-10 16:30:00, 863201, 2025-07-11 16:30:00, 863741, 2025-07-12 16:30:00, 864303, 2025-07-13 16:30:00, 864823, 2025-07-14 16:30:00, 865335, 2025-07-15 16:30:00, 865850, 2025-07-16 16:30:00, 866289, 2025-07-17 16:30:00, 866768, 2025-07-18 16:30:00, 867239, 2025-07-19 16:30:00, 867793, 2025-07-20 16:30:00, 868283, 2025-07-21 16:30:00, 868725, 2025-07-22 16:30:00, 869091, 2025-07-23 16:30:00, 869581, 2025-07-24 16:30:00, 870043, 2025-07-25 16:30:00, 870504, 2025-07-26 16:30:00, 870978, 2025-07-27 16:30:00, 871431, 2025-07-28 16:30:00, 871919, 2025-07-29 16:30:00, 872452, 2025-07-30 16:30:00, 872965, 
2025-07-01 16:35:00, 858109, 2025-07-02 16:35:00, 858676, 2025-07-03 16:35:00, 859241, 2025-07-04 16:35:00, 859828, 2025-07-05 16:35:00, 860419, 2025-07-06 16:35:00, 860994, 2025-07-07 16:35:00, 861488, 2025-07-08 16:35:00, 862044, 2025-07-09 16:35:00, 862607, 2025-07-10 16:35:00, 863206, 2025-07-11 16:35:00, 863746, 2025-07-12 16:35:00, 864308, 2025-07-13 16:35:00, 864828, 2025-07-14 16:35:00, 865341, 2025-07-15 16:35:00, 865854, 2025-07-16 16:35:00, 866294, 2025-07-17 16:35:00, 866773, 2025-07-18 16:35:00, 867244, 2025-07-19 16:35:00, 867798, 2025-07-20 16:35:00, 868288, 2025-07-21 16:35:00, 868730, 2025-07-22 16:35:00, 869096, 2025-07-23 16:35:00, 869585, 2025-07-24 16:35:00, 870048, 2025-07-25 16:35:00, 870507, 2025-07-26 16:35:00, 870982, 2025-07-27 16:35:00, 871435, 2025-07-28 16:35:00, 871924, 2025-07-29 16:35:00, 872457, 2025-07-30 16:35:00, 872970, 
2025-07-01 16:40:00, 858113, 2025-07-02 16:40:00, 858680, 2025-07-03 16:40:00, 859246, 2025-07-04 16:40:00, 859833, 2025-07-05 16:40:00, 860423, 2025-07-06 16:40:00, 860999, 2025-07-07 16:40:00, 861493, 2025-07-08 16:40:00, 862049, 2025-07-09 16:40:00, 862612, 2025-07-10 16:40:00, 863211, 2025-07-11 16:40:00, 863750, 2025-07-12 16:40:00, 864313, 2025-07-13 16:40:00, 864833, 2025-07-14 16:40:00, 865345, 2025-07-15 16:40:00, 865859, 2025-07-16 16:40:00, 866298, 2025-07-17 16:40:00, 866777, 2025-07-18 16:40:00, 867248, 2025-07-19 16:40:00, 867803, 2025-07-20 16:40:00, 868293, 2025-07-21 16:40:00, 868735, 2025-07-22 16:40:00, 869101, 2025-07-23 16:40:00, 869590, 2025-07-24 16:40:00, 870053, 2025-07-25 16:40:00, 870510, 2025-07-26 16:40:00, 870987, 2025-07-27 16:40:00, 871440, 2025-07-28 16:40:00, 871928, 2025-07-29 16:40:00, 872462, 2025-07-30 16:40:00, 872975, 
2025-07-01 16:45:00, 858118, 2025-07-02 16:45:00, 858685, 2025-07-03 16:45:00, 859250, 2025-07-04 16:45:00, 859837, 2025-07-05 16:45:00, 860428, 2025-07-06 16:45:00, 861004, 2025-07-07 16:45:00, 861498, 2025-07-08 16:45:00, 862054, 2025-07-09 16:45:00, 862616, 2025-07-10 16:45:00, 863216, 2025-07-11 16:45:00, 863755, 2025-07-12 16:45:00, 864317, 2025-07-13 16:45:00, 864837, 2025-07-14 16:45:00, 865350, 2025-07-15 16:45:00, 865864, 2025-07-16 16:45:00, 866303, 2025-07-17 16:45:00, 866782, 2025-07-18 16:45:00, 867253, 2025-07-19 16:45:00, 867808, 2025-07-20 16:45:00, 868298, 2025-07-21 16:45:00, 868739, 2025-07-22 16:45:00, 869106, 2025-07-23 16:45:00, 869595, 2025-07-24 16:45:00, 870058, 2025-07-25 16:45:00, 870512, 2025-07-26 16:45:00, 870992, 2025-07-27 16:45:00, 871445, 2025-07-28 16:45:00, 871933, 2025-07-29 16:45:00, 872466, 2025-07-30 16:45:00, 872979, 
2025-07-01 16:50:00, 858123, 2025-07-02 16:50:00, 858690, 2025-07-03 16:50:00, 859255, 2025-07-04 16:50:00, 859842, 2025-07-05 16:50:00, 860432, 2025-07-06 16:50:00, 861008, 2025-07-07 16:50:00, 861503, 2025-07-08 16:50:00, 862059, 2025-07-09 16:50:00, 862621, 2025-07-10 16:50:00, 863221, 2025-07-11 16:50:00, 863760, 2025-07-12 16:50:00, 864322, 2025-07-13 16:50:00, 864842, 2025-07-14 16:50:00, 865355, 2025-07-15 16:50:00, 865869, 2025-07-16 16:50:00, 866308, 2025-07-17 16:50:00, 866787, 2025-07-18 16:50:00, 867258, 2025-07-19 16:50:00, 867812, 2025-07-20 16:50:00, 868303, 2025-07-21 16:50:00, 868743, 2025-07-22 16:50:00, 869110, 2025-07-23 16:50:00, 869600, 2025-07-24 16:50:00, 870062, 2025-07-25 16:50:00, 870513, 2025-07-26 16:50:00, 870997, 2025-07-27 16:50:00, 871450, 2025-07-28 16:50:00, 871938, 2025-07-29 16:50:00, 872471, 2025-07-30 16:50:00, 872984, 
2025-07-01 16:55:00, 858127, 2025-07-02 16:55:00, 858695, 2025-07-03 16:55:00, 859260, 2025-07-04 16:55:00, 859846, 2025-07-05 16:55:00, 860437, 2025-07-06 16:55:00, 861013, 2025-07-07 16:55:00, 861507, 2025-07-08 16:55:00, 862063, 2025-07-09 16:55:00, 862626, 2025-07-10 16:55:00, 863226, 2025-07-11 16:55:00, 863764, 2025-07-12 16:55:00, 864327, 2025-07-13 16:55:00, 864846, 2025-07-14 16:55:00, 865359, 2025-07-15 16:55:00, 865873, 2025-07-16 16:55:00, 866312, 2025-07-17 16:55:00, 866792, 2025-07-18 16:55:00, 867263, 2025-07-19 16:55:00, 867817, 2025-07-20 16:55:00, 868307, 2025-07-21 16:55:00, 868745, 2025-07-22 16:55:00, 869115, 2025-07-23 16:55:00, 869605, 2025-07-24 16:55:00, 870068, 2025-07-25 16:55:00, 870515, 2025-07-26 16:55:00, 871001, 2025-07-27 16:55:00, 871454, 2025-07-28 16:55:00, 871942, 2025-07-29 16:55:00, 872475, 2025-07-30 16:55:00, 872989, 
2025-07-01 17:00:00, 858133, 2025-07-02 17:00:00, 858699, 2025-07-03 17:00:00, 859264, 2025-07-04 17:00:00, 859851, 2025-07-05 17:00:00, 860442, 2025-07-06 17:00:00, 861018, 2025-07-07 17:00:00, 861512, 2025-07-08 17:00:00, 862068, 2025-07-09 17:00:00, 862631, 2025-07-10 17:00:00, 863231, 2025-07-11 17:00:00, 863769, 2025-07-12 17:00:00, 864331, 2025-07-13 17:00:00, 864851, 2025-07-14 17:00:00, 865364, 2025-07-15 17:00:00, 865878, 2025-07-16 17:00:00, 866316, 2025-07-17 17:00:00, 866796, 2025-07-18 17:00:00, 867267, 2025-07-19 17:00:00, 867822, 2025-07-20 17:00:00, 868312, 2025-07-21 17:00:00, 868748, 2025-07-22 17:00:00, 869120, 2025-07-23 17:00:00, 869609, 2025-07-24 17:00:00, 870072, 2025-07-25 17:00:00, 870516, 2025-07-26 17:00:00, 871005, 2025-07-27 17:00:00, 871459, 2025-07-28 17:00:00, 871947, 2025-07-29 17:00:00, 872479, 2025-07-30 17:00:00, 872993, 
2025-07-01 17:05:00, 858137, 2025-07-02 17:05:00, 858704, 2025-07-03 17:05:00, 859267, 2025-07-04 17:05:00, 859855, 2025-07-05 17:05:00, 860446, 2025-07-06 17:05:00, 861022, 2025-07-07 17:05:00, 861517, 2025-07-08 17:05:00, 862072, 2025-07-09 17:05:00, 862635, 2025-07-10 17:05:00, 863235, 2025-07-11 17:05:00, 863773, 2025-07-12 17:05:00, 864336, 2025-07-13 17:05:00, 864855, 2025-07-14 17:05:00, 865368, 2025-07-15 17:05:00, 865883, 2025-07-16 17:05:00, 866321, 2025-07-17 17:05:00, 866800, 2025-07-18 17:05:00, 867272, 2025-07-19 17:05:00, 867826, 2025-07-20 17:05:00, 868317, 2025-07-21 17:05:00, 868749, 2025-07-22 17:05:00, 869124, 2025-07-23 17:05:00, 869614, 2025-07-24 17:05:00, 870076, 2025-07-25 17:05:00, 870517, 2025-07-26 17:05:00, 871010, 2025-07-27 17:05:00, 871463, 2025-07-28 17:05:00, 871951, 2025-07-29 17:05:00, 872484, 2025-07-30 17:05:00, 872998, 
2025-07-01 17:10:00, 858141, 2025-07-02 17:10:00, 858708, 2025-07-03 17:10:00, 859272, 2025-07-04 17:10:00, 859860, 2025-07-05 17:10:00, 860450, 2025-07-06 17:10:00, 861026, 2025-07-07 17:10:00, 861522, 2025-07-08 17:10:00, 862077, 2025-07-09 17:10:00, 862640, 2025-07-10 17:10:00, 863239, 2025-07-11 17:10:00, 863778, 2025-07-12 17:10:00, 864340, 2025-07-13 17:10:00, 864859, 2025-07-14 17:10:00, 865372, 2025-07-15 17:10:00, 865887, 2025-07-16 17:10:00, 866325, 2025-07-17 17:10:00, 866805, 2025-07-18 17:10:00, 867276, 2025-07-19 17:10:00, 867830, 2025-07-20 17:10:00, 868321, 2025-07-21 17:10:00, 868752, 2025-07-22 17:10:00, 869129, 2025-07-23 17:10:00, 869618, 2025-07-24 17:10:00, 870079, 2025-07-25 17:10:00, 870518, 2025-07-26 17:10:00, 871014, 2025-07-27 17:10:00, 871467, 2025-07-28 17:10:00, 871955, 2025-07-29 17:10:00, 872488, 2025-07-30 17:10:00, 873002, 
2025-07-01 17:15:00, 858145, 2025-07-02 17:15:00, 858712, 2025-07-03 17:15:00, 859276, 2025-07-04 17:15:00, 859864, 2025-07-05 17:15:00, 860455, 2025-07-06 17:15:00, 861031, 2025-07-07 17:15:00, 861526, 2025-07-08 17:15:00, 862082, 2025-07-09 17:15:00, 862644, 2025-07-10 17:15:00, 863244, 2025-07-11 17:15:00, 863782, 2025-07-12 17:15:00, 864344, 2025-07-13 17:15:00, 864864, 2025-07-14 17:15:00, 865377, 2025-07-15 17:15:00, 865891, 2025-07-16 17:15:00, 866329, 2025-07-17 17:15:00, 866809, 2025-07-18 17:15:00, 867280, 2025-07-19 17:15:00, 867835, 2025-07-20 17:15:00, 868325, 2025-07-21 17:15:00, 868753, 2025-07-22 17:15:00, 869133, 2025-07-23 17:15:00, 869623, 2025-07-24 17:15:00, 870083, 2025-07-25 17:15:00, 870519, 2025-07-26 17:15:00, 871018, 2025-07-27 17:15:00, 871471, 2025-07-28 17:15:00, 871959, 2025-07-29 17:15:00, 872492, 2025-07-30 17:15:00, 873006, 
2025-07-01 17:20:00, 858150, 2025-07-02 17:20:00, 858716, 2025-07-03 17:20:00, 859281, 2025-07-04 17:20:00, 859869, 2025-07-05 17:20:00, 860458, 2025-07-06 17:20:00, 861035, 2025-07-07 17:20:00, 861530, 2025-07-08 17:20:00, 862086, 2025-07-09 17:20:00, 862648, 2025-07-10 17:20:00, 863248, 2025-07-11 17:20:00, 863787, 2025-07-12 17:20:00, 864349, 2025-07-13 17:20:00, 864868, 2025-07-14 17:20:00, 865381, 2025-07-15 17:20:00, 865895, 2025-07-16 17:20:00, 866334, 2025-07-17 17:20:00, 866813, 2025-07-18 17:20:00, 867285, 2025-07-19 17:20:00, 867839, 2025-07-20 17:20:00, 868329, 2025-07-21 17:20:00, 868755, 2025-07-22 17:20:00, 869137, 2025-07-23 17:20:00, 869627, 2025-07-24 17:20:00, 870085, 2025-07-25 17:20:00, 870520, 2025-07-26 17:20:00, 871022, 2025-07-27 17:20:00, 871476, 2025-07-28 17:20:00, 871963, 2025-07-29 17:20:00, 872496, 2025-07-30 17:20:00, 873010, 
2025-07-01 17:25:00, 858154, 2025-07-02 17:25:00, 858721, 2025-07-03 17:25:00, 859285, 2025-07-04 17:25:00, 859872, 2025-07-05 17:25:00, 860462, 2025-07-06 17:25:00, 861039, 2025-07-07 17:25:00, 861534, 2025-07-08 17:25:00, 862090, 2025-07-09 17:25:00, 862652, 2025-07-10 17:25:00, 863253, 2025-07-11 17:25:00, 863790, 2025-07-12 17:25:00, 864352, 2025-07-13 17:25:00, 864872, 2025-07-14 17:25:00, 865385, 2025-07-15 17:25:00, 865900, 2025-07-16 17:25:00, 866338, 2025-07-17 17:25:00, 866817, 2025-07-18 17:25:00, 867289, 2025-07-19 17:25:00, 867843, 2025-07-20 17:25:00, 868334, 2025-07-21 17:25:00, 868756, 2025-07-22 17:25:00, 869141, 2025-07-23 17:25:00, 869630, 2025-07-24 17:25:00, 870090, 2025-07-25 17:25:00, 870521, 2025-07-26 17:25:00, 871026, 2025-07-27 17:25:00, 871479, 2025-07-28 17:25:00, 871966, 2025-07-29 17:25:00, 872500, 2025-07-30 17:25:00, 873014, 
2025-07-01 17:30:00, 858158, 2025-07-02 17:30:00, 858725, 2025-07-03 17:30:00, 859289, 2025-07-04 17:30:00, 859876, 2025-07-05 17:30:00, 860466, 2025-07-06 17:30:00, 861043, 2025-07-07 17:30:00, 861538, 2025-07-08 17:30:00, 862094, 2025-07-09 17:30:00, 862657, 2025-07-10 17:30:00, 863257, 2025-07-11 17:30:00, 863794, 2025-07-12 17:30:00, 864356, 2025-07-13 17:30:00, 864876, 2025-07-14 17:30:00, 865389, 2025-07-15 17:30:00, 865904, 2025-07-16 17:30:00, 866341, 2025-07-17 17:30:00, 866821, 2025-07-18 17:30:00, 867293, 2025-07-19 17:30:00, 867847, 2025-07-20 17:30:00, 868338, 2025-07-21 17:30:00, 868757, 2025-07-22 17:30:00, 869145, 2025-07-23 17:30:00, 869635, 2025-07-24 17:30:00, 870093, 2025-07-25 17:30:00, 870522, 2025-07-26 17:30:00, 871030, 2025-07-27 17:30:00, 871483, 2025-07-28 17:30:00, 871969, 2025-07-29 17:30:00, 872504, 2025-07-30 17:30:00, 873018, 
2025-07-01 17:35:00, 858162, 2025-07-02 17:35:00, 858728, 2025-07-03 17:35:00, 859293, 2025-07-04 17:35:00, 859880, 2025-07-05 17:35:00, 860470, 2025-07-06 17:35:00, 861047, 2025-07-07 17:35:00, 861542, 2025-07-08 17:35:00, 862098, 2025-07-09 17:35:00, 862660, 2025-07-10 17:35:00, 863261, 2025-07-11 17:35:00, 863798, 2025-07-12 17:35:00, 864360, 2025-07-13 17:35:00, 864880, 2025-07-14 17:35:00, 865393, 2025-07-15 17:35:00, 865908, 2025-07-16 17:35:00, 866345, 2025-07-17 17:35:00, 866825, 2025-07-18 17:35:00, 867296, 2025-07-19 17:35:00, 867851, 2025-07-20 17:35:00, 868341, 2025-07-21 17:35:00, 868758, 2025-07-22 17:35:00, 869149, 2025-07-23 17:35:00, 869639, 2025-07-24 17:35:00, 870096, 2025-07-25 17:35:00, 870523, 2025-07-26 17:35:00, 871034, 2025-07-27 17:35:00, 871487, 2025-07-28 17:35:00, 871971, 2025-07-29 17:35:00, 872507, 2025-07-30 17:35:00, 873022, 
2025-07-01 17:40:00, 858165, 2025-07-02 17:40:00, 858732, 2025-07-03 17:40:00, 859297, 2025-07-04 17:40:00, 859884, 2025-07-05 17:40:00, 860473, 2025-07-06 17:40:00, 861050, 2025-07-07 17:40:00, 861546, 2025-07-08 17:40:00, 862102, 2025-07-09 17:40:00, 862664, 2025-07-10 17:40:00, 863264, 2025-07-11 17:40:00, 863802, 2025-07-12 17:40:00, 864364, 2025-07-13 17:40:00, 864883, 2025-07-14 17:40:00, 865396, 2025-07-15 17:40:00, 865911, 2025-07-16 17:40:00, 866349, 2025-07-17 17:40:00, 866828, 2025-07-18 17:40:00, 867301, 2025-07-19 17:40:00, 867854, 2025-07-20 17:40:00, 868345, 2025-07-21 17:40:00, 868759, 2025-07-22 17:40:00, 869153, 2025-07-23 17:40:00, 869642, 2025-07-24 17:40:00, 870099, 2025-07-25 17:40:00, 870524, 2025-07-26 17:40:00, 871037, 2025-07-27 17:40:00, 871490, 2025-07-28 17:40:00, 871973, 2025-07-29 17:40:00, 872511, 2025-07-30 17:40:00, 873025, 
2025-07-01 17:45:00, 858169, 2025-07-02 17:45:00, 858736, 2025-07-03 17:45:00, 859301, 2025-07-04 17:45:00, 859888, 2025-07-05 17:45:00, 860477, 2025-07-06 17:45:00, 861054, 2025-07-07 17:45:00, 861550, 2025-07-08 17:45:00, 862106, 2025-07-09 17:45:00, 862668, 2025-07-10 17:45:00, 863268, 2025-07-11 17:45:00, 863806, 2025-07-12 17:45:00, 864368, 2025-07-13 17:45:00, 864887, 2025-07-14 17:45:00, 865400, 2025-07-15 17:45:00, 865915, 2025-07-16 17:45:00, 866352, 2025-07-17 17:45:00, 866832, 2025-07-18 17:45:00, 867304, 2025-07-19 17:45:00, 867858, 2025-07-20 17:45:00, 868349, 2025-07-21 17:45:00, 868760, 2025-07-22 17:45:00, 869156, 2025-07-23 17:45:00, 869646, 2025-07-24 17:45:00, 870102, 2025-07-25 17:45:00, 870525, 2025-07-26 17:45:00, 871041, 2025-07-27 17:45:00, 871493, 2025-07-28 17:45:00, 871976, 2025-07-29 17:45:00, 872514, 2025-07-30 17:45:00, 873029, 
2025-07-01 17:50:00, 858173, 2025-07-02 17:50:00, 858740, 2025-07-03 17:50:00, 859304, 2025-07-04 17:50:00, 859891, 2025-07-05 17:50:00, 860480, 2025-07-06 17:50:00, 861058, 2025-07-07 17:50:00, 861553, 2025-07-08 17:50:00, 862109, 2025-07-09 17:50:00, 862671, 2025-07-10 17:50:00, 863271, 2025-07-11 17:50:00, 863809, 2025-07-12 17:50:00, 864371, 2025-07-13 17:50:00, 864890, 2025-07-14 17:50:00, 865404, 2025-07-15 17:50:00, 865918, 2025-07-16 17:50:00, 866356, 2025-07-17 17:50:00, 866836, 2025-07-18 17:50:00, 867307, 2025-07-19 17:50:00, 867862, 2025-07-20 17:50:00, 868352, 2025-07-21 17:50:00, 868761, 2025-07-22 17:50:00, 869160, 2025-07-23 17:50:00, 869648, 2025-07-24 17:50:00, 870104, 2025-07-25 17:50:00, 870525, 2025-07-26 17:50:00, 871043, 2025-07-27 17:50:00, 871496, 2025-07-28 17:50:00, 871979, 2025-07-29 17:50:00, 872517, 2025-07-30 17:50:00, 873032, 
2025-07-01 17:55:00, 858176, 2025-07-02 17:55:00, 858743, 2025-07-03 17:55:00, 859308, 2025-07-04 17:55:00, 859895, 2025-07-05 17:55:00, 860483, 2025-07-06 17:55:00, 861061, 2025-07-07 17:55:00, 861557, 2025-07-08 17:55:00, 862113, 2025-07-09 17:55:00, 862675, 2025-07-10 17:55:00, 863275, 2025-07-11 17:55:00, 863813, 2025-07-12 17:55:00, 864375, 2025-07-13 17:55:00, 864893, 2025-07-14 17:55:00, 865407, 2025-07-15 17:55:00, 865922, 2025-07-16 17:55:00, 866359, 2025-07-17 17:55:00, 866839, 2025-07-18 17:55:00, 867311, 2025-07-19 17:55:00, 867865, 2025-07-20 17:55:00, 868355, 2025-07-21 17:55:00, 868762, 2025-07-22 17:55:00, 869163, 2025-07-23 17:55:00, 869651, 2025-07-24 17:55:00, 870105, 2025-07-25 17:55:00, 870526, 2025-07-26 17:55:00, 871046, 2025-07-27 17:55:00, 871499, 2025-07-28 17:55:00, 871982, 2025-07-29 17:55:00, 872520, 2025-07-30 17:55:00, 873035, 
2025-07-01 18:00:00, 858179, 2025-07-02 18:00:00, 858746, 2025-07-03 18:00:00, 859311, 2025-07-04 18:00:00, 859898, 2025-07-05 18:00:00, 860486, 2025-07-06 18:00:00, 861064, 2025-07-07 18:00:00, 861560, 2025-07-08 18:00:00, 862116, 2025-07-09 18:00:00, 862678, 2025-07-10 18:00:00, 863278, 2025-07-11 18:00:00, 863816, 2025-07-12 18:00:00, 864378, 2025-07-13 18:00:00, 864897, 2025-07-14 18:00:00, 865410, 2025-07-15 18:00:00, 865925, 2025-07-16 18:00:00, 866362, 2025-07-17 18:00:00, 866842, 2025-07-18 18:00:00, 867314, 2025-07-19 18:00:00, 867868, 2025-07-20 18:00:00, 868359, 2025-07-21 18:00:00, 868762, 2025-07-22 18:00:00, 869166, 2025-07-23 18:00:00, 869652, 2025-07-24 18:00:00, 870107, 2025-07-25 18:00:00, 870527, 2025-07-26 18:00:00, 871047, 2025-07-27 18:00:00, 871500, 2025-07-28 18:00:00, 871985, 2025-07-29 18:00:00, 872523, 2025-07-30 18:00:00, 873037, 
2025-07-01 18:05:00, 858182, 2025-07-02 18:05:00, 858749, 2025-07-03 18:05:00, 859314, 2025-07-04 18:05:00, 859901, 2025-07-05 18:05:00, 860489, 2025-07-06 18:05:00, 861067, 2025-07-07 18:05:00, 861563, 2025-07-08 18:05:00, 862119, 2025-07-09 18:05:00, 862681, 2025-07-10 18:05:00, 863281, 2025-07-11 18:05:00, 863819, 2025-07-12 18:05:00, 864381, 2025-07-13 18:05:00, 864899, 2025-07-14 18:05:00, 865413, 2025-07-15 18:05:00, 865928, 2025-07-16 18:05:00, 866365, 2025-07-17 18:05:00, 866844, 2025-07-18 18:05:00, 867317, 2025-07-19 18:05:00, 867871, 2025-07-20 18:05:00, 868362, 2025-07-21 18:05:00, 868763, 2025-07-22 18:05:00, 869169, 2025-07-23 18:05:00, 869655, 2025-07-24 18:05:00, 870108, 2025-07-25 18:05:00, 870527, 2025-07-26 18:05:00, 871048, 2025-07-27 18:05:00, 871501, 2025-07-28 18:05:00, 871988, 2025-07-29 18:05:00, 872525, 2025-07-30 18:05:00, 873040, 
2025-07-01 18:10:00, 858185, 2025-07-02 18:10:00, 858752, 2025-07-03 18:10:00, 859317, 2025-07-04 18:10:00, 859904, 2025-07-05 18:10:00, 860492, 2025-07-06 18:10:00, 861070, 2025-07-07 18:10:00, 861566, 2025-07-08 18:10:00, 862122, 2025-07-09 18:10:00, 862684, 2025-07-10 18:10:00, 863284, 2025-07-11 18:10:00, 863822, 2025-07-12 18:10:00, 864384, 2025-07-13 18:10:00, 864902, 2025-07-14 18:10:00, 865416, 2025-07-15 18:10:00, 865931, 2025-07-16 18:10:00, 866367, 2025-07-17 18:10:00, 866848, 2025-07-18 18:10:00, 867320, 2025-07-19 18:10:00, 867874, 2025-07-20 18:10:00, 868365, 2025-07-21 18:10:00, 868763, 2025-07-22 18:10:00, 869172, 2025-07-23 18:10:00, 869657, 2025-07-24 18:10:00, 870110, 2025-07-25 18:10:00, 870528, 2025-07-26 18:10:00, 871049, 2025-07-27 18:10:00, 871503, 2025-07-28 18:10:00, 871991, 2025-07-29 18:10:00, 872528, 2025-07-30 18:10:00, 873043, 
2025-07-01 18:15:00, 858188, 2025-07-02 18:15:00, 858755, 2025-07-03 18:15:00, 859320, 2025-07-04 18:15:00, 859907, 2025-07-05 18:15:00, 860495, 2025-07-06 18:15:00, 861073, 2025-07-07 18:15:00, 861569, 2025-07-08 18:15:00, 862125, 2025-07-09 18:15:00, 862687, 2025-07-10 18:15:00, 863287, 2025-07-11 18:15:00, 863825, 2025-07-12 18:15:00, 864387, 2025-07-13 18:15:00, 864905, 2025-07-14 18:15:00, 865419, 2025-07-15 18:15:00, 865934, 2025-07-16 18:15:00, 866370, 2025-07-17 18:15:00, 866850, 2025-07-18 18:15:00, 867323, 2025-07-19 18:15:00, 867877, 2025-07-20 18:15:00, 868367, 2025-07-21 18:15:00, 868764, 2025-07-22 18:15:00, 869175, 2025-07-23 18:15:00, 869659, 2025-07-24 18:15:00, 870112, 2025-07-25 18:15:00, 870528, 2025-07-26 18:15:00, 871050, 2025-07-27 18:15:00, 871503, 2025-07-28 18:15:00, 871993, 2025-07-29 18:15:00, 872530, 2025-07-30 18:15:00, 873045, 
2025-07-01 18:20:00, 858191, 2025-07-02 18:20:00, 858757, 2025-07-03 18:20:00, 859323, 2025-07-04 18:20:00, 859909, 2025-07-05 18:20:00, 860497, 2025-07-06 18:20:00, 861076, 2025-07-07 18:20:00, 861571, 2025-07-08 18:20:00, 862128, 2025-07-09 18:20:00, 862690, 2025-07-10 18:20:00, 863289, 2025-07-11 18:20:00, 863827, 2025-07-12 18:20:00, 864389, 2025-07-13 18:20:00, 864908, 2025-07-14 18:20:00, 865421, 2025-07-15 18:20:00, 865936, 2025-07-16 18:20:00, 866373, 2025-07-17 18:20:00, 866853, 2025-07-18 18:20:00, 867325, 2025-07-19 18:20:00, 867879, 2025-07-20 18:20:00, 868370, 2025-07-21 18:20:00, 868764, 2025-07-22 18:20:00, 869177, 2025-07-23 18:20:00, 869661, 2025-07-24 18:20:00, 870113, 2025-07-25 18:20:00, 870529, 2025-07-26 18:20:00, 871051, 2025-07-27 18:20:00, 871504, 2025-07-28 18:20:00, 871996, 2025-07-29 18:20:00, 872533, 2025-07-30 18:20:00, 873048, 
2025-07-01 18:25:00, 858194, 2025-07-02 18:25:00, 858760, 2025-07-03 18:25:00, 859325, 2025-07-04 18:25:00, 859912, 2025-07-05 18:25:00, 860500, 2025-07-06 18:25:00, 861078, 2025-07-07 18:25:00, 861574, 2025-07-08 18:25:00, 862131, 2025-07-09 18:25:00, 862692, 2025-07-10 18:25:00, 863292, 2025-07-11 18:25:00, 863830, 2025-07-12 18:25:00, 864391, 2025-07-13 18:25:00, 864910, 2025-07-14 18:25:00, 865423, 2025-07-15 18:25:00, 865939, 2025-07-16 18:25:00, 866375, 2025-07-17 18:25:00, 866855, 2025-07-18 18:25:00, 867327, 2025-07-19 18:25:00, 867882, 2025-07-20 18:25:00, 868373, 2025-07-21 18:25:00, 868764, 2025-07-22 18:25:00, 869180, 2025-07-23 18:25:00, 869663, 2025-07-24 18:25:00, 870115, 2025-07-25 18:25:00, 870529, 2025-07-26 18:25:00, 871052, 2025-07-27 18:25:00, 871505, 2025-07-28 18:25:00, 871998, 2025-07-29 18:25:00, 872535, 2025-07-30 18:25:00, 873050, 
2025-07-01 18:30:00, 858196, 2025-07-02 18:30:00, 858762, 2025-07-03 18:30:00, 859328, 2025-07-04 18:30:00, 859915, 2025-07-05 18:30:00, 860502, 2025-07-06 18:30:00, 861080, 2025-07-07 18:30:00, 861576, 2025-07-08 18:30:00, 862133, 2025-07-09 18:30:00, 862695, 2025-07-10 18:30:00, 863295, 2025-07-11 18:30:00, 863832, 2025-07-12 18:30:00, 864394, 2025-07-13 18:30:00, 864912, 2025-07-14 18:30:00, 865426, 2025-07-15 18:30:00, 865941, 2025-07-16 18:30:00, 866377, 2025-07-17 18:30:00, 866857, 2025-07-18 18:30:00, 867330, 2025-07-19 18:30:00, 867884, 2025-07-20 18:30:00, 868375, 2025-07-21 18:30:00, 868764, 2025-07-22 18:30:00, 869182, 2025-07-23 18:30:00, 869664, 2025-07-24 18:30:00, 870116, 2025-07-25 18:30:00, 870530, 2025-07-26 18:30:00, 871052, 2025-07-27 18:30:00, 871506, 2025-07-28 18:30:00, 872000, 2025-07-29 18:30:00, 872537, 2025-07-30 18:30:00, 873052, 
2025-07-01 18:35:00, 858198, 2025-07-02 18:35:00, 858764, 2025-07-03 18:35:00, 859330, 2025-07-04 18:35:00, 859917, 2025-07-05 18:35:00, 860504, 2025-07-06 18:35:00, 861083, 2025-07-07 18:35:00, 861578, 2025-07-08 18:35:00, 862135, 2025-07-09 18:35:00, 862697, 2025-07-10 18:35:00, 863297, 2025-07-11 18:35:00, 863834, 2025-07-12 18:35:00, 864396, 2025-07-13 18:35:00, 864914, 2025-07-14 18:35:00, 865428, 2025-07-15 18:35:00, 865943, 2025-07-16 18:35:00, 866379, 2025-07-17 18:35:00, 866859, 2025-07-18 18:35:00, 867332, 2025-07-19 18:35:00, 867886, 2025-07-20 18:35:00, 868377, 2025-07-21 18:35:00, 868765, 2025-07-22 18:35:00, 869184, 2025-07-23 18:35:00, 869665, 2025-07-24 18:35:00, 870118, 2025-07-25 18:35:00, 870530, 2025-07-26 18:35:00, 871053, 2025-07-27 18:35:00, 871506, 2025-07-28 18:35:00, 872002, 2025-07-29 18:35:00, 872538, 2025-07-30 18:35:00, 873053, 
2025-07-01 18:40:00, 858200, 2025-07-02 18:40:00, 858766, 2025-07-03 18:40:00, 859332, 2025-07-04 18:40:00, 859919, 2025-07-05 18:40:00, 860506, 2025-07-06 18:40:00, 861085, 2025-07-07 18:40:00, 861581, 2025-07-08 18:40:00, 862137, 2025-07-09 18:40:00, 862699, 2025-07-10 18:40:00, 863299, 2025-07-11 18:40:00, 863836, 2025-07-12 18:40:00, 864398, 2025-07-13 18:40:00, 864916, 2025-07-14 18:40:00, 865430, 2025-07-15 18:40:00, 865945, 2025-07-16 18:40:00, 866381, 2025-07-17 18:40:00, 866861, 2025-07-18 18:40:00, 867334, 2025-07-19 18:40:00, 867888, 2025-07-20 18:40:00, 868379, 2025-07-21 18:40:00, 868765, 2025-07-22 18:40:00, 869185, 2025-07-23 18:40:00, 869665, 2025-07-24 18:40:00, 870120, 2025-07-25 18:40:00, 870530, 2025-07-26 18:40:00, 871054, 2025-07-27 18:40:00, 871507, 2025-07-28 18:40:00, 872003, 2025-07-29 18:40:00, 872540, 2025-07-30 18:40:00, 873055, 
2025-07-01 18:45:00, 858202, 2025-07-02 18:45:00, 858768, 2025-07-03 18:45:00, 859334, 2025-07-04 18:45:00, 859921, 2025-07-05 18:45:00, 860508, 2025-07-06 18:45:00, 861086, 2025-07-07 18:45:00, 861582, 2025-07-08 18:45:00, 862139, 2025-07-09 18:45:00, 862701, 2025-07-10 18:45:00, 863301, 2025-07-11 18:45:00, 863838, 2025-07-12 18:45:00, 864400, 2025-07-13 18:45:00, 864918, 2025-07-14 18:45:00, 865431, 2025-07-15 18:45:00, 865947, 2025-07-16 18:45:00, 866382, 2025-07-17 18:45:00, 866863, 2025-07-18 18:45:00, 867336, 2025-07-19 18:45:00, 867889, 2025-07-20 18:45:00, 868381, 2025-07-21 18:45:00, 868765, 2025-07-22 18:45:00, 869186, 2025-07-23 18:45:00, 869666, 2025-07-24 18:45:00, 870122, 2025-07-25 18:45:00, 870531, 2025-07-26 18:45:00, 871054, 2025-07-27 18:45:00, 871507, 2025-07-28 18:45:00, 872005, 2025-07-29 18:45:00, 872541, 2025-07-30 18:45:00, 873057, 
2025-07-01 18:50:00, 858204, 2025-07-02 18:50:00, 858769, 2025-07-03 18:50:00, 859336, 2025-07-04 18:50:00, 859922, 2025-07-05 18:50:00, 860509, 2025-07-06 18:50:00, 861088, 2025-07-07 18:50:00, 861584, 2025-07-08 18:50:00, 862141, 2025-07-09 18:50:00, 862703, 2025-07-10 18:50:00, 863302, 2025-07-11 18:50:00, 863840, 2025-07-12 18:50:00, 864401, 2025-07-13 18:50:00, 864919, 2025-07-14 18:50:00, 865433, 2025-07-15 18:50:00, 865949, 2025-07-16 18:50:00, 866384, 2025-07-17 18:50:00, 866864, 2025-07-18 18:50:00, 867337, 2025-07-19 18:50:00, 867891, 2025-07-20 18:50:00, 868382, 2025-07-21 18:50:00, 868765, 2025-07-22 18:50:00, 869186, 2025-07-23 18:50:00, 869667, 2025-07-24 18:50:00, 870123, 2025-07-25 18:50:00, 870531, 2025-07-26 18:50:00, 871054, 2025-07-27 18:50:00, 871507, 2025-07-28 18:50:00, 872006, 2025-07-29 18:50:00, 872543, 2025-07-30 18:50:00, 873058, 
2025-07-01 18:55:00, 858206, 2025-07-02 18:55:00, 858770, 2025-07-03 18:55:00, 859337, 2025-07-04 18:55:00, 859924, 2025-07-05 18:55:00, 860511, 2025-07-06 18:55:00, 861090, 2025-07-07 18:55:00, 861586, 2025-07-08 18:55:00, 862142, 2025-07-09 18:55:00, 862704, 2025-07-10 18:55:00, 863304, 2025-07-11 18:55:00, 863842, 2025-07-12 18:55:00, 864403, 2025-07-13 18:55:00, 864921, 2025-07-14 18:55:00, 865435, 2025-07-15 18:55:00, 865950, 2025-07-16 18:55:00, 866385, 2025-07-17 18:55:00, 866866, 2025-07-18 18:55:00, 867339, 2025-07-19 18:55:00, 867892, 2025-07-20 18:55:00, 868383, 2025-07-21 18:55:00, 868765, 2025-07-22 18:55:00, 869187, 2025-07-23 18:55:00, 869667, 2025-07-24 18:55:00, 870124, 2025-07-25 18:55:00, 870532, 2025-07-26 18:55:00, 871055, 2025-07-27 18:55:00, 871508, 2025-07-28 18:55:00, 872008, 2025-07-29 18:55:00, 872544, 2025-07-30 18:55:00, 873059, 
2025-07-01 19:00:00, 858207, 2025-07-02 19:00:00, 858772, 2025-07-03 19:00:00, 859339, 2025-07-04 19:00:00, 859925, 2025-07-05 19:00:00, 860512, 2025-07-06 19:00:00, 861091, 2025-07-07 19:00:00, 861587, 2025-07-08 19:00:00, 862144, 2025-07-09 19:00:00, 862706, 2025-07-10 19:00:00, 863305, 2025-07-11 19:00:00, 863843, 2025-07-12 19:00:00, 864404, 2025-07-13 19:00:00, 864922, 2025-07-14 19:00:00, 865436, 2025-07-15 19:00:00, 865951, 2025-07-16 19:00:00, 866387, 2025-07-17 19:00:00, 866867, 2025-07-18 19:00:00, 867340, 2025-07-19 19:00:00, 867894, 2025-07-20 19:00:00, 868383, 2025-07-21 19:00:00, 868766, 2025-07-22 19:00:00, 869188, 2025-07-23 19:00:00, 869667, 2025-07-24 19:00:00, 870125, 2025-07-25 19:00:00, 870532, 2025-07-26 19:00:00, 871055, 2025-07-27 19:00:00, 871508, 2025-07-28 19:00:00, 872009, 2025-07-29 19:00:00, 872545, 2025-07-30 19:00:00, 873060, 
2025-07-01 19:05:00, 858208, 2025-07-02 19:05:00, 858772, 2025-07-03 19:05:00, 859340, 2025-07-04 19:05:00, 859927, 2025-07-05 19:05:00, 860513, 2025-07-06 19:05:00, 861092, 2025-07-07 19:05:00, 861588, 2025-07-08 19:05:00, 862145, 2025-07-09 19:05:00, 862707, 2025-07-10 19:05:00, 863306, 2025-07-11 19:05:00, 863844, 2025-07-12 19:05:00, 864406, 2025-07-13 19:05:00, 864923, 2025-07-14 19:05:00, 865437, 2025-07-15 19:05:00, 865953, 2025-07-16 19:05:00, 866388, 2025-07-17 19:05:00, 866868, 2025-07-18 19:05:00, 867341, 2025-07-19 19:05:00, 867895, 2025-07-20 19:05:00, 868384, 2025-07-21 19:05:00, 868766, 2025-07-22 19:05:00, 869188, 2025-07-23 19:05:00, 869668, 2025-07-24 19:05:00, 870125, 2025-07-25 19:05:00, 870532, 2025-07-26 19:05:00, 871056, 2025-07-27 19:05:00, 871508, 2025-07-28 19:05:00, 872009, 2025-07-29 19:05:00, 872546, 2025-07-30 19:05:00, 873061, 
2025-07-01 19:10:00, 858210, 2025-07-02 19:10:00, 858773, 2025-07-03 19:10:00, 859342, 2025-07-04 19:10:00, 859928, 2025-07-05 19:10:00, 860514, 2025-07-06 19:10:00, 861093, 2025-07-07 19:10:00, 861590, 2025-07-08 19:10:00, 862146, 2025-07-09 19:10:00, 862708, 2025-07-10 19:10:00, 863308, 2025-07-11 19:10:00, 863845, 2025-07-12 19:10:00, 864407, 2025-07-13 19:10:00, 864924, 2025-07-14 19:10:00, 865438, 2025-07-15 19:10:00, 865954, 2025-07-16 19:10:00, 866389, 2025-07-17 19:10:00, 866869, 2025-07-18 19:10:00, 867342, 2025-07-19 19:10:00, 867896, 2025-07-20 19:10:00, 868384, 2025-07-21 19:10:00, 868766, 2025-07-22 19:10:00, 869188, 2025-07-23 19:10:00, 869668, 2025-07-24 19:10:00, 870126, 2025-07-25 19:10:00, 870532, 2025-07-26 19:10:00, 871056, 2025-07-27 19:10:00, 871508, 2025-07-28 19:10:00, 872010, 2025-07-29 19:10:00, 872547, 2025-07-30 19:10:00, 873062, 
2025-07-01 19:15:00, 858211, 2025-07-02 19:15:00, 858774, 2025-07-03 19:15:00, 859343, 2025-07-04 19:15:00, 859929, 2025-07-05 19:15:00, 860515, 2025-07-06 19:15:00, 861093, 2025-07-07 19:15:00, 861591, 2025-07-08 19:15:00, 862147, 2025-07-09 19:15:00, 862709, 2025-07-10 19:15:00, 863309, 2025-07-11 19:15:00, 863846, 2025-07-12 19:15:00, 864408, 2025-07-13 19:15:00, 864925, 2025-07-14 19:15:00, 865439, 2025-07-15 19:15:00, 865955, 2025-07-16 19:15:00, 866390, 2025-07-17 19:15:00, 866870, 2025-07-18 19:15:00, 867343, 2025-07-19 19:15:00, 867897, 2025-07-20 19:15:00, 868385, 2025-07-21 19:15:00, 868766, 2025-07-22 19:15:00, 869189, 2025-07-23 19:15:00, 869668, 2025-07-24 19:15:00, 870126, 2025-07-25 19:15:00, 870533, 2025-07-26 19:15:00, 871056, 2025-07-27 19:15:00, 871508, 2025-07-28 19:15:00, 872011, 2025-07-29 19:15:00, 872547, 2025-07-30 19:15:00, 873063, 
2025-07-01 19:20:00, 858212, 2025-07-02 19:20:00, 858774, 2025-07-03 19:20:00, 859343, 2025-07-04 19:20:00, 859930, 2025-07-05 19:20:00, 860516, 2025-07-06 19:20:00, 861094, 2025-07-07 19:20:00, 861592, 2025-07-08 19:20:00, 862148, 2025-07-09 19:20:00, 862710, 2025-07-10 19:20:00, 863309, 2025-07-11 19:20:00, 863847, 2025-07-12 19:20:00, 864409, 2025-07-13 19:20:00, 864926, 2025-07-14 19:20:00, 865440, 2025-07-15 19:20:00, 865955, 2025-07-16 19:20:00, 866390, 2025-07-17 19:20:00, 866871, 2025-07-18 19:20:00, 867344, 2025-07-19 19:20:00, 867898, 2025-07-20 19:20:00, 868385, 2025-07-21 19:20:00, 868766, 2025-07-22 19:20:00, 869189, 2025-07-23 19:20:00, 869669, 2025-07-24 19:20:00, 870127, 2025-07-25 19:20:00, 870533, 2025-07-26 19:20:00, 871056, 2025-07-27 19:20:00, 871509, 2025-07-28 19:20:00, 872012, 2025-07-29 19:20:00, 872548, 2025-07-30 19:20:00, 873063, 
2025-07-01 19:25:00, 858212, 2025-07-02 19:25:00, 858774, 2025-07-03 19:25:00, 859344, 2025-07-04 19:25:00, 859931, 2025-07-05 19:25:00, 860517, 2025-07-06 19:25:00, 861094, 2025-07-07 19:25:00, 861592, 2025-07-08 19:25:00, 862149, 2025-07-09 19:25:00, 862711, 2025-07-10 19:25:00, 863310, 2025-07-11 19:25:00, 863848, 2025-07-12 19:25:00, 864409, 2025-07-13 19:25:00, 864927, 2025-07-14 19:25:00, 865441, 2025-07-15 19:25:00, 865956, 2025-07-16 19:25:00, 866391, 2025-07-17 19:25:00, 866872, 2025-07-18 19:25:00, 867345, 2025-07-19 19:25:00, 867898, 2025-07-20 19:25:00, 868385, 2025-07-21 19:25:00, 868766, 2025-07-22 19:25:00, 869189, 2025-07-23 19:25:00, 869669, 2025-07-24 19:25:00, 870127, 2025-07-25 19:25:00, 870533, 2025-07-26 19:25:00, 871056, 2025-07-27 19:25:00, 871509, 2025-07-28 19:25:00, 872012, 2025-07-29 19:25:00, 872548, 2025-07-30 19:25:00, 873064, 
2025-07-01 19:30:00, 858213, 2025-07-02 19:30:00, 858775, 2025-07-03 19:30:00, 859345, 2025-07-04 19:30:00, 859931, 2025-07-05 19:30:00, 860518, 2025-07-06 19:30:00, 861094, 2025-07-07 19:30:00, 861593, 2025-07-08 19:30:00, 862150, 2025-07-09 19:30:00, 862711, 2025-07-10 19:30:00, 863311, 2025-07-11 19:30:00, 863849, 2025-07-12 19:30:00, 864410, 2025-07-13 19:30:00, 864927, 2025-07-14 19:30:00, 865441, 2025-07-15 19:30:00, 865957, 2025-07-16 19:30:00, 866392, 2025-07-17 19:30:00, 866872, 2025-07-18 19:30:00, 867345, 2025-07-19 19:30:00, 867898, 2025-07-20 19:30:00, 868385, 2025-07-21 19:30:00, 868767, 2025-07-22 19:30:00, 869189, 2025-07-23 19:30:00, 869669, 2025-07-24 19:30:00, 870127, 2025-07-25 19:30:00, 870533, 2025-07-26 19:30:00, 871057, 2025-07-27 19:30:00, 871509, 2025-07-28 19:30:00, 872013, 2025-07-29 19:30:00, 872549, 2025-07-30 19:30:00, 873064, 
2025-07-01 19:35:00, 858214, 2025-07-02 19:35:00, 858775, 2025-07-03 19:35:00, 859346, 2025-07-04 19:35:00, 859932, 2025-07-05 19:35:00, 860518, 2025-07-06 19:35:00, 861095, 2025-07-07 19:35:00, 861594, 2025-07-08 19:35:00, 862150, 2025-07-09 19:35:00, 862712, 2025-07-10 19:35:00, 863311, 2025-07-11 19:35:00, 863849, 2025-07-12 19:35:00, 864411, 2025-07-13 19:35:00, 864928, 2025-07-14 19:35:00, 865442, 2025-07-15 19:35:00, 865957, 2025-07-16 19:35:00, 866392, 2025-07-17 19:35:00, 866873, 2025-07-18 19:35:00, 867346, 2025-07-19 19:35:00, 867899, 2025-07-20 19:35:00, 868386, 2025-07-21 19:35:00, 868767, 2025-07-22 19:35:00, 869189, 2025-07-23 19:35:00, 869669, 2025-07-24 19:35:00, 870127, 2025-07-25 19:35:00, 870533, 2025-07-26 19:35:00, 871057, 2025-07-27 19:35:00, 871509, 2025-07-28 19:35:00, 872013, 2025-07-29 19:35:00, 872549, 2025-07-30 19:35:00, 873065, 
2025-07-01 19:40:00, 858214, 2025-07-02 19:40:00, 858775, 2025-07-03 19:40:00, 859346, 2025-07-04 19:40:00, 859933, 2025-07-05 19:40:00, 860519, 2025-07-06 19:40:00, 861095, 2025-07-07 19:40:00, 861594, 2025-07-08 19:40:00, 862151, 2025-07-09 19:40:00, 862712, 2025-07-10 19:40:00, 863312, 2025-07-11 19:40:00, 863850, 2025-07-12 19:40:00, 864411, 2025-07-13 19:40:00, 864928, 2025-07-14 19:40:00, 865442, 2025-07-15 19:40:00, 865958, 2025-07-16 19:40:00, 866392, 2025-07-17 19:40:00, 866873, 2025-07-18 19:40:00, 867346, 2025-07-19 19:40:00, 867899, 2025-07-20 19:40:00, 868386, 2025-07-21 19:40:00, 868767, 2025-07-22 19:40:00, 869189, 2025-07-23 19:40:00, 869669, 2025-07-24 19:40:00, 870127, 2025-07-25 19:40:00, 870533, 2025-07-26 19:40:00, 871057, 2025-07-27 19:40:00, 871509, 2025-07-28 19:40:00, 872013, 2025-07-29 19:40:00, 872549, 2025-07-30 19:40:00, 873065, 
2025-07-01 19:45:00, 858215, 2025-07-02 19:45:00, 858775, 2025-07-03 19:45:00, 859346, 2025-07-04 19:45:00, 859933, 2025-07-05 19:45:00, 860519, 2025-07-06 19:45:00, 861095, 2025-07-07 19:45:00, 861595, 2025-07-08 19:45:00, 862151, 2025-07-09 19:45:00, 862713, 2025-07-10 19:45:00, 863312, 2025-07-11 19:45:00, 863850, 2025-07-12 19:45:00, 864411, 2025-07-13 19:45:00, 864929, 2025-07-14 19:45:00, 865443, 2025-07-15 19:45:00, 865958, 2025-07-16 19:45:00, 866393, 2025-07-17 19:45:00, 866873, 2025-07-18 19:45:00, 867346, 2025-07-19 19:45:00, 867899, 2025-07-20 19:45:00, 868386, 2025-07-21 19:45:00, 868767, 2025-07-22 19:45:00, 869189, 2025-07-23 19:45:00, 869669, 2025-07-24 19:45:00, 870127, 2025-07-25 19:45:00, 870533, 2025-07-26 19:45:00, 871057, 2025-07-27 19:45:00, 871509, 2025-07-28 19:45:00, 872013, 2025-07-29 19:45:00, 872550, 2025-07-30 19:45:00, 873065, 
2025-07-01 19:50:00, 858215, 2025-07-02 19:50:00, 858775, 2025-07-03 19:50:00, 859347, 2025-07-04 19:50:00, 859933, 2025-07-05 19:50:00, 860519, 2025-07-06 19:50:00, 861095, 2025-07-07 19:50:00, 861595, 2025-07-08 19:50:00, 862152, 2025-07-09 19:50:00, 862713, 2025-07-10 19:50:00, 863313, 2025-07-11 19:50:00, 863850, 2025-07-12 19:50:00, 864412, 2025-07-13 19:50:00, 864929, 2025-07-14 19:50:00, 865443, 2025-07-15 19:50:00, 865958, 2025-07-16 19:50:00, 866393, 2025-07-17 19:50:00, 866874, 2025-07-18 19:50:00, 867347, 2025-07-19 19:50:00, 867899, 2025-07-20 19:50:00, 868386, 2025-07-21 19:50:00, 868767, 2025-07-22 19:50:00, 869190, 2025-07-23 19:50:00, 869669, 2025-07-24 19:50:00, 870127, 2025-07-25 19:50:00, 870533, 2025-07-26 19:50:00, 871057, 2025-07-27 19:50:00, 871509, 2025-07-28 19:50:00, 872013, 2025-07-29 19:50:00, 872550, 2025-07-30 19:50:00, 873065, 
2025-07-01 19:55:00, 858215, 2025-07-02 19:55:00, 858775, 2025-07-03 19:55:00, 859347, 2025-07-04 19:55:00, 859934, 2025-07-05 19:55:00, 860519, 2025-07-06 19:55:00, 861095, 2025-07-07 19:55:00, 861595, 2025-07-08 19:55:00, 862152, 2025-07-09 19:55:00, 862713, 2025-07-10 19:55:00, 863313, 2025-07-11 19:55:00, 863851, 2025-07-12 19:55:00, 864412, 2025-07-13 19:55:00, 864929, 2025-07-14 19:55:00, 865443, 2025-07-15 19:55:00, 865958, 2025-07-16 19:55:00, 866393, 2025-07-17 19:55:00, 866874, 2025-07-18 19:55:00, 867347, 2025-07-19 19:55:00, 867899, 2025-07-20 19:55:00, 868386, 2025-07-21 19:55:00, 868767, 2025-07-22 19:55:00, 869190, 2025-07-23 19:55:00, 869669, 2025-07-24 19:55:00, 870127, 2025-07-25 19:55:00, 870533, 2025-07-26 19:55:00, 871057, 2025-07-27 19:55:00, 871509, 2025-07-28 19:55:00, 872013, 2025-07-29 19:55:00, 872550, 2025-07-30 19:55:00, 873065, 
2025-07-01 20:00:00, 858216, 2025-07-02 20:00:00, 858775, 2025-07-03 20:00:00, 859347, 2025-07-04 20:00:00, 859934, 2025-07-05 20:00:00, 860520, 2025-07-06 20:00:00, 861095, 2025-07-07 20:00:00, 861595, 2025-07-08 20:00:00, 862152, 2025-07-09 20:00:00, 862713, 2025-07-10 20:00:00, 863313, 2025-07-11 20:00:00, 863851, 2025-07-12 20:00:00, 864412, 2025-07-13 20:00:00, 864929, 2025-07-14 20:00:00, 865443, 2025-07-15 20:00:00, 865958, 2025-07-16 20:00:00, 866393, 2025-07-17 20:00:00, 866874, 2025-07-18 20:00:00, 867347, 2025-07-19 20:00:00, 867899, 2025-07-20 20:00:00, 868386, 2025-07-21 20:00:00, 868767, 2025-07-22 20:00:00, 869190, 2025-07-23 20:00:00, 869669, 2025-07-24 20:00:00, 870127, 2025-07-25 20:00:00, 870533, 2025-07-26 20:00:00, 871057, 2025-07-27 20:00:00, 871509, 2025-07-28 20:00:00, 872013, 2025-07-29 20:00:00, 872550, 2025-07-30 20:00:00, 873065, 
2025-07-01 20:05:00, 858216, 2025-07-02 20:05:00, 858775, 2025-07-03 20:05:00, 859347, 2025-07-04 20:05:00, 859934, 2025-07-05 20:05:00, 860520, 2025-07-06 20:05:00, 861095, 2025-07-07 20:05:00, 861595, 2025-07-08 20:05:00, 862152, 2025-07-09 20:05:00, 862713, 2025-07-10 20:05:00, 863313, 2025-07-11 20:05:00, 863851, 2025-07-12 20:05:00, 864412, 2025-07-13 20:05:00, 864929, 2025-07-14 20:05:00, 865443, 2025-07-15 20:05:00, 865959, 2025-07-16 20:05:00, 866393, 2025-07-17 20:05:00, 866874, 2025-07-18 20:05:00, 867347, 2025-07-19 20:05:00, 867899, 2025-07-20 20:05:00, 868386, 2025-07-21 20:05:00, 868767, 2025-07-22 20:05:00, 869190, 2025-07-23 20:05:00, 869669, 2025-07-24 20:05:00, 870128, 2025-07-25 20:05:00, 870533, 2025-07-26 20:05:00, 871057, 2025-07-27 20:05:00, 871509, 2025-07-28 20:05:00, 872014, 2025-07-29 20:05:00, 872550, 2025-07-30 20:05:00, 873065, 
2025-07-01 20:10:00, 858216, 2025-07-02 20:10:00, 858775, 2025-07-03 20:10:00, 859347, 2025-07-04 20:10:00, 859934, 2025-07-05 20:10:00, 860520, 2025-07-06 20:10:00, 861095, 2025-07-07 20:10:00, 861595, 2025-07-08 20:10:00, 862152, 2025-07-09 20:10:00, 862714, 2025-07-10 20:10:00, 863313, 2025-07-11 20:10:00, 863851, 2025-07-12 20:10:00, 864412, 2025-07-13 20:10:00, 864929, 2025-07-14 20:10:00, 865443, 2025-07-15 20:10:00, 865959, 2025-07-16 20:10:00, 866393, 2025-07-17 20:10:00, 866874, 2025-07-18 20:10:00, 867347, 2025-07-19 20:10:00, 867899, 2025-07-20 20:10:00, 868386, 2025-07-21 20:10:00, 868767, 2025-07-22 20:10:00, 869190, 2025-07-23 20:10:00, 869669, 2025-07-24 20:10:00, 870128, 2025-07-25 20:10:00, 870533, 2025-07-26 20:10:00, 871057, 2025-07-27 20:10:00, 871509, 2025-07-28 20:10:00, 872014, 2025-07-29 20:10:00, 872550, 2025-07-30 20:10:00, 873065, 
2025-07-01 20:15:00, 858216, 2025-07-02 20:15:00, 858775, 2025-07-03 20:15:00, 859347, 2025-07-04 20:15:00, 859934, 2025-07-05 20:15:00, 860520, 2025-07-06 20:15:00, 861095, 2025-07-07 20:15:00, 861596, 2025-07-08 20:15:00, 862152, 2025-07-09 20:15:00, 862714, 2025-07-10 20:15:00, 863313, 2025-07-11 20:15:00, 863851, 2025-07-12 20:15:00, 864412, 2025-07-13 20:15:00, 864929, 2025-07-14 20:15:00, 865443, 2025-07-15 20:15:00, 865959, 2025-07-16 20:15:00, 866393, 2025-07-17 20:15:00, 866874, 2025-07-18 20:15:00, 867347, 2025-07-19 20:15:00, 867899, 2025-07-20 20:15:00, 868386, 2025-07-21 20:15:00, 868767, 2025-07-22 20:15:00, 869190, 2025-07-23 20:15:00, 869669, 2025-07-24 20:15:00, 870128, 2025-07-25 20:15:00, 870533, 2025-07-26 20:15:00, 871057, 2025-07-27 20:15:00, 871509, 2025-07-28 20:15:00, 872014, 2025-07-29 20:15:00, 872550, 2025-07-30 20:15:00, 873065, 
2025-07-01 20:20:00, 858216, 2025-07-02 20:20:00, 858776, 2025-07-03 20:20:00, 859347, 2025-07-04 20:20:00, 859934, 2025-07-05 20:20:00, 860520, 2025-07-06 20:20:00, 861095, 2025-07-07 20:20:00, 861596, 2025-07-08 20:20:00, 862152, 2025-07-09 20:20:00, 862714, 2025-07-10 20:20:00, 863313, 2025-07-11 20:20:00, 863851, 2025-07-12 20:20:00, 864412, 2025-07-13 20:20:00, 864930, 2025-07-14 20:20:00, 865444, 2025-07-15 20:20:00, 865959, 2025-07-16 20:20:00, 866393, 2025-07-17 20:20:00, 866874, 2025-07-18 20:20:00, 867347, 2025-07-19 20:20:00, 867899, 2025-07-20 20:20:00, 868386, 2025-07-21 20:20:00, 868767, 2025-07-22 20:20:00, 869190, 2025-07-23 20:20:00, 869669, 2025-07-24 20:20:00, 870128, 2025-07-25 20:20:00, 870533, 2025-07-26 20:20:00, 871057, 2025-07-27 20:20:00, 871509, 2025-07-28 20:20:00, 872014, 2025-07-29 20:20:00, 872550, 2025-07-30 20:20:00, 873065, 
2025-07-01 20:25:00, 858216, 2025-07-02 20:25:00, 858776, 2025-07-03 20:25:00, 859347, 2025-07-04 20:25:00, 859934, 2025-07-05 20:25:00, 860520, 2025-07-06 20:25:00, 861095, 2025-07-07 20:25:00, 861596, 2025-07-08 20:25:00, 862152, 2025-07-09 20:25:00, 862714, 2025-07-10 20:25:00, 863313, 2025-07-11 20:25:00, 863851, 2025-07-12 20:25:00, 864412, 2025-07-13 20:25:00, 864930, 2025-07-14 20:25:00, 865444, 2025-07-15 20:25:00, 865959, 2025-07-16 20:25:00, 866393, 2025-07-17 20:25:00, 866874, 2025-07-18 20:25:00, 867347, 2025-07-19 20:25:00, 867899, 2025-07-20 20:25:00, 868386, 2025-07-21 20:25:00, 868767, 2025-07-22 20:25:00, 869190, 2025-07-23 20:25:00, 869669, 2025-07-24 20:25:00, 870128, 2025-07-25 20:25:00, 870533, 2025-07-26 20:25:00, 0, 2025-07-27 20:25:00, 0, 2025-07-28 20:25:00, 872014, 2025-07-29 20:25:00, 872550, 2025-07-30 20:25:00, 873065, 
2025-07-01 20:30:00, 858216, 2025-07-02 20:30:00, 858776, 2025-07-03 20:30:00, 859347, 2025-07-04 20:30:00, 859934, 2025-07-05 20:30:00, 860520, 2025-07-06 20:30:00, 861095, 2025-07-07 20:30:00, 861596, 2025-07-08 20:30:00, 862152, 2025-07-09 20:30:00, 862714, 2025-07-10 20:30:00, 863313, 2025-07-11 20:30:00, 863851, 2025-07-12 20:30:00, 864412, 2025-07-13 20:30:00, 864930, 2025-07-14 20:30:00, 865444, 2025-07-15 20:30:00, 865959, 2025-07-16 20:30:00, 866393, 2025-07-17 20:30:00, 866874, 2025-07-18 20:30:00, 867347, 2025-07-19 20:30:00, 867899, 2025-07-20 20:30:00, 868386, 2025-07-21 20:30:00, 0, 2025-07-22 20:30:00, 0, 2025-07-23 20:30:00, 869669, 2025-07-24 20:30:00, 0, 2025-07-25 20:30:00, 0, 2025-07-26 20:30:00, 0, 2025-07-27 20:30:00, 0, 2025-07-28 20:30:00, 872014, 2025-07-29 20:30:00, 0, 2025-07-30 20:30:00, 873065, 
2025-07-01 20:35:00, 858216, 2025-07-02 20:35:00, 858776, 2025-07-03 20:35:00, 859347, 2025-07-04 20:35:00, 859934, 2025-07-05 20:35:00, 860520, 2025-07-06 20:35:00, 0, 2025-07-07 20:35:00, 861596, 2025-07-08 20:35:00, 862152, 2025-07-09 20:35:00, 862714, 2025-07-10 20:35:00, 863313, 2025-07-11 20:35:00, 863851, 2025-07-12 20:35:00, 864412, 2025-07-13 20:35:00, 864930, 2025-07-14 20:35:00, 865444, 2025-07-15 20:35:00, 865959, 2025-07-16 20:35:00, 866393, 2025-07-17 20:35:00, 866874, 2025-07-18 20:35:00, 867347, 2025-07-19 20:35:00, 0, 2025-07-20 20:35:00, 0, 2025-07-21 20:35:00, 0, 2025-07-22 20:35:00, 0, 2025-07-23 20:35:00, 0, 2025-07-24 20:35:00, 0, 2025-07-25 20:35:00, 0, 2025-07-26 20:35:00, 0, 2025-07-27 20:35:00, 0, 2025-07-28 20:35:00, 0, 2025-07-29 20:35:00, 0, 2025-07-30 20:35:00, 0, 
2025-07-01 20:40:00, 858216, 2025-07-02 20:40:00, 0, 2025-07-03 20:40:00, 859347, 2025-07-04 20:40:00, 859934, 2025-07-05 20:40:00, 860520, 2025-07-06 20:40:00, 0, 2025-07-07 20:40:00, 861596, 2025-07-08 20:40:00, 862152, 2025-07-09 20:40:00, 862714, 2025-07-10 20:40:00, 863313, 2025-07-11 20:40:00, 863851, 2025-07-12 20:40:00, 864412, 2025-07-13 20:40:00, 864930, 2025-07-14 20:40:00, 865444, 2025-07-15 20:40:00, 865959, 2025-07-16 20:40:00, 866393, 2025-07-17 20:40:00, 866874, 2025-07-18 20:40:00, 0, 2025-07-19 20:40:00, 0, 2025-07-20 20:40:00, 0, 2025-07-21 20:40:00, 0, 2025-07-22 20:40:00, 0, 2025-07-23 20:40:00, 0, 2025-07-24 20:40:00, 0, 2025-07-25 20:40:00, 0, 2025-07-26 20:40:00, 0, 2025-07-27 20:40:00, 0, 2025-07-28 20:40:00, 0, 2025-07-29 20:40:00, 0, 2025-07-30 20:40:00, 0, 
2025-07-01 20:45:00, 0, 2025-07-02 20:45:00, 0, 2025-07-03 20:45:00, 0, 2025-07-04 20:45:00, 859934, 2025-07-05 20:45:00, 0, 2025-07-06 20:45:00, 0, 2025-07-07 20:45:00, 0, 2025-07-08 20:45:00, 0, 2025-07-09 20:45:00, 0, 2025-07-10 20:45:00, 863313, 2025-07-11 20:45:00, 0, 2025-07-12 20:45:00, 0, 2025-07-13 20:45:00, 0, 2025-07-14 20:45:00, 0, 2025-07-15 20:45:00, 0, 2025-07-16 20:45:00, 0, 2025-07-17 20:45:00, 0, 2025-07-18 20:45:00, 0, 2025-07-19 20:45:00, 0, 2025-07-20 20:45:00, 0, 2025-07-21 20:45:00, 0, 2025-07-22 20:45:00, 0, 2025-07-23 20:45:00, 0, 2025-07-24 20:45:00, 0, 2025-07-25 20:45:00, 0, 2025-07-26 20:45:00, 0, 2025-07-27 20:45:00, 0, 2025-07-28 20:45:00, 0, 2025-07-29 20:45:00, 0, 2025-07-30 20:45:00, 0, 
2025-07-01 20:50:00, 0, 2025-07-02 20:50:00, 0, 2025-07-03 20:50:00, 0, 2025-07-04 20:50:00, 0, 2025-07-05 20:50:00, 0, 2025-07-06 20:50:00, 0, 2025-07-07 20:50:00, 0, 2025-07-08 20:50:00, 0, 2025-07-09 20:50:00, 0, 2025-07-10 20:50:00, 0, 2025-07-11 20:50:00, 0, 2025-07-12 20:50:00, 0, 2025-07-13 20:50:00, 0, 2025-07-14 20:50:00, 0, 2025-07-15 20:50:00, 0, 2025-07-16 20:50:00, 0, 2025-07-17 20:50:00, 0, 2025-07-18 20:50:00, 0, 2025-07-19 20:50:00, 0, 2025-07-20 20:50:00, 0, 2025-07-21 20:50:00, 0, 2025-07-22 20:50:00, 0, 2025-07-23 20:50:00, 0, 2025-07-24 20:50:00, 0, 2025-07-25 20:50:00, 0, 2025-07-26 20:50:00, 0, 2025-07-27 20:50:00, 0, 2025-07-28 20:50:00, 0, 2025-07-29 20:50:00, 0, 2025-07-30 20:50:00, 0, 
2025-07-01 20:55:00, 0, 2025-07-02 20:55:00, 0, 2025-07-03 20:55:00, 0, 2025-07-04 20:55:00, 0, 2025-07-05 20:55:00, 0, 2025-07-06 20:55:00, 0, 2025-07-07 20:55:00, 0, 2025-07-08 20:55:00, 0, 2025-07-09 20:55:00, 0, 2025-07-10 20:55:00, 0, 2025-07-11 20:55:00, 0, 2025-07-12 20:55:00, 0, 2025-07-13 20:55:00, 0, 2025-07-14 20:55:00, 0, 2025-07-15 20:55:00, 0, 2025-07-16 20:55:00, 0, 2025-07-17 20:55:00, 0, 2025-07-18 20:55:00, 0, 2025-07-19 20:55:00, 0, 2025-07-20 20:55:00, 0, 2025-07-21 20:55:00, 0, 2025-07-22 20:55:00, 0, 2025-07-23 20:55:00, 0, 2025-07-24 20:55:00, 0, 2025-07-25 20:55:00, 0, 2025-07-26 20:55:00, 0, 2025-07-27 20:55:00, 0, 2025-07-28 20:55:00, 0, 2025-07-29 20:55:00, 0, 2025-07-30 20:55:00, 0, 
2025-07-01 21:00:00, 0, 2025-07-02 21:00:00, 0, 2025-07-03 21:00:00, 0, 2025-07-04 21:00:00, 0, 2025-07-05 21:00:00, 0, 2025-07-06 21:00:00, 0, 2025-07-07 21:00:00, 0, 2025-07-08 21:00:00, 0, 2025-07-09 21:00:00, 0, 2025-07-10 21:00:00, 0, 2025-07-11 21:00:00, 0, 2025-07-12 21:00:00, 0, 2025-07-13 21:00:00, 0, 2025-07-14 21:00:00, 0, 2025-07-15 21:00:00, 0, 2025-07-16 21:00:00, 0, 2025-07-17 21:00:00, 0, 2025-07-18 21:00:00, 0, 2025-07-19 21:00:00, 0, 2025-07-20 21:00:00, 0, 2025-07-21 21:00:00, 0, 2025-07-22 21:00:00, 0, 2025-07-23 21:00:00, 0, 2025-07-24 21:00:00, 0, 2025-07-25 21:00:00, 0, 2025-07-26 21:00:00, 0, 2025-07-27 21:00:00, 0, 2025-07-28 21:00:00, 0, 2025-07-29 21:00:00, 0, 2025-07-30 21:00:00, 0, 
2025-07-01 21:05:00, 0, 2025-07-02 21:05:00, 0, 2025-07-03 21:05:00, 0, 2025-07-04 21:05:00, 0, 2025-07-05 21:05:00, 0, 2025-07-06 21:05:00, 0, 2025-07-07 21:05:00, 0, 2025-07-08 21:05:00, 0, 2025-07-09 21:05:00, 0, 2025-07-10 21:05:00, 0, 2025-07-11 21:05:00, 0, 2025-07-12 21:05:00, 0, 2025-07-13 21:05:00, 0, 2025-07-14 21:05:00, 0, 2025-07-15 21:05:00, 0, 2025-07-16 21:05:00, 0, 2025-07-17 21:05:00, 0, 2025-07-18 21:05:00, 0, 2025-07-19 21:05:00, 0, 2025-07-20 21:05:00, 0, 2025-07-21 21:05:00, 0, 2025-07-22 21:05:00, 0, 2025-07-23 21:05:00, 0, 2025-07-24 21:05:00, 0, 2025-07-25 21:05:00, 0, 2025-07-26 21:05:00, 0, 2025-07-27 21:05:00, 0, 2025-07-28 21:05:00, 0, 2025-07-29 21:05:00, 0, 2025-07-30 21:05:00, 0, 
2025-07-01 21:10:00, 0, 2025-07-02 21:10:00, 0, 2025-07-03 21:10:00, 0, 2025-07-04 21:10:00, 0, 2025-07-05 21:10:00, 0, 2025-07-06 21:10:00, 0, 2025-07-07 21:10:00, 0, 2025-07-08 21:10:00, 0, 2025-07-09 21:10:00, 0, 2025-07-10 21:10:00, 0, 2025-07-11 21:10:00, 0, 2025-07-12 21:10:00, 0, 2025-07-13 21:10:00, 0, 2025-07-14 21:10:00, 0, 2025-07-15 21:10:00, 0, 2025-07-16 21:10:00, 0, 2025-07-17 21:10:00, 0, 2025-07-18 21:10:00, 0, 2025-07-19 21:10:00, 0, 2025-07-20 21:10:00, 0, 2025-07-21 21:10:00, 0, 2025-07-22 21:10:00, 0, 2025-07-23 21:10:00, 0, 2025-07-24 21:10:00, 0, 2025-07-25 21:10:00, 0, 2025-07-26 21:10:00, 0, 2025-07-27 21:10:00, 0, 2025-07-28 21:10:00, 0, 2025-07-29 21:10:00, 0, 2025-07-30 21:10:00, 0, 
2025-07-01 21:15:00, 0, 2025-07-02 21:15:00, 0, 2025-07-03 21:15:00, 0, 2025-07-04 21:15:00, 0, 2025-07-05 21:15:00, 0, 2025-07-06 21:15:00, 0, 2025-07-07 21:15:00, 0, 2025-07-08 21:15:00, 0, 2025-07-09 21:15:00, 0, 2025-07-10 21:15:00, 0, 2025-07-11 21:15:00, 0, 2025-07-12 21:15:00, 0, 2025-07-13 21:15:00, 0, 2025-07-14 21:15:00, 0, 2025-07-15 21:15:00, 0, 2025-07-16 21:15:00, 0, 2025-07-17 21:15:00, 0, 2025-07-18 21:15:00, 0, 2025-07-19 21:15:00, 0, 2025-07-20 21:15:00, 0, 2025-07-21 21:15:00, 0, 2025-07-22 21:15:00, 0, 2025-07-23 21:15:00, 0, 2025-07-24 21:15:00, 0, 2025-07-25 21:15:00, 0, 2025-07-26 21:15:00, 0, 2025-07-27 21:15:00, 0, 2025-07-28 21:15:00, 0, 2025-07-29 21:15:00, 0, 2025-07-30 21:15:00, 0, 
2025-07-01 21:20:00, 0, 2025-07-02 21:20:00, 0, 2025-07-03 21:20:00, 0, 2025-07-04 21:20:00, 0, 2025-07-05 21:20:00, 0, 2025-07-06 21:20:00, 0, 2025-07-07 21:20:00, 0, 2025-07-08 21:20:00, 0, 2025-07-09 21:20:00, 0, 2025-07-10 21:20:00, 0, 2025-07-11 21:20:00, 0, 2025-07-12 21:20:00, 0, 2025-07-13 21:20:00, 0, 2025-07-14 21:20:00, 0, 2025-07-15 21:20:00, 0, 2025-07-16 21:20:00, 0, 2025-07-17 21:20:00, 0, 2025-07-18 21:20:00, 0, 2025-07-19 21:20:00, 0, 2025-07-20 21:20:00, 0, 2025-07-21 21:20:00, 0, 2025-07-22 21:20:00, 0, 2025-07-23 21:20:00, 0, 2025-07-24 21:20:00, 0, 2025-07-25 21:20:00, 0, 2025-07-26 21:20:00, 0, 2025-07-27 21:20:00, 0, 2025-07-28 21:20:00, 0, 2025-07-29 21:20:00, 0, 2025-07-30 21:20:00, 0, 
2025-07-01 21:25:00, 0, 2025-07-02 21:25:00, 0, 2025-07-03 21:25:00, 0, 2025-07-04 21:25:00, 0, 2025-07-05 21:25:00, 0, 2025-07-06 21:25:00, 0, 2025-07-07 21:25:00, 0, 2025-07-08 21:25:00, 0, 2025-07-09 21:25:00, 0, 2025-07-10 21:25:00, 0, 2025-07-11 21:25:00, 0, 2025-07-12 21:25:00, 0, 2025-07-13 21:25:00, 0, 2025-07-14 21:25:00, 0, 2025-07-15 21:25:00, 0, 2025-07-16 21:25:00, 0, 2025-07-17 21:25:00, 0, 2025-07-18 21:25:00, 0, 2025-07-19 21:25:00, 0, 2025-07-20 21:25:00, 0, 2025-07-21 21:25:00, 0, 2025-07-22 21:25:00, 0, 2025-07-23 21:25:00, 0, 2025-07-24 21:25:00, 0, 2025-07-25 21:25:00, 0, 2025-07-26 21:25:00, 0, 2025-07-27 21:25:00, 0, 2025-07-28 21:25:00, 0, 2025-07-29 21:25:00, 0, 2025-07-30 21:25:00, 0, 
2025-07-01 21:30:00, 0, 2025-07-02 21:30:00, 0, 2025-07-03 21:30:00, 0, 2025-07-04 21:30:00, 0, 2025-07-05 21:30:00, 0, 2025-07-06 21:30:00, 0, 2025-07-07 21:30:00, 0, 2025-07-08 21:30:00, 0, 2025-07-09 21:30:00, 0, 2025-07-10 21:30:00, 0, 2025-07-11 21:30:00, 0, 2025-07-12 21:30:00, 0, 2025-07-13 21:30:00, 0, 2025-07-14 21:30:00, 0, 2025-07-15 21:30:00, 0, 2025-07-16 21:30:00, 0, 2025-07-17 21:30:00, 0, 2025-07-18 21:30:00, 0, 2025-07-19 21:30:00, 0, 2025-07-20 21:30:00, 0, 2025-07-21 21:30:00, 0, 2025-07-22 21:30:00, 0, 2025-07-23 21:30:00, 0, 2025-07-24 21:30:00, 0, 2025-07-25 21:30:00, 0, 2025-07-26 21:30:00, 0, 2025-07-27 21:30:00, 0, 2025-07-28 21:30:00, 0, 2025-07-29 21:30:00, 0, 2025-07-30 21:30:00, 0, 
2025-07-01 21:35:00, 0, 2025-07-02 21:35:00, 0, 2025-07-03 21:35:00, 0, 2025-07-04 21:35:00, 0, 2025-07-05 21:35:00, 0, 2025-07-06 21:35:00, 0, 2025-07-07 21:35:00, 0, 2025-07-08 21:35:00, 0, 2025-07-09 21:35:00, 0, 2025-07-10 21:35:00, 0, 2025-07-11 21:35:00, 0, 2025-07-12 21:35:00, 0, 2025-07-13 21:35:00, 0, 2025-07-14 21:35:00, 0, 2025-07-15 21:35:00, 0, 2025-07-16 21:35:00, 0, 2025-07-17 21:35:00, 0, 2025-07-18 21:35:00, 0, 2025-07-19 21:35:00, 0, 2025-07-20 21:35:00, 0, 2025-07-21 21:35:00, 0, 2025-07-22 21:35:00, 0, 2025-07-23 21:35:00, 0, 2025-07-24 21:35:00, 0, 2025-07-25 21:35:00, 0, 2025-07-26 21:35:00, 0, 2025-07-27 21:35:00, 0, 2025-07-28 21:35:00, 0, 2025-07-29 21:35:00, 0, 2025-07-30 21:35:00, 0, 
2025-07-01 21:40:00, 0, 2025-07-02 21:40:00, 0, 2025-07-03 21:40:00, 0, 2025-07-04 21:40:00, 0, 2025-07-05 21:40:00, 0, 2025-07-06 21:40:00, 0, 2025-07-07 21:40:00, 0, 2025-07-08 21:40:00, 0, 2025-07-09 21:40:00, 0, 2025-07-10 21:40:00, 0, 2025-07-11 21:40:00, 0, 2025-07-12 21:40:00, 0, 2025-07-13 21:40:00, 0, 2025-07-14 21:40:00, 0, 2025-07-15 21:40:00, 0, 2025-07-16 21:40:00, 0, 2025-07-17 21:40:00, 0, 2025-07-18 21:40:00, 0, 2025-07-19 21:40:00, 0, 2025-07-20 21:40:00, 0, 2025-07-21 21:40:00, 0, 2025-07-22 21:40:00, 0, 2025-07-23 21:40:00, 0, 2025-07-24 21:40:00, 0, 2025-07-25 21:40:00, 0, 2025-07-26 21:40:00, 0, 2025-07-27 21:40:00, 0, 2025-07-28 21:40:00, 0, 2025-07-29 21:40:00, 0, 2025-07-30 21:40:00, 0, 
2025-07-01 21:45:00, 0, 2025-07-02 21:45:00, 0, 2025-07-03 21:45:00, 0, 2025-07-04 21:45:00, 0, 2025-07-05 21:45:00, 0, 2025-07-06 21:45:00, 0, 2025-07-07 21:45:00, 0, 2025-07-08 21:45:00, 0, 2025-07-09 21:45:00, 0, 2025-07-10 21:45:00, 0, 2025-07-11 21:45:00, 0, 2025-07-12 21:45:00, 0, 2025-07-13 21:45:00, 0, 2025-07-14 21:45:00, 0, 2025-07-15 21:45:00, 0, 2025-07-16 21:45:00, 0, 2025-07-17 21:45:00, 0, 2025-07-18 21:45:00, 0, 2025-07-19 21:45:00, 0, 2025-07-20 21:45:00, 0, 2025-07-21 21:45:00, 0, 2025-07-22 21:45:00, 0, 2025-07-23 21:45:00, 0, 2025-07-24 21:45:00, 0, 2025-07-25 21:45:00, 0, 2025-07-26 21:45:00, 0, 2025-07-27 21:45:00, 0, 2025-07-28 21:45:00, 0, 2025-07-29 21:45:00, 0, 2025-07-30 21:45:00, 0, 
2025-07-01 21:50:00, 0, 2025-07-02 21:50:00, 0, 2025-07-03 21:50:00, 0, 2025-07-04 21:50:00, 0, 2025-07-05 21:50:00, 0, 2025-07-06 21:50:00, 0, 2025-07-07 21:50:00, 0, 2025-07-08 21:50:00, 0, 2025-07-09 21:50:00, 0, 2025-07-10 21:50:00, 0, 2025-07-11 21:50:00, 0, 2025-07-12 21:50:00, 0, 2025-07-13 21:50:00, 0, 2025-07-14 21:50:00, 0, 2025-07-15 21:50:00, 0, 2025-07-16 21:50:00, 0, 2025-07-17 21:50:00, 0, 2025-07-18 21:50:00, 0, 2025-07-19 21:50:00, 0, 2025-07-20 21:50:00, 0, 2025-07-21 21:50:00, 0, 2025-07-22 21:50:00, 0, 2025-07-23 21:50:00, 0, 2025-07-24 21:50:00, 0, 2025-07-25 21:50:00, 0, 2025-07-26 21:50:00, 0, 2025-07-27 21:50:00, 0, 2025-07-28 21:50:00, 0, 2025-07-29 21:50:00, 0, 2025-07-30 21:50:00, 0, 
2025-07-01 21:55:00, 0, 2025-07-02 21:55:00, 0, 2025-07-03 21:55:00, 0, 2025-07-04 21:55:00, 0, 2025-07-05 21:55:00, 0, 2025-07-06 21:55:00, 0, 2025-07-07 21:55:00, 0, 2025-07-08 21:55:00, 0, 2025-07-09 21:55:00, 0, 2025-07-10 21:55:00, 0, 2025-07-11 21:55:00, 0, 2025-07-12 21:55:00, 0, 2025-07-13 21:55:00, 0, 2025-07-14 21:55:00, 0, 2025-07-15 21:55:00, 0, 2025-07-16 21:55:00, 0, 2025-07-17 21:55:00, 0, 2025-07-18 21:55:00, 0, 2025-07-19 21:55:00, 0, 2025-07-20 21:55:00, 0, 2025-07-21 21:55:00, 0, 2025-07-22 21:55:00, 0, 2025-07-23 21:55:00, 0, 2025-07-24 21:55:00, 0, 2025-07-25 21:55:00, 0, 2025-07-26 21:55:00, 0, 2025-07-27 21:55:00, 0, 2025-07-28 21:55:00, 0, 2025-07-29 21:55:00, 0, 2025-07-30 21:55:00, 0, 
2025-07-01 22:00:00, 0, 2025-07-02 22:00:00, 0, 2025-07-03 22:00:00, 0, 2025-07-04 22:00:00, 0, 2025-07-05 22:00:00, 0, 2025-07-06 22:00:00, 0, 2025-07-07 22:00:00, 0, 2025-07-08 22:00:00, 0, 2025-07-09 22:00:00, 0, 2025-07-10 22:00:00, 0, 2025-07-11 22:00:00, 0, 2025-07-12 22:00:00, 0, 2025-07-13 22:00:00, 0, 2025-07-14 22:00:00, 0, 2025-07-15 22:00:00, 0, 2025-07-16 22:00:00, 0, 2025-07-17 22:00:00, 0, 2025-07-18 22:00:00, 0, 2025-07-19 22:00:00, 0, 2025-07-20 22:00:00, 0, 2025-07-21 22:00:00, 0, 2025-07-22 22:00:00, 0, 2025-07-23 22:00:00, 0, 2025-07-24 22:00:00, 0, 2025-07-25 22:00:00, 0, 2025-07-26 22:00:00, 0, 2025-07-27 22:00:00, 0, 2025-07-28 22:00:00, 0, 2025-07-29 22:00:00, 0, 2025-07-30 22:00:00, 0, 
2025-07-01 22:05:00, 0, 2025-07-02 22:05:00, 0, 2025-07-03 22:05:00, 0, 2025-07-04 22:05:00, 0, 2025-07-05 22:05:00, 0, 2025-07-06 22:05:00, 0, 2025-07-07 22:05:00, 0, 2025-07-08 22:05:00, 0, 2025-07-09 22:05:00, 0, 2025-07-10 22:05:00, 0, 2025-07-11 22:05:00, 0, 2025-07-12 22:05:00, 0, 2025-07-13 22:05:00, 0, 2025-07-14 22:05:00, 0, 2025-07-15 22:05:00, 0, 2025-07-16 22:05:00, 0, 2025-07-17 22:05:00, 0, 2025-07-18 22:05:00, 0, 2025-07-19 22:05:00, 0, 2025-07-20 22:05:00, 0, 2025-07-21 22:05:00, 0, 2025-07-22 22:05:00, 0, 2025-07-23 22:05:00, 0, 2025-07-24 22:05:00, 0, 2025-07-25 22:05:00, 0, 2025-07-26 22:05:00, 0, 2025-07-27 22:05:00, 0, 2025-07-28 22:05:00, 0, 2025-07-29 22:05:00, 0, 2025-07-30 22:05:00, 0, 
2025-07-01 22:10:00, 0, 2025-07-02 22:10:00, 0, 2025-07-03 22:10:00, 0, 2025-07-04 22:10:00, 0, 2025-07-05 22:10:00, 0, 2025-07-06 22:10:00, 0, 2025-07-07 22:10:00, 0, 2025-07-08 22:10:00, 0, 2025-07-09 22:10:00, 0, 2025-07-10 22:10:00, 0, 2025-07-11 22:10:00, 0, 2025-07-12 22:10:00, 0, 2025-07-13 22:10:00, 0, 2025-07-14 22:10:00, 0, 2025-07-15 22:10:00, 0, 2025-07-16 22:10:00, 0, 2025-07-17 22:10:00, 0, 2025-07-18 22:10:00, 0, 2025-07-19 22:10:00, 0, 2025-07-20 22:10:00, 0, 2025-07-21 22:10:00, 0, 2025-07-22 22:10:00, 0, 2025-07-23 22:10:00, 0, 2025-07-24 22:10:00, 0, 2025-07-25 22:10:00, 0, 2025-07-26 22:10:00, 0, 2025-07-27 22:10:00, 0, 2025-07-28 22:10:00, 0, 2025-07-29 22:10:00, 0, 2025-07-30 22:10:00, 0, 
2025-07-01 22:15:00, 0, 2025-07-02 22:15:00, 0, 2025-07-03 22:15:00, 0, 2025-07-04 22:15:00, 0, 2025-07-05 22:15:00, 0, 2025-07-06 22:15:00, 0, 2025-07-07 22:15:00, 0, 2025-07-08 22:15:00, 0, 2025-07-09 22:15:00, 0, 2025-07-10 22:15:00, 0, 2025-07-11 22:15:00, 0, 2025-07-12 22:15:00, 0, 2025-07-13 22:15:00, 0, 2025-07-14 22:15:00, 0, 2025-07-15 22:15:00, 0, 2025-07-16 22:15:00, 0, 2025-07-17 22:15:00, 0, 2025-07-18 22:15:00, 0, 2025-07-19 22:15:00, 0, 2025-07-20 22:15:00, 0, 2025-07-21 22:15:00, 0, 2025-07-22 22:15:00, 0, 2025-07-23 22:15:00, 0, 2025-07-24 22:15:00, 0, 2025-07-25 22:15:00, 0, 2025-07-26 22:15:00, 0, 2025-07-27 22:15:00, 0, 2025-07-28 22:15:00, 0, 2025-07-29 22:15:00, 0, 2025-07-30 22:15:00, 0, 
2025-07-01 22:20:00, 0, 2025-07-02 22:20:00, 0, 2025-07-03 22:20:00, 0, 2025-07-04 22:20:00, 0, 2025-07-05 22:20:00, 0, 2025-07-06 22:20:00, 0, 2025-07-07 22:20:00, 0, 2025-07-08 22:20:00, 0, 2025-07-09 22:20:00, 0, 2025-07-10 22:20:00, 0, 2025-07-11 22:20:00, 0, 2025-07-12 22:20:00, 0, 2025-07-13 22:20:00, 0, 2025-07-14 22:20:00, 0, 2025-07-15 22:20:00, 0, 2025-07-16 22:20:00, 0, 2025-07-17 22:20:00, 0, 2025-07-18 22:20:00, 0, 2025-07-19 22:20:00, 0, 2025-07-20 22:20:00, 0, 2025-07-21 22:20:00, 0, 2025-07-22 22:20:00, 0, 2025-07-23 22:20:00, 0, 2025-07-24 22:20:00, 0, 2025-07-25 22:20:00, 0, 2025-07-26 22:20:00, 0, 2025-07-27 22:20:00, 0, 2025-07-28 22:20:00, 0, 2025-07-29 22:20:00, 0, 2025-07-30 22:20:00, 0, 
2025-07-01 22:25:00, 0, 2025-07-02 22:25:00, 0, 2025-07-03 22:25:00, 0, 2025-07-04 22:25:00, 0, 2025-07-05 22:25:00, 0, 2025-07-06 22:25:00, 0, 2025-07-07 22:25:00, 0, 2025-07-08 22:25:00, 0, 2025-07-09 22:25:00, 0, 2025-07-10 22:25:00, 0, 2025-07-11 22:25:00, 0, 2025-07-12 22:25:00, 0, 2025-07-13 22:25:00, 0, 2025-07-14 22:25:00, 0, 2025-07-15 22:25:00, 0, 2025-07-16 22:25:00, 0, 2025-07-17 22:25:00, 0, 2025-07-18 22:25:00, 0, 2025-07-19 22:25:00, 0, 2025-07-20 22:25:00, 0, 2025-07-21 22:25:00, 0, 2025-07-22 22:25:00, 0, 2025-07-23 22:25:00, 0, 2025-07-24 22:25:00, 0, 2025-07-25 22:25:00, 0, 2025-07-26 22:25:00, 0, 2025-07-27 22:25:00, 0, 2025-07-28 22:25:00, 0, 2025-07-29 22:25:00, 0, 2025-07-30 22:25:00, 0, 
2025-07-01 22:30:00, 0, 2025-07-02 22:30:00, 0, 2025-07-03 22:30:00, 0, 2025-07-04 22:30:00, 0, 2025-07-05 22:30:00, 0, 2025-07-06 22:30:00, 0, 2025-07-07 22:30:00, 0, 2025-07-08 22:30:00, 0, 2025-07-09 22:30:00, 0, 2025-07-10 22:30:00, 0, 2025-07-11 22:30:00, 0, 2025-07-12 22:30:00, 0, 2025-07-13 22:30:00, 0, 2025-07-14 22:30:00, 0, 2025-07-15 22:30:00, 0, 2025-07-16 22:30:00, 0, 2025-07-17 22:30:00, 0, 2025-07-18 22:30:00, 0, 2025-07-19 22:30:00, 0, 2025-07-20 22:30:00, 0, 2025-07-21 22:30:00, 0, 2025-07-22 22:30:00, 0, 2025-07-23 22:30:00, 0, 2025-07-24 22:30:00, 0, 2025-07-25 22:30:00, 0, 2025-07-26 22:30:00, 0, 2025-07-27 22:30:00, 0, 2025-07-28 22:30:00, 0, 2025-07-29 22:30:00, 0, 2025-07-30 22:30:00, 0, 
2025-07-01 22:35:00, 0, 2025-07-02 22:35:00, 0, 2025-07-03 22:35:00, 0, 2025-07-04 22:35:00, 0, 2025-07-05 22:35:00, 0, 2025-07-06 22:35:00, 0, 2025-07-07 22:35:00, 0, 2025-07-08 22:35:00, 0, 2025-07-09 22:35:00, 0, 2025-07-10 22:35:00, 0, 2025-07-11 22:35:00, 0, 2025-07-12 22:35:00, 0, 2025-07-13 22:35:00, 0, 2025-07-14 22:35:00, 0, 2025-07-15 22:35:00, 0, 2025-07-16 22:35:00, 0, 2025-07-17 22:35:00, 0, 2025-07-18 22:35:00, 0, 2025-07-19 22:35:00, 0, 2025-07-20 22:35:00, 0, 2025-07-21 22:35:00, 0, 2025-07-22 22:35:00, 0, 2025-07-23 22:35:00, 0, 2025-07-24 22:35:00, 0, 2025-07-25 22:35:00, 0, 2025-07-26 22:35:00, 0, 2025-07-27 22:35:00, 0, 2025-07-28 22:35:00, 0, 2025-07-29 22:35:00, 0, 2025-07-30 22:35:00, 0, 
2025-07-01 22:40:00, 0, 2025-07-02 22:40:00, 0, 2025-07-03 22:40:00, 0, 2025-07-04 22:40:00, 0, 2025-07-05 22:40:00, 0, 2025-07-06 22:40:00, 0, 2025-07-07 22:40:00, 0, 2025-07-08 22:40:00, 0, 2025-07-09 22:40:00, 0, 2025-07-10 22:40:00, 0, 2025-07-11 22:40:00, 0, 2025-07-12 22:40:00, 0, 2025-07-13 22:40:00, 0, 2025-07-14 22:40:00, 0, 2025-07-15 22:40:00, 0, 2025-07-16 22:40:00, 0, 2025-07-17 22:40:00, 0, 2025-07-18 22:40:00, 0, 2025-07-19 22:40:00, 0, 2025-07-20 22:40:00, 0, 2025-07-21 22:40:00, 0, 2025-07-22 22:40:00, 0, 2025-07-23 22:40:00, 0, 2025-07-24 22:40:00, 0, 2025-07-25 22:40:00, 0, 2025-07-26 22:40:00, 0, 2025-07-27 22:40:00, 0, 2025-07-28 22:40:00, 0, 2025-07-29 22:40:00, 0, 2025-07-30 22:40:00, 0, 
2025-07-01 22:45:00, 0, 2025-07-02 22:45:00, 0, 2025-07-03 22:45:00, 0, 2025-07-04 22:45:00, 0, 2025-07-05 22:45:00, 0, 2025-07-06 22:45:00, 0, 2025-07-07 22:45:00, 0, 2025-07-08 22:45:00, 0, 2025-07-09 22:45:00, 0, 2025-07-10 22:45:00, 0, 2025-07-11 22:45:00, 0, 2025-07-12 22:45:00, 0, 2025-07-13 22:45:00, 0, 2025-07-14 22:45:00, 0, 2025-07-15 22:45:00, 0, 2025-07-16 22:45:00, 0, 2025-07-17 22:45:00, 0, 2025-07-18 22:45:00, 0, 2025-07-19 22:45:00, 0, 2025-07-20 22:45:00, 0, 2025-07-21 22:45:00, 0, 2025-07-22 22:45:00, 0, 2025-07-23 22:45:00, 0, 2025-07-24 22:45:00, 0, 2025-07-25 22:45:00, 0, 2025-07-26 22:45:00, 0, 2025-07-27 22:45:00, 0, 2025-07-28 22:45:00, 0, 2025-07-29 22:45:00, 0, 2025-07-30 22:45:00, 0, 
2025-07-01 22:50:00, 0, 2025-07-02 22:50:00, 0, 2025-07-03 22:50:00, 0, 2025-07-04 22:50:00, 0, 2025-07-05 22:50:00, 0, 2025-07-06 22:50:00, 0, 2025-07-07 22:50:00, 0, 2025-07-08 22:50:00, 0, 2025-07-09 22:50:00, 0, 2025-07-10 22:50:00, 0, 2025-07-11 22:50:00, 0, 2025-07-12 22:50:00, 0, 2025-07-13 22:50:00, 0, 2025-07-14 22:50:00, 0, 2025-07-15 22:50:00, 0, 2025-07-16 22:50:00, 0, 2025-07-17 22:50:00, 0, 2025-07-18 22:50:00, 0, 2025-07-19 22:50:00, 0, 2025-07-20 22:50:00, 0, 2025-07-21 22:50:00, 0, 2025-07-22 22:50:00, 0, 2025-07-23 22:50:00, 0, 2025-07-24 22:50:00, 0, 2025-07-25 22:50:00, 0, 2025-07-26 22:50:00, 0, 2025-07-27 22:50:00, 0, 2025-07-28 22:50:00, 0, 2025-07-29 22:50:00, 0, 2025-07-30 22:50:00, 0, 
2025-07-01 22:55:00, 0, 2025-07-02 22:55:00, 0, 2025-07-03 22:55:00, 0, 2025-07-04 22:55:00, 0, 2025-07-05 22:55:00, 0, 2025-07-06 22:55:00, 0, 2025-07-07 22:55:00, 0, 2025-07-08 22:55:00, 0, 2025-07-09 22:55:00, 0, 2025-07-10 22:55:00, 0, 2025-07-11 22:55:00, 0, 2025-07-12 22:55:00, 0, 2025-07-13 22:55:00, 0, 2025-07-14 22:55:00, 0, 2025-07-15 22:55:00, 0, 2025-07-16 22:55:00, 0, 2025-07-17 22:55:00, 0, 2025-07-18 22:55:00, 0, 2025-07-19 22:55:00, 0, 2025-07-20 22:55:00, 0, 2025-07-21 22:55:00, 0, 2025-07-22 22:55:00, 0, 2025-07-23 22:55:00, 0, 2025-07-24 22:55:00, 0, 2025-07-25 22:55:00, 0, 2025-07-26 22:55:00, 0, 2025-07-27 22:55:00, 0, 2025-07-28 22:55:00, 0, 2025-07-29 22:55:00, 0, 2025-07-30 22:55:00, 0, 
