Time Stamp,Active Power Inverter 2 (kW),Active Power Inverter 3 (kW),Active Power Inverter 4 (kW),Active Power Inverter 5 (kW),Active Power Inverter 6 (kW),Active Power Inverter 7 (kW),Active Power Inverter 8 (kW),Active Power Inverter 9 (kW),Active Power Inverter 10 (kW),Active Power Inverter 11 (kW),Active Power Inverter 12 (kW),Active Power Inverter 13 (kW),Active Power Inverter 14 (kW),Active Power Inverter 15 (kW),Active Power Inverter 16 (kW),Active Power Inverter 17 (kW),Active Power Inverter 18 (kW),Active Power Inverter 19 (kW),Active Power Inverter 20 (kW),Active Power Inverter 21 (kW),Active Power Inverter 22 (kW),Active Power Inverter 23 (kW),Active Power Inverter 24 (kW),Active Power Inverter 25 (kW),Active Power Inverter 26 (kW),Active Power Inverter 27 (kW),Active Power Inverter 28 (kW),Active Power Inverter 29 (kW),Active Power Inverter 30 (kW),Active Power Inverter 31 (kW),Active Power Inverter 32 (kW),Active Power Inverter 33 (kW),Active Power Inverter 34 (kW),Active Power Inverter 35 (kW),Active Power Inverter 36 (kW),Active Power Inverter 37 (kW),Active Power Inverter 38 (kW),Active Power Inverter 39 (kW),Active Power Inverter 40 (kW),Active Power Inverter 41 (kW),Active Power Inverter 42 (kW),Active Power Inverter 43 (kW),Active Power Inverter 44 (kW),Active Power Inverter 45 (kW),Active Power Inverter 46 (kW),Active Power Inverter 47 (kW),Active Power Inverter 48 (kW),Active Power Inverter 49 (kW),Active Power Inverter 50 (kW),Active Power Inverter 51 (kW),Active Power Inverter 52 (kW),Active Power Inverter 53 (kW),Active Power Inverter 54 (kW),Active Power Inverter 55 (kW),Active Power Inverter 56 (kW),Active Power Inverter 57 (kW),Active Power Inverter 58 (kW),Active Power Inverter 59 (kW),Active Power Inverter 60 (kW),Active Power Inverter 61 (kW),Active Power Inverter 62 (kW),Active Power Inverter 63 (kW),Active Power Inverter 64 (kW),Active Power Inverter 65 (kW),Active Power Inverter 66 (kW),Active Power Inverter 67 (kW),Active Power Inverter 68 (kW),Active Power Inverter 69 (kW),Active Power Inverter 70 (kW),Active Power Inverter 71 (kW),Active Power Inverter 72 (kW),Active Power Inverter 73 (kW),Active Power Inverter 74 (kW),Active Power Inverter 75 (kW),Active Power Inverter 1 (kW)
04:00:00,0.0,0.0,0.0,0.0,0.0,0.0,0.0,0.0,0.0,0.0,0.0,0.0,0.0,0.0,0.0,0.0,0.0,0.0,0.0,0.0,0.0,0.0,0.0,0.0,0.0,0.0,0.0,0.0,0.0,0.0,0.0,0.0,0.0,0.0,0.0,0.0,0.0,0.0,0.0,0.0,0.0,0.0,0.0,0.0,0.0,0.0,0.0,0.0,0.0,0.0,0.0,0.0,0.0,0.0,0.0,0.0,0.0,0.0,0.0,0.0,0.0,0.0,0.0,0.0,0.0,0.0,0.0,0.0,0.0,0.0,0.0,0.0,0.0,0.0,0.0
04:05:00,0.0,0.0,0.0,0.0,0.0,0.0,0.0,0.0,0.0,0.0,0.0,0.0,0.0,0.0,0.0,0.0,0.0,0.0,0.0,0.0,0.0,0.0,0.0,0.0,0.0,0.0,0.0,0.0,0.0,0.0,0.0,0.0,0.0,0.0,0.0,0.0,0.0,0.0,0.0,0.0,0.0,0.0,0.0,0.0,0.0,0.0,0.0,0.0,0.0,0.0,0.0,0.0,0.0,0.0,0.0,0.0,0.0,0.0,0.0,0.0,0.0,0.0,0.0,0.0,0.0,0.0,0.0,0.0,0.0,0.0,0.0,0.0,0.0,0.0,0.0
04:10:00,0.0,0.0,0.0,0.0,0.0,0.0,0.0,0.0,0.0,0.0,0.0,0.0,0.0,0.0,0.0,0.0,0.0,0.0,0.0,0.0,0.0,0.0,0.0,0.0,0.0,0.0,0.0,0.0,0.0,0.0,0.0,0.0,0.0,0.0,0.0,0.0,0.0,0.0,0.0,0.0,0.0,0.0,0.0,0.0,0.0,0.0,0.0,0.0,0.0,0.0,0.0,0.0,0.0,0.0,0.0,0.0,0.0,0.0,0.0,0.0,0.0,0.0,0.0,0.0,0.0,0.0,0.0,0.0,0.0,0.0,0.0,0.0,0.0,0.0,0.0
04:15:00,0.0,0.0,0.0,0.0,0.0,0.0,0.0,0.0,0.0,0.0,0.0,0.0,0.0,0.0,0.0,0.0,0.0,0.0,0.0,0.0,0.0,0.0,0.0,0.0,0.0,0.0,0.0,0.0,0.0,0.0,0.0,0.0,0.0,0.0,0.0,0.0,0.0,0.0,0.0,0.0,0.0,0.0,0.0,0.0,0.0,0.0,0.0,0.0,0.0,0.0,0.0,0.0,0.0,0.0,0.0,0.0,0.0,0.0,0.0,0.0,0.0,0.0,0.0,0.0,0.0,0.0,0.0,0.0,0.0,0.0,0.0,0.0,0.0,0.0,0.0
04:20:00,0.0,0.0,0.0,0.0,0.0,0.0,0.0,0.0,0.0,0.0,0.0,0.0,0.0,0.0,0.0,0.0,0.0,0.0,0.0,0.0,0.0,0.0,0.0,0.0,0.0,0.0,0.0,0.0,0.0,0.0,0.0,0.0,0.0,0.0,0.0,0.0,0.0,0.0,0.0,0.0,0.0,0.0,0.0,0.0,0.0,0.0,0.0,0.0,0.0,0.0,0.0,0.0,0.0,0.0,0.0,0.0,0.0,0.0,0.0,0.0,0.0,0.0,0.0,0.0,0.0,0.0,0.0,0.0,0.0,0.0,0.0,0.0,0.0,0.0,0.0
04:25:00,0.0,0.0,0.0,0.0,0.0,0.0,0.0,0.0,0.0,0.0,0.0,0.0,0.0,0.0,0.0,0.0,0.0,0.0,0.0,0.0,0.0,0.0,0.0,0.0,0.0,0.0,0.0,0.0,0.0,0.0,0.0,0.0,0.0,0.0,0.0,0.0,0.0,0.0,0.0,0.0,0.0,0.0,0.0,0.0,0.0,0.0,0.0,0.0,0.0,0.0,0.0,0.0,0.0,0.0,0.0,0.0,0.0,0.0,0.0,0.0,0.0,0.0,0.0,0.0,0.0,0.0,0.0,0.0,0.0,0.0,0.0,0.0,0.0,0.0,0.0
04:30:00,0.0,0.0,0.0,0.0,0.0,0.0,0.0,0.0,0.0,0.0,0.0,0.0,0.0,0.0,0.0,0.0,0.0,0.0,0.0,0.0,0.0,0.0,0.0,0.0,0.0,0.0,0.0,0.0,0.0,0.0,0.0,0.0,0.0,0.0,0.0,0.0,0.0,0.0,0.0,0.0,0.0,0.0,0.0,0.0,0.0,0.0,0.0,0.0,0.0,0.0,0.0,0.0,0.0,0.0,0.0,0.0,0.0,0.0,0.0,0.0,0.0,0.0,0.0,0.0,0.0,0.0,0.0,0.0,0.0,0.0,0.0,0.0,0.0,0.0,0.0
04:35:00,0.0,0.0,0.0,0.0,0.0,0.0,0.0,0.0,0.0,0.0,0.0,0.0,0.0,0.0,0.0,0.0,0.0,0.0,0.0,0.0,0.0,0.0,0.0,0.0,0.0,0.0,0.0,0.0,0.0,0.0,0.0,0.0,0.0,0.0,0.0,0.0,0.0,0.0,0.0,0.0,0.0,0.0,0.0,0.0,0.0,0.0,0.0,0.0,0.0,0.0,0.0,0.0,0.0,0.0,0.0,0.0,0.0,0.0,0.0,0.0,0.0,0.0,0.0,0.0,0.0,0.0,0.0,0.0,0.0,0.0,0.0,0.0,0.0,0.0,0.0
04:40:00,0.0,0.0,0.0,0.0,0.0,0.0,0.0,0.0,0.0,0.0,0.0,0.0,0.0,0.0,0.0,0.0,0.0,0.0,0.0,0.0,0.0,0.0,0.0,0.0,0.0,0.0,0.0,0.0,0.0,0.0,0.0,0.0,0.0,0.0,0.0,0.0,0.0,0.0,0.0,0.0,0.0,0.0,0.0,0.0,0.0,0.0,0.0,0.0,0.0,0.0,0.0,0.0,0.0,0.0,0.0,0.0,0.0,0.0,0.0,0.0,0.0,0.0,0.0,0.0,0.0,0.0,0.0,0.0,0.0,0.0,0.0,0.0,0.0,0.0,0.0
04:45:00,0.0,0.0,0.0,0.0,0.0,0.0,0.0,0.0,0.0,0.0,0.0,0.0,0.0,0.0,0.0,0.0,0.0,0.0,0.0,0.0,0.0,0.0,0.0,0.0,0.0,0.0,0.0,0.0,0.0,0.0,0.0,0.0,0.0,0.0,0.0,0.0,0.0,0.0,0.0,0.0,0.0,0.0,0.0,0.0,0.0,0.0,0.0,0.0,0.0,0.0,0.0,0.0,0.0,0.0,0.0,0.0,0.0,0.0,0.0,0.0,0.0,0.0,0.0,0.0,0.0,0.0,0.0,0.0,0.0,0.0,0.0,0.0,0.0,0.0,0.0
04:50:00,0.0,0.0,0.0,0.0,0.0,0.0,0.0,0.0,0.0,0.0,0.0,0.0,0.0,0.0,0.0,0.0,0.0,0.0,0.0,0.0,0.0,0.0,0.0,0.0,0.0,0.0,0.0,0.0,0.0,0.0,0.0,0.0,0.0,0.0,0.0,0.0,0.0,0.0,0.0,0.0,0.0,0.0,0.0,0.0,0.0,0.0,0.0,0.0,0.0,0.0,0.0,0.0,0.0,0.0,0.0,0.0,0.0,0.0,0.0,0.0,0.0,0.0,0.0,0.0,0.0,0.0,0.0,0.0,0.0,0.0,0.0,0.0,0.0,0.0,0.0
04:55:00,0.0,0.0,0.0,0.0,0.0,0.0,0.0,0.0,0.0,0.0,0.0,0.0,0.0,0.0,0.0,0.0,0.0,0.0,0.0,0.0,0.0,0.0,0.0,0.0,0.0,0.0,0.0,0.0,0.0,0.0,0.0,0.0,0.0,0.0,0.0,0.0,0.0,0.0,0.0,0.0,0.0,0.0,0.0,0.0,0.0,0.0,0.0,0.0,0.0,0.0,0.0,0.0,0.0,0.0,0.0,0.0,0.0,0.0,0.0,0.0,0.0,0.0,0.0,0.0,0.0,0.0,0.0,0.0,0.0,0.0,0.0,0.0,0.0,0.0,0.0
05:00:00,0.0,0.0,0.0,0.0,0.0,0.0,0.0,0.0,0.0,0.0,0.0,0.0,0.0,0.0,0.0,0.0,0.0,0.0,0.0,0.0,0.0,0.0,0.0,0.0,0.0,0.0,0.0,0.0,0.0,0.0,0.0,0.0,0.0,0.0,0.0,0.0,0.0,0.0,0.0,0.0,0.0,0.0,0.0,0.0,0.0,0.0,0.0,0.0,0.0,0.0,0.0,0.0,0.0,0.0,0.0,0.0,0.0,0.0,0.0,0.0,0.0,0.0,0.0,0.0,0.0,0.0,0.0,0.0,0.0,0.0,0.0,0.0,0.0,0.0,0.0
05:05:00,0.0,0.0,0.0,0.0,0.0,0.0,0.0,0.0,0.0,0.0,0.0,0.0,0.0,0.0,0.0,0.0,0.0,0.0,0.0,0.0,0.0,0.0,0.0,0.0,0.0,0.0,0.0,0.0,0.0,0.0,0.0,0.0,0.0,0.0,0.0,0.0,0.0,0.0,0.0,0.0,0.0,0.0,0.0,0.0,0.0,0.0,0.0,0.0,0.0,0.0,0.0,0.0,0.0,0.0,0.0,0.0,0.0,0.0,0.0,0.0,0.0,0.0,0.0,0.0,0.0,0.0,0.0,0.0,0.0,0.0,0.0,0.0,0.0,0.0,0.0
05:10:00,0.0,0.0,0.0,0.0,0.0,0.0,0.0,0.0,0.0,0.0,0.0,0.0,0.0,0.0,0.0,0.0,0.0,0.0,0.0,0.0,0.0,0.0,0.0,0.0,0.0,0.0,0.0,0.0,0.0,0.0,0.0,0.0,0.0,0.0,0.0,0.0,0.0,0.0,0.0,0.0,0.0,0.0,0.0,0.0,0.0,0.0,0.0,0.0,0.0,0.0,0.0,0.0,0.0,0.0,0.0,0.0,0.0,0.0,0.0,0.0,0.0,0.0,0.0,0.0,0.0,0.0,0.0,0.0,0.0,0.0,0.0,0.0,0.0,0.0,0.0
05:15:00,0.0,0.0,0.0,0.0,0.0,0.0,0.0,0.0,0.0,0.0,0.0,0.0,0.0,0.0,0.0,0.0,0.0,0.0,0.0,0.0,0.0,0.0,0.0,0.0,0.0,0.0,0.0,0.0,0.0,0.0,0.0,0.0,0.0,0.0,0.0,0.0,0.0,0.0,0.0,0.0,0.0,0.0,0.0,0.0,0.0,0.0,0.0,0.0,0.0,0.0,0.0,0.0,0.0,0.0,0.0,0.0,0.0,0.0,0.0,0.0,0.0,0.0,0.0,0.0,0.0,0.0,0.0,0.0,0.0,0.0,0.0,0.0,0.0,0.0,0.0
05:20:00,0.0,0.0,0.0,0.0,0.0,0.0,0.0,0.0,0.0,0.0,0.0,0.0,0.0,0.0,0.0,0.0,0.0,0.0,0.0,0.0,0.0,0.0,0.0,0.0,0.0,0.0,0.0,0.0,0.0,0.0,0.0,0.0,0.0,0.0,0.0,0.0,0.0,0.0,0.0,0.0,0.0,0.0,0.0,0.0,0.0,0.0,0.0,0.0,0.0,0.0,0.0,0.0,0.0,0.0,0.0,0.0,0.0,0.0,0.0,0.0,0.0,0.0,0.0,0.0,0.0,0.0,0.0,0.0,0.0,0.0,0.0,0.0,0.0,0.0,0.0
05:25:00,0.0,0.0,0.0,0.0,0.0,0.0,0.0,0.0,0.0,0.0,0.0,0.0,0.0,0.0,0.0,0.0,0.0,0.0,0.0,0.0,0.0,0.0,0.0,0.0,0.0,0.0,0.0,0.0,0.0,0.0,0.0,0.0,0.0,0.0,0.0,0.0,0.0,0.0,0.0,0.0,0.0,0.0,0.0,0.0,0.0,0.0,0.0,0.0,0.0,0.0,0.0,0.0,0.0,0.0,0.0,0.0,0.0,0.0,0.0,0.0,0.0,0.0,0.0,0.0,0.0,0.0,0.0,0.0,0.0,0.0,0.0,0.0,0.0,0.0,0.0
05:30:00,0.0,0.0,0.0,0.0,0.0,0.0,0.0,0.0,0.0,0.0,0.0,0.0,0.0,0.0,0.0,0.0,0.0,0.0,0.0,0.0,0.0,0.0,0.0,0.0,0.0,0.0,0.0,0.0,0.0,0.0,0.0,0.0,0.0,0.0,0.0,0.0,0.0,0.0,0.0,0.0,0.0,0.0,0.0,0.0,0.0,0.0,0.0,0.0,0.0,0.0,0.0,0.0,0.0,0.0,0.0,0.0,0.0,0.0,0.0,0.0,0.0,0.0,0.0,0.0,0.0,0.0,0.0,0.0,0.0,0.0,0.0,0.0,0.0,0.0,0.0
05:35:00,0.0,0.0,0.0,0.0,0.0,0.0,0.0,0.0,0.0,0.0,0.0,0.0,0.0,0.0,0.0,0.0,0.0,0.0,0.0,0.0,0.0,0.0,0.0,0.0,0.0,0.0,0.0,0.0,0.0,0.0,0.0,0.0,0.0,0.0,0.0,0.0,0.0,0.0,0.0,0.0,0.0,0.0,0.0,0.0,0.0,0.0,0.0,0.0,0.0,0.0,0.0,0.0,0.0,0.0,0.0,0.0,0.0,0.0,0.0,0.0,0.0,0.0,0.0,0.0,0.0,0.0,0.0,0.0,0.0,0.0,0.0,0.0,0.0,0.0,0.0
05:40:00,0.0,0.0,0.0,0.0,0.0,0.0,0.0,0.0,0.0,0.0,0.0,0.0,0.0,0.0,0.0,0.0,0.0,0.0,0.0,0.0,0.0,0.0,0.0,0.0,0.0,0.0,0.0,0.0,0.0,0.0,0.0,0.0,0.0,0.0,0.0,0.0,0.0,0.0,0.0,0.0,0.0,0.0,0.0,0.0,0.0,0.0,0.0,0.0,0.0,0.0,0.0,0.0,0.0,0.0,0.0,0.0,0.0,0.0,0.0,0.0,0.0,0.0,0.0,0.0,0.0,0.0,0.0,0.0,0.0,0.0,0.0,0.0,0.0,0.0,0.0
05:45:00,0.0,0.0,0.0,0.0,0.0,0.0,0.0,0.0,0.0,0.0,0.0,0.0,0.0,0.0,0.0,0.0,0.0,0.0,0.0,0.0,0.0,0.0,0.0,0.0,0.0,0.0,0.0,0.0,0.0,0.0,0.0,0.0,0.0,0.0,0.0,0.0,0.01,0.0,0.01,0.01,0.01,0.01,0.0,0.01,0.0,0.013333333333333334,0.01,0.0,0.0,0.0,0.0,0.0,0.0,0.0,0.0,0.0,0.0,0.0,0.0,0.0,0.0,0.0,0.0,0.0,0.0,0.0,0.0,0.0,0.0,0.0,0.0,0.0,0.0,0.0,0.0
05:50:00,0.02666666666666667,0.02333333333333333,0.02666666666666667,0.02666666666666667,0.02333333333333333,0.02333333333333333,0.02333333333333333,0.02333333333333333,0.02666666666666667,0.02333333333333333,0.02333333333333333,0.02333333333333333,0.02333333333333333,0.02666666666666667,0.02666666666666667,0.02333333333333333,0.02333333333333333,0.02333333333333333,0.02333333333333333,0.02333333333333333,0.02333333333333333,0.02333333333333333,0.02666666666666667,0.02333333333333333,0.02666666666666667,0.02333333333333333,0.02333333333333333,0.02333333333333333,0.02666666666666667,0.02333333333333333,0.02333333333333333,0.02333333333333333,0.02333333333333333,0.02333333333333333,0.02666666666666667,0.0033333333333333335,0.02666666666666667,0.0,0.02666666666666667,0.03666666666666667,0.03666666666666667,0.03666666666666667,0.003448275862068966,0.03666666666666667,0.0033333333333333335,0.04000000000000001,0.02666666666666667,0.02666666666666667,0.03333333333333333,0.02333333333333333,0.02333333333333333,0.02333333333333333,0.02333333333333333,0.02333333333333333,0.02333333333333333,0.02333333333333333,0.013333333333333334,0.013333333333333334,0.02,0.01,0.041176470588235294,0.02666666666666667,0.02333333333333333,0.0,0.0,0.0,0.0,0.0,0.0,0.031818181818181815,0.05,0.045454545454545456,0.045454545454545456,0.05,0.02333333333333333
05:55:00,0.05,0.05333333333333334,0.07333333333333333,0.06333333333333334,0.05,0.05333333333333334,0.05333333333333334,0.05,0.05333333333333334,0.05,0.060000000000000005,0.06666666666666667,0.05,0.07333333333333333,0.056666666666666664,0.07333333333333333,0.05333333333333334,0.05333333333333334,0.05333333333333334,0.05333333333333334,0.05,0.05333333333333334,0.060000000000000005,0.05333333333333334,0.056666666666666664,0.06333333333333334,0.05,0.03666666666666667,0.056666666666666664,0.05333333333333334,0.05333333333333334,0.04666666666666666,0.05333333333333334,0.05,0.07,0.006666666666666667,0.08666666666666666,0.0,0.07666666666666666,0.08666666666666666,0.07666666666666666,0.08,0.017241379310344827,0.07666666666666666,0.013333333333333334,0.09333333333333332,0.08666666666666666,0.07,0.06333333333333334,0.06333333333333334,0.06333333333333334,0.06333333333333334,0.06666666666666667,0.06333333333333334,0.06333333333333334,0.060000000000000005,0.029999999999999995,0.05000000000000001,0.04666666666666667,0.04666666666666667,0.07058823529411766,0.05333333333333334,0.07,0.012499999999999999,0.012499999999999999,0.012499999999999999,0.012499999999999999,0.012499999999999999,0.0,0.08636363636363636,0.1,0.1,0.1,0.10909090909090909,0.05
06:00:00,0.11333333333333333,0.12666666666666665,0.15,0.12666666666666665,0.11999999999999998,0.11666666666666667,0.12333333333333332,0.11333333333333331,0.12666666666666665,0.12333333333333332,0.11666666666666665,0.12666666666666665,0.12333333333333331,0.13,0.13,0.13,0.11999999999999998,0.13333333333333333,0.14,0.13333333333333333,0.12333333333333332,0.09666666666666665,0.13666666666666666,0.12333333333333332,0.13333333333333333,0.13,0.11,0.08,0.14333333333333334,0.11333333333333333,0.10666666666666666,0.10666666666666666,0.11333333333333333,0.11666666666666665,0.13333333333333333,0.026666666666666665,0.16999999999999998,0.0,0.16999999999999998,0.16999999999999998,0.16,0.17333333333333334,0.03793103448275861,0.16999999999999998,0.03666666666666666,0.21000000000000005,0.18,0.13,0.10666666666666666,0.11666666666666667,0.11333333333333333,0.10666666666666666,0.11999999999999998,0.11,0.11333333333333333,0.11,0.06333333333333334,0.09666666666666665,0.09,0.09333333333333332,0.10588235294117647,0.10333333333333332,0.11,0.029166666666666664,0.029166666666666664,0.029166666666666664,0.029166666666666664,0.029166666666666664,0.0,0.22727272727272724,0.23636363636363633,0.23181818181818176,0.23636363636363633,0.24545454545454543,0.09666666666666666
06:05:00,0.23333333333333336,0.22666666666666668,0.24333333333333335,0.23,0.22333333333333336,0.22333333333333333,0.22333333333333333,0.21666666666666667,0.22666666666666668,0.22000000000000003,0.22000000000000003,0.23666666666666672,0.21666666666666667,0.23,0.23333333333333336,0.23000000000000004,0.21333333333333335,0.22333333333333333,0.22666666666666668,0.22666666666666668,0.22000000000000003,0.2033333333333333,0.24666666666666676,0.22333333333333333,0.2500000000000001,0.23333333333333336,0.21666666666666667,0.1733333333333333,0.2500000000000001,0.22666666666666666,0.22666666666666666,0.22333333333333333,0.22333333333333333,0.22333333333333333,0.25666666666666677,0.05000000000000002,0.2766666666666667,0.010000000000000002,0.2800000000000001,0.2733333333333334,0.28000000000000014,0.2933333333333334,0.08620689655172416,0.2766666666666667,0.06666666666666667,0.33000000000000007,0.2900000000000001,0.2466666666666667,0.2,0.21000000000000005,0.2,0.21,0.22333333333333336,0.21,0.20333333333333334,0.2,0.16000000000000003,0.21000000000000005,0.21,0.22333333333333336,0.22941176470588232,0.23,0.21666666666666667,0.1208333333333333,0.1208333333333333,0.1208333333333333,0.11249999999999999,0.11249999999999999,0.004166666666666667,0.34545454545454546,0.35454545454545466,0.35454545454545466,0.35454545454545466,0.3590909090909092,0.20000000000000004
06:10:00,0.36000000000000015,0.3500000000000002,0.37333333333333346,0.3433333333333335,0.33666666666666684,0.3433333333333335,0.33333333333333354,0.3300000000000002,0.35000000000000014,0.33666666666666684,0.33333333333333354,0.3466666666666668,0.2733333333333334,0.3466666666666668,0.38000000000000017,0.34333333333333355,0.31666666666666676,0.33666666666666684,0.36333333333333345,0.3466666666666668,0.33333333333333354,0.3200000000000001,0.37333333333333346,0.35000000000000014,0.3666666666666668,0.36333333333333345,0.33333333333333354,0.26000000000000006,0.3733333333333334,0.34000000000000014,0.3200000000000002,0.3200000000000002,0.33666666666666684,0.3166666666666668,0.3800000000000001,0.1066666666666667,0.43000000000000027,0.03333333333333333,0.42333333333333356,0.4200000000000002,0.4200000000000002,0.4366666666666668,0.15172413793103445,0.4266666666666669,0.13333333333333336,0.5133333333333334,0.45333333333333353,0.3900000000000002,0.3233333333333335,0.3433333333333335,0.3266666666666668,0.3166666666666668,0.35666666666666674,0.31666666666666676,0.3433333333333335,0.30333333333333345,0.26333333333333336,0.37666666666666676,0.33333333333333354,0.34333333333333355,0.37058823529411766,0.3633333333333334,0.34333333333333343,0.25000000000000006,0.2416666666666667,0.25416666666666676,0.25000000000000006,0.25416666666666676,0.03333333333333333,0.4590909090909093,0.4727272727272729,0.4772727272727275,0.46363636363636385,0.49545454545454554,0.2933333333333334
06:15:00,0.5366666666666667,0.5233333333333335,0.5466666666666667,0.5133333333333335,0.5033333333333335,0.5100000000000002,0.5000000000000002,0.5066666666666669,0.5366666666666668,0.5066666666666669,0.5133333333333335,0.5400000000000001,0.4933333333333335,0.5333333333333334,0.5566666666666666,0.5233333333333335,0.5066666666666669,0.5133333333333335,0.5366666666666668,0.5266666666666668,0.5166666666666668,0.5066666666666669,0.57,0.5366666666666668,0.5666666666666667,0.5633333333333332,0.5133333333333335,0.4400000000000002,0.5633333333333332,0.5300000000000001,0.5133333333333335,0.5133333333333335,0.5233333333333335,0.5100000000000002,0.5899999999999999,0.21333333333333332,0.6,0.09666666666666668,0.6099999999999999,0.6066666666666667,0.6099999999999999,0.6166666666666666,0.29655172413793096,0.6033333333333333,0.25999999999999995,0.6933333333333332,0.6233333333333332,0.5933333333333333,0.5300000000000001,0.5566666666666666,0.5366666666666667,0.5333333333333335,0.5666666666666665,0.5333333333333334,0.5433333333333333,0.5166666666666668,0.45000000000000023,0.5799999999999998,0.55,0.5700000000000001,0.5235294117647059,0.5899999999999999,0.56,0.43750000000000017,0.4416666666666668,0.44583333333333347,0.43750000000000017,0.4666666666666668,0.09166666666666667,0.6363636363636365,0.6545454545454545,0.640909090909091,0.6545454545454545,0.6681818181818181,0.4766666666666669
06:20:00,0.6866666666666666,0.6766666666666665,0.6766666666666665,0.6733333333333332,0.6599999999999998,0.6699999999999998,0.6599999999999999,0.6566666666666666,0.6833333333333332,0.6666666666666666,0.6566666666666665,0.6866666666666666,0.6166666666666666,0.6833333333333332,0.6933333333333334,0.6799999999999998,0.6799999999999998,0.6799999999999998,0.6866666666666666,0.6899999999999998,0.6733333333333332,0.6299999999999998,0.7233333333333333,0.6833333333333332,0.7033333333333334,0.6966666666666667,0.6633333333333333,0.5700000000000001,0.7100000000000001,0.6766666666666665,0.6666666666666665,0.6533333333333332,0.6766666666666665,0.6666666666666666,0.7433333333333334,0.3599999999999998,0.7766666666666667,0.21000000000000002,0.7866666666666667,0.78,0.7633333333333334,0.7900000000000001,0.44137931034482764,0.7533333333333333,0.42666666666666664,0.8600000000000002,0.7833333333333333,0.76,0.7166666666666666,0.7366666666666667,0.7366666666666667,0.7033333333333333,0.7466666666666667,0.7100000000000001,0.7366666666666666,0.6866666666666666,0.6066666666666666,0.7799999999999999,0.7333333333333332,0.7466666666666665,0.6705882352941177,0.7799999999999999,0.73,0.6041666666666666,0.6083333333333334,0.6166666666666667,0.6208333333333333,0.6416666666666666,0.23333333333333325,0.8045454545454546,0.818181818181818,0.8136363636363636,0.818181818181818,0.8318181818181817,0.6133333333333331
06:25:00,0.8533333333333336,0.8500000000000003,0.8600000000000004,0.846666666666667,0.8300000000000003,0.8333333333333335,0.8266666666666667,0.8300000000000001,0.8633333333333335,0.8500000000000002,0.8333333333333335,0.856666666666667,0.8466666666666669,0.8633333333333336,0.8733333333333336,0.8533333333333336,0.8166666666666668,0.8300000000000002,0.8500000000000002,0.8566666666666669,0.8433333333333336,0.7866666666666668,0.896666666666667,0.8533333333333335,0.8800000000000004,0.8900000000000002,0.8333333333333335,0.7100000000000001,0.8766666666666669,0.8500000000000001,0.8466666666666668,0.8433333333333334,0.8666666666666668,0.8466666666666668,0.9433333333333335,0.5433333333333333,0.9866666666666669,0.3633333333333332,1.0033333333333336,1.0000000000000002,0.9533333333333336,0.9733333333333337,0.6413793103448275,0.9633333333333335,0.6033333333333333,1.07,0.9666666666666669,0.9433333333333335,0.8700000000000002,0.8966666666666668,0.8933333333333336,0.8800000000000002,0.896666666666667,0.8600000000000001,0.9000000000000002,0.8600000000000002,0.7833333333333332,0.9600000000000001,0.9166666666666671,0.9266666666666671,0.8529411764705884,0.9566666666666668,0.8933333333333336,0.7374999999999999,0.7583333333333333,0.7625000000000001,0.7749999999999999,0.7875,0.37083333333333335,0.9863636363636364,1.0045454545454546,0.9954545454545457,1.0000000000000002,1.0227272727272727,0.8300000000000002
06:30:00,1.0800000000000003,1.0733333333333335,1.0900000000000003,1.0666666666666669,1.0466666666666669,1.0433333333333337,1.056666666666667,1.0500000000000003,1.0700000000000003,1.0533333333333337,1.046666666666667,1.0833333333333335,1.0766666666666669,1.1000000000000003,1.116666666666667,1.1066666666666667,1.0533333333333337,1.0733333333333337,1.0833333333333337,1.0900000000000003,1.076666666666667,0.9800000000000003,1.1266666666666667,1.066666666666667,1.1000000000000003,1.1033333333333337,1.0600000000000003,0.8966666666666667,1.1200000000000003,1.1033333333333337,1.086666666666667,1.0800000000000003,1.106666666666667,1.1233333333333335,1.2366666666666668,0.8200000000000001,1.3,0.68,1.3133333333333332,1.3099999999999998,1.2366666666666668,1.2633333333333332,0.9413793103448275,1.2466666666666668,0.8933333333333332,1.3666666666666667,1.283333333333333,1.2133333333333334,1.1366666666666665,1.1666666666666667,1.1600000000000001,1.1433333333333333,1.1633333333333336,1.1133333333333335,1.1633333333333336,1.0866666666666667,1.0433333333333334,1.2399999999999998,1.1933333333333331,1.2100000000000002,1.064705882352941,1.2466666666666666,1.146666666666667,0.9374999999999999,0.975,0.9708333333333333,0.9916666666666668,1.0083333333333333,0.5833333333333336,1.2863636363636364,1.3,1.2818181818181817,1.2818181818181817,1.3181818181818181,1.0466666666666666
06:35:00,1.323333333333333,1.323333333333333,1.3299999999999996,1.3099999999999996,1.2966666666666664,1.3099999999999996,1.32,1.313333333333333,1.3399999999999996,1.3266666666666667,1.2933333333333332,1.3233333333333333,1.3233333333333333,1.3533333333333328,1.38,1.3599999999999997,1.2766666666666666,1.2866666666666662,1.313333333333333,1.3166666666666664,1.293333333333333,1.1833333333333331,1.3599999999999999,1.283333333333333,1.3199999999999998,1.3166666666666667,1.2599999999999993,1.0933333333333333,1.3533333333333328,1.3299999999999994,1.323333333333333,1.3166666666666662,1.3333333333333328,1.343333333333333,1.4566666666666668,1.033333333333333,1.5399999999999998,0.9033333333333332,1.54,1.54,1.4933333333333334,1.4966666666666666,1.1896551724137931,1.5033333333333334,1.15,1.6099999999999999,1.5233333333333334,1.4333333333333336,1.3500000000000003,1.3700000000000003,1.3733333333333337,1.3433333333333335,1.3833333333333337,1.3099999999999998,1.3733333333333337,1.2799999999999998,1.2799999999999998,1.5,1.4633333333333336,1.47,1.288235294117647,1.5033333333333336,1.4166666666666672,1.1125000000000003,1.2291666666666665,1.2333333333333332,1.2416666666666667,1.2541666666666667,0.8375,1.5636363636363635,1.5863636363636362,1.5681818181818181,1.5545454545454547,1.5772727272727272,1.293333333333333
06:40:00,1.5899999999999999,1.5599999999999996,1.5799999999999996,1.563333333333333,1.55,1.5133333333333334,1.53,1.5166666666666666,1.5366666666666662,1.533333333333333,1.5033333333333332,1.5166666666666662,1.5266666666666666,1.5566666666666662,1.5899999999999999,1.5599999999999998,1.4866666666666668,1.51,1.533333333333333,1.533333333333333,1.5100000000000002,1.4166666666666667,1.5566666666666664,1.493333333333333,1.5166666666666664,1.5233333333333332,1.466666666666667,1.3500000000000003,1.5766666666666664,1.5666666666666664,1.5666666666666664,1.5599999999999996,1.5866666666666662,1.5766666666666667,1.7,1.2766666666666666,1.8233333333333333,1.2033333333333334,1.8199999999999996,1.8299999999999996,1.77,1.7933333333333334,1.5068965517241377,1.8033333333333335,1.4266666666666665,1.9099999999999997,1.8133333333333332,1.7000000000000002,1.59,1.6266666666666665,1.6366666666666667,1.5966666666666667,1.6366666666666667,1.5633333333333332,1.6333333333333333,1.5166666666666666,1.5800000000000003,1.78,1.75,1.7633333333333332,1.5705882352941176,1.7866666666666664,1.68,1.2666666666666668,1.4749999999999999,1.4791666666666663,1.4958333333333333,1.5041666666666664,1.0875000000000004,1.9090909090909087,1.9409090909090905,1.9136363636363634,1.8954545454545448,1.9454545454545453,1.5566666666666664
06:45:00,1.7933333333333332,1.7866666666666666,1.8,1.79,1.7833333333333337,1.7166666666666666,1.7200000000000002,1.7166666666666666,1.7399999999999998,1.74,1.6933333333333336,1.7133333333333334,1.7100000000000002,1.7399999999999998,1.77,1.7700000000000002,1.666666666666667,1.7,1.7033333333333336,1.7233333333333336,1.7,1.6366666666666667,1.7566666666666673,1.6833333333333336,1.7100000000000004,1.7233333333333336,1.6733333333333336,1.5599999999999998,1.7833333333333337,1.7800000000000002,1.776666666666667,1.7733333333333337,1.7966666666666669,1.8166666666666669,1.95,1.5099999999999993,2.076666666666666,1.4466666666666668,2.1,2.1033333333333335,2.0099999999999993,2.026666666666666,1.7413793103448276,2.036666666666666,1.66,2.143333333333333,2.0499999999999994,1.933333333333333,1.81,1.8399999999999999,1.8466666666666665,1.8099999999999998,1.8399999999999999,1.7533333333333334,1.84,1.7100000000000004,1.8033333333333332,2.023333333333333,2.0133333333333328,2.023333333333333,1.7882352941176467,2.05,1.9066666666666667,1.458333333333333,1.6749999999999996,1.6791666666666663,1.7124999999999995,1.7333333333333327,1.2916666666666667,2.1545454545454548,2.2,2.1681818181818184,2.1590909090909096,2.1772727272727277,1.7566666666666668
06:50:00,2.1599999999999997,2.1599999999999997,2.183333333333333,2.1566666666666663,2.143333333333333,2.033333333333333,2.063333333333333,2.066666666666667,2.1,2.086666666666667,2.04,2.0466666666666664,2.063333333333333,2.0933333333333333,2.1166666666666667,2.1133333333333333,1.983333333333333,1.9966666666666661,2.016666666666666,2.046666666666666,2.013333333333333,1.96,2.0799999999999996,1.9999999999999998,2.0366666666666666,2.0433333333333334,1.9899999999999995,1.8566666666666662,2.1099999999999994,2.1166666666666663,2.106666666666666,2.113333333333333,2.143333333333333,2.1366666666666663,2.2766666666666664,1.8200000000000005,2.4566666666666666,1.7533333333333336,2.4533333333333336,2.46,2.3466666666666667,2.3600000000000003,2.1034482758620685,2.4066666666666663,1.9833333333333334,2.519999999999999,2.433333333333333,2.243333333333333,2.0933333333333333,2.1333333333333333,2.1266666666666665,2.08,2.1233333333333335,2.006666666666667,2.1166666666666667,1.9799999999999998,2.0633333333333335,2.35,2.3266666666666667,2.3366666666666664,2.076470588235294,2.3766666666666665,2.203333333333333,1.7,1.9666666666666668,1.9666666666666668,1.9875,2.0125000000000006,1.5208333333333333,2.527272727272727,2.5636363636363635,2.527272727272727,2.4909090909090903,2.5136363636363637,2.1266666666666665
06:55:00,2.4833333333333334,2.4899999999999998,2.5,2.466666666666667,2.47,2.380000000000001,2.4066666666666667,2.366666666666667,2.4166666666666665,2.4100000000000006,2.3533333333333335,2.3633333333333337,2.39,2.433333333333333,2.453333333333333,2.463333333333333,2.3000000000000003,2.3400000000000007,2.3700000000000006,2.403333333333334,2.363333333333334,2.3000000000000003,2.3833333333333333,2.3,2.3600000000000003,2.363333333333334,2.3033333333333332,2.2600000000000002,2.426666666666667,2.4433333333333334,2.416666666666667,2.44,2.476666666666667,2.4866666666666672,2.6599999999999993,2.1899999999999995,2.83,2.1766666666666654,2.8433333333333333,2.8433333333333337,2.7066666666666674,2.7166666666666672,2.455172413793103,2.7533333333333334,2.3499999999999996,2.8599999999999994,2.77,2.5633333333333335,2.38,2.4199999999999995,2.406666666666666,2.3733333333333335,2.3999999999999995,2.28,2.3899999999999997,2.2333333333333334,2.4399999999999995,2.6933333333333334,2.686666666666667,2.6666666666666665,2.3705882352941177,2.7266666666666666,2.4899999999999993,1.8583333333333332,2.233333333333333,2.2166666666666663,2.2583333333333333,2.25,1.7458333333333338,2.8499999999999996,2.8818181818181814,2.8363636363636355,2.8409090909090904,2.8590909090909085,2.46
07:00:00,2.9300000000000006,2.916666666666667,2.936666666666667,2.9000000000000004,2.8766666666666656,2.746666666666667,2.766666666666667,2.756666666666667,2.8166666666666678,2.8133333333333344,2.7533333333333334,2.7700000000000005,2.786666666666667,2.853333333333333,2.8799999999999994,2.869999999999999,2.6800000000000006,2.6900000000000004,2.726666666666667,2.776666666666667,2.750000000000001,2.673333333333334,2.8,2.7000000000000006,2.7766666666666677,2.7600000000000007,2.6966666666666663,2.5899999999999994,2.813333333333333,2.8233333333333333,2.81,2.8099999999999996,2.87,2.8933333333333335,3.06,2.5966666666666662,3.2533333333333325,2.556666666666667,3.3033333333333332,3.2933333333333334,3.0900000000000003,3.0999999999999996,2.879310344827586,3.153333333333333,2.7599999999999993,3.2733333333333343,3.18,2.9099999999999993,2.7066666666666666,2.766666666666666,2.77,2.723333333333333,2.773333333333333,2.64,2.773333333333333,2.576666666666667,2.7566666666666677,3.033333333333333,3.0066666666666664,2.9933333333333327,2.6058823529411765,3.056666666666667,2.816666666666667,2.0874999999999995,2.6,2.5749999999999997,2.608333333333333,2.6125,2.1374999999999997,3.1636363636363636,3.222727272727273,3.1818181818181817,3.140909090909091,3.1454545454545464,2.883333333333333
07:05:00,3.363333333333333,3.356666666666666,3.4133333333333336,3.3433333333333337,3.316666666666666,3.1999999999999997,3.226666666666666,3.2399999999999993,3.2299999999999995,3.2233333333333323,3.17,3.17,3.2033333333333327,3.266666666666666,3.283333333333333,3.2733333333333325,3.059999999999999,3.0799999999999996,3.1166666666666667,3.170000000000001,3.1133333333333324,3.03,3.166666666666667,3.0600000000000005,3.123333333333334,3.113333333333334,3.0499999999999994,2.96,3.19,3.2066666666666666,3.1966666666666668,3.213333333333334,3.2433333333333336,3.3066666666666658,3.4899999999999998,3.023333333333333,3.7466666666666657,3.056666666666667,3.7633333333333328,3.7566666666666664,3.559999999999999,3.573333333333333,3.327586206896552,3.6233333333333326,3.206666666666666,3.713333333333333,3.6300000000000003,3.2966666666666664,3.0800000000000005,3.140000000000001,3.140000000000001,3.0733333333333346,3.1200000000000006,2.9866666666666672,3.133333333333333,2.9066666666666676,3.076666666666666,3.4633333333333334,3.369999999999999,3.480000000000001,3.1352941176470592,3.526666666666667,3.126666666666667,2.2416666666666667,2.9958333333333336,2.8874999999999997,3.070833333333334,2.9500000000000006,2.466666666666666,3.645454545454544,3.622727272727273,3.581818181818181,3.536363636363636,3.6545454545454548,3.343333333333332
07:10:00,3.7499999999999996,3.763333333333333,3.803333333333334,3.743333333333333,3.713333333333333,3.5099999999999993,3.53,3.5233333333333334,3.56,3.5733333333333333,3.4933333333333336,3.503333333333333,3.5366666666666666,3.606666666666667,3.6533333333333338,3.6333333333333337,3.4266666666666667,3.4466666666666663,3.503333333333332,3.566666666666666,3.519999999999999,3.4433333333333325,3.6166666666666676,3.4833333333333325,3.5766666666666675,3.553333333333334,3.486666666666666,3.293333333333334,3.5466666666666664,3.56,3.566666666666667,3.5666666666666655,3.596666666666666,3.6333333333333315,3.8200000000000007,3.36,4.130000000000001,3.4133333333333318,4.130000000000001,4.150000000000001,3.916666666666666,3.910000000000001,3.7068965517241375,3.9766666666666675,3.55,4.06,3.9633333333333343,3.5766666666666653,3.330000000000001,3.383333333333333,3.403333333333333,3.3166666666666673,3.3666666666666663,3.233333333333333,3.393333333333333,3.173333333333333,3.4866666666666664,3.806666666666667,3.7566666666666673,3.796666666666667,3.252941176470588,3.8233333333333337,3.4800000000000013,2.4333333333333336,3.2583333333333333,3.2708333333333326,3.3375,3.341666666666667,2.8333333333333335,4.072727272727273,4.154545454545455,4.081818181818182,4.031818181818182,4.036363636363636,3.6866666666666665
07:15:00,4.2,4.196666666666666,4.246666666666666,4.16,4.1466666666666665,3.873333333333333,3.9100000000000006,3.9200000000000004,3.9733333333333336,3.976666666666666,3.903333333333333,3.8966666666666665,3.973333333333332,4.029999999999999,4.069999999999999,4.04,3.6799999999999993,3.7333333333333334,3.7466666666666675,3.8166666666666655,3.7633333333333323,3.68,3.8466666666666685,3.733333333333333,3.806666666666667,3.8100000000000005,3.726666666666666,3.5799999999999996,3.836666666666667,3.8433333333333337,3.8499999999999996,3.863333333333333,3.923333333333334,3.9699999999999998,4.176666666666667,3.703333333333333,4.553333333333332,3.793333333333334,4.536666666666665,4.539999999999998,4.306666666666667,4.320000000000001,4.093103448275863,4.37,3.976666666666667,4.489999999999999,4.413333333333333,3.993333333333333,3.7266666666666666,3.7800000000000002,3.8,3.7200000000000006,3.783333333333334,3.6399999999999997,3.8133333333333335,3.5433333333333334,3.873333333333332,4.19,4.14,4.176666666666667,3.5823529411764703,4.2266666666666675,3.8366666666666664,3.066666666666667,3.5541666666666667,3.570833333333333,3.625,3.6291666666666664,3.15,4.459090909090909,4.627272727272727,4.5681818181818175,4.5227272727272725,4.481818181818181,4.1466666666666665
07:20:00,4.543333333333334,4.569999999999999,4.65,4.583333333333334,4.543333333333332,4.246666666666668,4.283333333333333,4.3066666666666675,4.366666666666668,4.376666666666667,4.283333333333333,4.283333333333333,4.323333333333333,4.44,4.48,4.446666666666667,4.166666666666666,4.196666666666667,4.223333333333334,4.3,4.243333333333334,4.156666666666667,4.3166666666666655,4.180000000000001,4.286666666666666,4.2700000000000005,4.209999999999999,4.223333333333333,4.206666666666667,4.2333333333333325,4.243333333333333,4.256666666666666,4.383333333333335,4.4399999999999995,4.653333333333333,4.21,5.0233333333333325,4.290000000000001,5.003333333333333,5.079999999999999,4.670000000000001,4.696666666666666,4.50344827586207,4.756666666666666,4.363333333333333,4.909999999999999,4.836666666666665,4.38,4.076666666666666,4.150000000000001,4.163333333333334,4.1033333333333335,4.150000000000001,3.9833333333333334,4.19,3.9,4.236666666666666,4.6033333333333335,4.64,4.656666666666667,4.047058823529412,4.653333333333335,4.260000000000001,3.7708333333333326,3.958333333333334,3.9583333333333353,4.008333333333334,4.029166666666668,3.666666666666666,4.872727272727272,4.9818181818181815,4.936363636363636,4.890909090909091,4.890909090909091,4.506666666666667
07:25:00,5.126666666666668,5.143333333333334,5.193333333333333,5.1033333333333335,5.076666666666667,4.906666666666668,4.936666666666668,4.943333333333334,5.006666666666667,5.0133333333333345,4.950000000000002,4.906666666666667,4.986666666666667,5.033333333333333,4.993333333333334,5.019999999999999,4.680000000000001,4.7266666666666675,4.736666666666667,4.846666666666667,4.776666666666667,4.666666666666667,4.886666666666668,4.763333333333333,4.853333333333334,4.8566666666666665,4.75,4.693333333333333,4.716666666666668,4.7266666666666675,4.756666666666667,4.770000000000001,4.873333333333334,4.893333333333334,5.126666666666667,4.666666666666667,5.5633333333333335,4.783333333333334,5.540000000000001,5.586666666666669,5.159999999999999,5.216666666666666,5.03448275862069,5.296666666666667,4.873333333333332,5.406666666666667,5.343333333333334,4.793333333333333,4.433333333333333,4.506666666666666,4.51,4.416666666666665,4.483333333333333,4.449999999999998,4.51,4.210000000000002,4.756666666666667,5.130000000000001,5.103333333333334,5.1033333333333335,4.364705882352942,5.173333333333332,4.62,4.1,4.370833333333334,4.358333333333333,4.3875,4.395833333333333,4.079166666666667,5.495454545454547,5.5636363636363635,5.50909090909091,5.4318181818181825,5.386363636363638,5.11
07:30:00,5.486666666666667,5.496666666666668,5.606666666666667,5.496666666666666,5.466666666666667,5.256666666666666,5.289999999999998,5.286666666666665,5.356666666666667,5.393333333333334,5.323333333333334,5.280000000000001,5.386666666666668,5.426666666666667,5.443333333333332,5.436666666666666,5.116666666666665,5.170000000000001,5.183333333333334,5.2700000000000005,5.236666666666666,5.08,5.313333333333333,5.170000000000001,5.279999999999999,5.263333333333334,5.183333333333334,5.310000000000001,5.310000000000001,5.36,5.390000000000002,5.410000000000002,5.506666666666666,5.566666666666667,5.786666666666665,5.346666666666666,6.349999999999999,5.526666666666668,6.22,6.260000000000001,5.883333333333332,5.950000000000002,5.76551724137931,6.013333333333333,5.5699999999999985,6.123333333333333,6.090000000000001,5.46,5.046666666666665,5.143333333333334,5.163333333333335,5.049999999999999,5.116666666666668,5.086666666666667,5.153333333333333,4.773333333333334,5.383333333333335,5.8133333333333335,5.796666666666667,5.829999999999999,4.764705882352941,5.816666666666666,5.273333333333334,4.7,4.916666666666667,4.945833333333334,5.012499999999999,5.016666666666667,4.720833333333335,5.986363636363635,6.145454545454546,6.090909090909091,6.022727272727272,6.0181818181818185,5.446666666666667
07:35:00,6.239999999999999,6.226666666666666,6.263333333333334,6.163333333333332,6.109999999999999,5.9300000000000015,5.996666666666668,6.0166666666666675,6.083333333333331,6.136666666666666,6.016666666666667,5.963333333333334,6.079999999999999,6.08,6.12,6.073333333333335,5.736666666666667,5.8199999999999985,5.8633333333333315,5.98,5.926666666666667,5.773333333333334,6.006666666666666,5.853333333333335,5.9866666666666655,5.96333333333333,5.826666666666668,5.9433333333333325,5.930000000000001,5.84,5.896666666666666,5.916666666666667,6.016666666666667,6.073333333333333,6.283333333333332,5.869999999999999,6.8900000000000015,6.080000000000003,6.836666666666669,6.936666666666667,6.506666666666667,6.58,6.448275862068965,6.7,6.276666666666666,6.786666666666666,6.723333333333333,5.986666666666667,5.5200000000000005,5.596666666666668,5.596666666666666,5.4866666666666655,5.566666666666666,5.536666666666665,5.6033333333333335,5.196666666666668,6.096666666666667,6.36,6.380000000000001,6.416666666666667,5.5,6.456666666666665,5.769999999999999,5.133333333333333,5.229166666666665,5.229166666666666,5.2875,5.316666666666666,4.995833333333334,6.604545454545454,6.754545454545453,6.709090909090907,6.604545454545454,6.6499999999999995,6.1966666666666645
07:40:00,6.533333333333331,6.519999999999999,6.640000000000001,6.533333333333332,6.4766666666666675,6.3999999999999995,6.406666666666667,6.503333333333333,6.586666666666668,6.603333333333334,6.4366666666666665,6.363333333333333,6.53,6.546666666666666,6.566666666666666,6.483333333333334,6.3533333333333335,6.429999999999999,6.433333333333333,6.579999999999999,6.536666666666665,6.359999999999999,6.566666666666668,6.370000000000001,6.500000000000001,6.463333333333333,6.320000000000002,6.806666666666666,6.79,6.796666666666664,6.806666666666668,6.86,6.969999999999998,6.993333333333335,7.186666666666667,6.753333333333334,7.9700000000000015,6.909999999999998,7.693333333333333,7.696666666666666,7.456666666666669,7.563333333333334,7.455172413793105,7.693333333333334,7.16,7.84,7.796666666666667,6.776666666666667,6.1499999999999995,6.233333333333333,6.253333333333333,6.096666666666666,6.180000000000002,6.1099999999999985,6.153333333333331,5.696666666666668,7.146666666666666,7.276666666666666,7.296666666666666,7.363333333333334,6.529411764705882,7.483333333333334,6.45,5.662499999999999,5.716666666666666,5.708333333333333,5.737500000000001,5.758333333333333,5.416666666666668,7.699999999999999,7.904545454545453,7.831818181818182,7.813636363636365,7.909090909090909,6.519999999999999
07:45:00,7.133333333333332,7.140000000000001,7.243333333333331,7.116666666666668,7.060000000000002,6.819999999999999,6.8533333333333335,6.876666666666666,6.950000000000003,7.0066666666666695,6.863333333333335,6.786666666666667,6.876666666666668,6.903333333333336,6.966666666666668,6.92,6.573333333333334,6.659999999999998,6.666666666666667,6.786666666666666,6.73,6.556666666666668,6.806666666666667,6.626666666666668,6.73,6.696666666666668,6.543333333333334,6.836666666666665,6.839999999999999,6.84,6.863333333333333,6.906666666666668,6.996666666666667,7.0166666666666675,7.23,6.819999999999999,7.8866666666666685,7.063333333333336,7.786666666666667,7.856666666666667,7.58,7.6866666666666665,7.565517241379312,7.749999999999999,7.283333333333333,7.78,7.716666666666666,6.846666666666667,6.283333333333333,6.409999999999999,6.396666666666665,6.253333333333333,6.34,6.296666666666666,6.353333333333333,5.903333333333333,7.356666666666666,7.4366666666666665,7.4433333333333325,7.453333333333332,6.44705882352941,7.520000000000001,6.683333333333333,5.929166666666667,6.029166666666668,6.070833333333333,6.137499999999999,6.120833333333334,5.845833333333332,8.027272727272727,8.22272727272727,8.127272727272729,8.022727272727273,8.045454545454545,7.106666666666667
07:50:00,7.5299999999999985,7.603333333333331,7.656666666666667,7.54,7.373333333333334,7.1433333333333335,7.15,7.180000000000001,7.206666666666666,7.26,7.12,7.023333333333334,7.123333333333333,7.146666666666666,7.1866666666666665,7.126666666666668,7.046666666666667,7.113333333333332,7.133333333333332,7.239999999999999,7.1866666666666665,6.953333333333334,7.28,7.033333333333333,7.243333333333333,7.136666666666667,7.040000000000002,7.676666666666666,7.65,7.626666666666666,7.629999999999999,7.666666666666666,7.786666666666666,7.840000000000002,8.036666666666665,7.426666666666667,8.6,7.7233333333333345,8.463333333333333,8.556666666666667,8.126666666666669,8.286666666666665,8.206896551724139,8.389999999999999,7.913333333333332,8.493333333333332,8.453333333333335,7.420000000000001,6.78,6.906666666666665,6.986666666666666,6.823333333333333,6.92,6.873333333333331,6.983333333333332,6.400000000000002,7.876666666666667,8.036666666666665,8.073333333333334,8.163333333333332,6.617647058823529,8.106666666666666,6.9933333333333305,6.379166666666667,6.5125,6.533333333333331,6.6125,6.641666666666666,6.3999999999999995,8.463636363636363,8.727272727272727,8.709090909090907,8.718181818181819,8.672727272727274,7.496666666666666
07:55:00,8.236666666666668,8.283333333333333,8.410000000000002,8.296666666666669,8.24,8.733333333333336,8.793333333333333,8.779999999999998,8.783333333333333,8.820000000000002,8.553333333333338,8.320000000000002,8.600000000000001,8.496666666666666,8.563333333333334,8.46,8.066666666666665,8.209999999999999,8.553333333333335,8.75,8.723333333333333,8.763333333333332,8.766666666666664,8.466666666666669,8.736666666666663,8.669999999999998,8.473333333333333,8.57,8.593333333333335,8.6,8.67,8.753333333333334,8.909999999999998,9.026666666666667,9.370000000000003,8.976666666666665,10.283333333333333,9.366666666666667,10.07,10.216666666666667,9.223333333333331,9.34666666666667,9.420689655172412,9.593333333333335,9.090000000000002,9.683333333333332,9.623333333333333,8.246666666666668,7.466666666666667,7.583333333333334,7.6066666666666665,7.429999999999999,7.526666666666667,7.483333333333333,7.590000000000001,7.026666666666667,8.879999999999999,8.963333333333333,9.0,9.116666666666667,6.988235294117647,9.363333333333333,7.993333333333331,6.862500000000001,7.429166666666667,7.420833333333333,7.4416666666666655,7.408333333333331,7.1499999999999995,9.636363636363633,9.818181818181817,9.749999999999996,9.740909090909089,9.809090909090907,8.196666666666669
08:00:00,8.716666666666667,8.870000000000001,8.999999999999998,8.919999999999998,8.816666666666666,8.83,8.746666666666666,8.783333333333331,8.716666666666667,8.723333333333333,8.446666666666665,8.223333333333333,8.55,8.409999999999997,8.656666666666666,8.629999999999999,8.763333333333332,8.9,8.94,9.083333333333334,8.98,8.953333333333335,9.096666666666666,8.649999999999999,8.973333333333333,8.620000000000001,8.546666666666669,9.04,9.109999999999998,9.226666666666665,9.306666666666667,9.426666666666666,9.653333333333334,9.783333333333333,10.203333333333331,9.860000000000001,11.229999999999999,10.3,11.026666666666667,11.236666666666666,9.849999999999998,10.026666666666667,10.027586206896553,10.26666666666667,9.786666666666665,10.343333333333332,10.346666666666668,8.956666666666667,8.150000000000002,8.09,8.136666666666667,7.946666666666669,8.059999999999999,8.040000000000001,8.156666666666668,7.593333333333331,9.639999999999999,9.766666666666664,9.793333333333331,9.856666666666666,7.552941176470589,9.966666666666667,8.420000000000002,7.416666666666667,7.870833333333334,7.895833333333335,7.954166666666667,7.966666666666668,7.7124999999999995,10.35909090909091,10.622727272727277,10.531818181818183,10.477272727272727,10.52727272727273,8.636666666666667
08:05:00,10.41333333333333,10.486666666666668,10.676666666666668,10.543333333333333,10.406666666666668,9.926666666666666,9.966666666666667,10.046666666666669,10.096666666666668,10.190000000000001,9.903333333333332,9.656666666666666,10.06,10.009999999999998,10.233333333333336,10.140000000000002,9.623333333333333,9.776666666666667,9.83,10.046666666666665,9.996666666666666,9.986666666666666,10.203333333333335,9.816666666666666,10.176666666666666,10.036666666666669,9.853333333333332,9.946666666666667,9.983333333333333,10.016666666666667,10.176666666666666,10.25666666666667,10.41333333333333,10.506666666666668,10.853333333333333,10.490000000000002,12.12,11.169999999999996,11.893333333333329,12.156666666666663,10.503333333333332,10.690000000000001,10.665517241379309,10.880000000000004,10.4,10.989999999999998,10.950000000000001,9.416666666666666,8.509999999999998,8.663333333333332,8.7,8.523333333333332,8.666666666666664,8.623333333333333,8.73,8.126666666666667,10.316666666666668,10.426666666666666,10.446666666666662,10.523333333333333,8.217647058823532,10.556666666666665,9.04,7.775000000000001,8.366666666666667,8.387500000000001,8.408333333333333,8.433333333333334,8.174999999999999,11.1,11.381818181818181,11.277272727272726,11.2,11.29090909090909,10.373333333333333
08:10:00,10.696666666666665,10.743333333333334,10.92333333333333,10.786666666666667,10.646666666666667,10.053333333333336,10.216666666666667,10.303333333333331,10.330000000000002,10.406666666666668,10.133333333333333,9.816666666666665,10.229999999999997,10.15,10.253333333333334,10.170000000000005,9.676666666666666,9.82333333333333,9.863333333333333,10.106666666666667,10.013333333333334,10.04666666666667,10.296666666666663,9.950000000000001,10.27,10.233333333333333,10.030000000000001,9.919999999999996,9.946666666666664,9.96,10.040000000000001,10.116666666666667,10.31,10.370000000000001,10.693333333333332,10.376666666666669,11.773333333333332,11.166666666666664,11.639999999999997,11.819999999999999,10.740000000000002,10.95,10.94137931034483,11.133333333333331,10.699999999999998,11.246666666666664,11.190000000000001,9.660000000000002,8.686666666666667,8.860000000000001,8.886666666666667,8.713333333333335,8.836666666666666,8.793333333333335,8.900000000000002,8.273333333333333,10.54666666666667,10.670000000000003,10.76,10.840000000000002,8.552941176470588,10.933333333333335,9.336666666666668,7.862500000000001,8.654166666666667,8.65,8.695833333333335,8.7,8.470833333333333,11.449999999999996,11.722727272727274,11.631818181818183,11.577272727272726,11.781818181818181,10.66
08:15:00,11.136666666666661,11.113333333333332,11.316666666666666,11.19333333333333,11.133333333333333,10.310000000000002,10.363333333333333,10.496666666666668,10.556666666666667,10.696666666666667,10.44,10.183333333333334,10.643333333333333,10.639999999999997,10.813333333333333,10.766666666666667,9.966666666666667,10.126666666666665,10.196666666666664,10.386666666666667,10.303333333333333,10.306666666666665,10.599999999999996,10.226666666666663,10.59333333333333,10.496666666666668,10.349999999999998,10.523333333333337,10.520000000000003,10.58,10.629999999999999,10.836666666666664,11.073333333333334,11.10333333333333,11.399999999999999,11.159999999999998,12.643333333333334,12.016666666666667,12.496666666666668,12.72,11.406666666666663,11.596666666666671,11.617241379310345,11.87666666666667,11.486666666666668,12.023333333333335,11.980000000000002,10.366666666666665,9.356666666666664,9.546666666666669,9.613333333333335,9.406666666666666,9.583333333333336,9.530000000000003,9.680000000000005,9.026666666666667,11.213333333333331,11.363333333333335,11.383333333333333,11.436666666666667,8.405882352941177,11.573333333333332,9.909999999999998,8.312500000000002,9.437499999999998,9.454166666666666,9.495833333333334,9.495833333333332,9.262500000000001,12.054545454545456,12.418181818181814,12.227272727272727,12.15,12.395454545454543,11.04
08:20:00,12.7,12.726666666666667,13.0,12.813333333333333,12.73,11.469999999999999,11.596666666666666,11.8,11.886666666666667,11.996666666666666,11.653333333333334,11.323333333333334,11.820000000000004,11.98,12.17,12.073333333333332,10.78,10.956666666666667,11.006666666666668,11.216666666666665,11.13,11.109999999999998,11.316666666666668,10.939999999999996,11.236666666666668,11.129999999999999,10.949999999999998,11.209999999999999,11.199999999999998,11.253333333333334,11.316666666666666,11.40666666666667,11.62,11.603333333333333,11.889999999999999,11.62333333333333,13.096666666666668,12.516666666666664,13.103333333333332,13.256666666666668,11.896666666666665,12.173333333333334,12.175862068965515,12.473333333333333,12.033333333333333,12.613333333333333,12.606666666666666,10.889999999999999,9.816666666666666,10.026666666666667,10.02,9.820000000000002,9.98,9.896666666666667,10.043333333333333,9.359999999999998,11.836666666666668,11.909999999999998,11.976666666666665,12.053333333333333,9.352941176470589,12.263333333333334,10.480000000000002,9.212500000000002,9.941666666666668,9.962500000000004,9.962500000000002,9.975000000000001,9.779166666666667,12.813636363636363,13.140909090909094,12.922727272727274,12.981818181818177,13.127272727272727,12.643333333333334
08:25:00,13.47,13.586666666666673,13.843333333333337,13.736666666666668,13.756666666666664,12.29,12.363333333333335,12.536666666666665,12.666666666666668,12.883333333333336,12.610000000000001,12.290000000000001,12.686666666666666,12.883333333333335,13.053333333333333,13.000000000000002,11.756666666666666,11.966666666666667,12.006666666666668,12.279999999999998,12.213333333333335,12.210000000000003,12.466666666666665,12.033333333333335,12.356666666666664,12.203333333333335,11.983333333333333,12.186666666666667,12.173333333333336,12.199999999999998,12.286666666666665,12.383333333333333,12.626666666666665,12.583333333333332,12.946666666666662,12.703333333333331,14.226666666666663,13.50333333333333,14.113333333333337,14.263333333333332,13.120000000000003,13.350000000000001,13.420689655172414,13.626666666666665,13.020000000000001,13.643333333333334,13.606666666666666,11.666666666666668,10.453333333333331,10.693333333333332,10.669999999999996,10.47,10.65333333333333,10.573333333333332,10.686666666666666,9.976666666666665,12.853333333333333,12.94333333333333,12.966666666666667,13.036666666666664,10.558823529411764,13.083333333333332,11.156666666666666,10.262500000000001,10.475000000000001,10.516666666666667,10.55,10.575000000000001,10.283333333333333,13.863636363636363,14.23181818181818,14.113636363636363,14.04090909090909,14.304545454545456,13.293333333333331
08:30:00,14.750000000000002,14.8,14.98333333333333,14.736666666666666,14.480000000000002,13.683333333333334,13.620000000000001,13.793333333333338,13.80333333333333,13.939999999999998,13.653333333333334,13.153333333333334,13.85,13.903333333333334,14.046666666666669,13.923333333333334,13.109999999999996,13.343333333333334,13.32,13.589999999999998,13.453333333333335,13.410000000000002,13.636666666666665,13.24666666666667,13.573333333333332,13.483333333333336,13.25666666666667,13.926666666666666,13.863333333333333,13.886666666666665,13.876666666666667,13.96333333333333,14.363333333333335,14.363333333333328,14.763333333333332,14.513333333333334,16.193333333333335,15.610000000000005,16.02,16.196666666666665,15.46,15.580000000000002,15.648275862068965,15.693333333333337,15.383333333333335,15.556666666666668,15.479999999999999,13.189999999999998,11.79,12.033333333333333,12.113333333333333,11.726666666666665,11.973333333333331,11.859999999999998,12.090000000000002,11.346666666666664,15.209999999999997,15.21666666666667,15.186666666666667,15.003333333333332,12.04705882352941,15.250000000000005,12.616666666666667,11.266666666666666,11.700000000000001,11.6875,11.808333333333332,11.4625,11.370833333333335,16.69090909090909,17.05454545454546,17.299999999999997,17.063636363636363,17.295454545454543,14.653333333333332
08:35:00,16.003333333333337,16.113333333333333,16.293333333333333,16.12666666666667,16.006666666666668,14.673333333333334,14.790000000000001,15.046666666666663,15.083333333333332,15.226666666666665,14.860000000000001,14.313333333333333,15.026666666666667,15.166666666666673,15.37333333333333,15.339999999999998,13.82333333333333,14.05,14.059999999999997,14.340000000000003,14.326666666666666,14.369999999999997,14.819999999999999,14.446666666666665,14.823333333333329,14.823333333333334,14.623333333333338,14.360000000000005,14.343333333333332,14.48,14.633333333333331,14.773333333333332,15.216666666666669,15.313333333333334,16.05,16.086666666666666,17.896666666666665,17.740000000000002,17.910000000000007,18.356666666666666,15.930000000000001,16.173333333333336,16.410344827586208,16.556666666666665,16.493333333333332,16.63,16.69,14.32333333333333,12.836666666666664,13.033333333333335,13.203333333333335,12.783333333333333,13.246666666666666,13.123333333333335,13.346666666666662,12.459999999999999,15.670000000000003,16.023333333333333,16.143333333333334,16.256666666666668,12.682352941176472,16.416666666666668,13.606666666666667,12.112499999999999,12.620833333333332,12.654166666666667,12.799999999999999,12.941666666666668,12.499999999999998,16.936363636363634,17.422727272727272,17.431818181818183,17.30454545454546,17.590909090909093,15.916666666666663
08:40:00,18.473333333333333,18.296666666666667,18.53333333333334,18.26,18.21333333333333,16.563333333333336,16.64666666666667,16.89333333333333,16.960000000000004,17.19333333333333,16.926666666666666,16.206666666666667,16.943333333333335,17.01,17.13,17.073333333333338,15.696666666666664,16.033333333333335,16.14666666666667,16.606666666666666,16.560000000000002,16.61,16.98,16.503333333333327,16.95666666666667,16.906666666666663,16.44333333333333,16.22666666666667,16.3,16.406666666666673,16.643333333333338,16.786666666666672,17.116666666666667,17.133333333333333,17.773333333333333,17.6,19.610000000000003,19.34333333333333,19.61333333333333,19.893333333333338,16.89666666666667,17.269999999999996,17.52068965517241,17.736666666666668,17.669999999999998,17.933333333333334,17.95,15.326666666666672,13.703333333333331,13.946666666666665,14.056666666666668,13.753333333333332,14.056666666666667,13.979999999999997,14.223333333333331,13.353333333333335,16.746666666666666,16.96,17.01333333333333,17.216666666666665,13.229411764705883,17.560000000000002,14.746666666666666,12.754166666666668,14.312500000000002,14.320833333333335,14.291666666666664,14.154166666666661,13.8125,18.663636363636364,19.204545454545457,19.072727272727267,19.000000000000004,19.26363636363636,18.389999999999997
08:45:00,19.216666666666665,19.189999999999998,19.250000000000004,18.873333333333328,18.660000000000004,18.17,18.220000000000002,18.44333333333333,18.516666666666666,18.73,18.29333333333333,17.286666666666672,18.333333333333336,18.033333333333335,18.17666666666667,18.06666666666667,17.149999999999995,17.453333333333333,17.503333333333337,17.88333333333333,17.75333333333333,17.773333333333333,18.183333333333334,17.703333333333333,18.113333333333333,17.99,17.696666666666665,18.27,18.24666666666667,18.37666666666667,18.636666666666667,18.703333333333337,18.776666666666664,19.133333333333336,20.12333333333334,19.886666666666667,21.75,21.436666666666675,21.689999999999998,22.076666666666664,19.75666666666667,19.970000000000002,20.231034482758623,20.15333333333333,19.779999999999998,19.79666666666667,19.676666666666673,16.580000000000002,14.746666666666666,14.963333333333331,15.103333333333332,14.583333333333332,15.33,15.226666666666665,15.360000000000001,14.323333333333332,19.48,19.473333333333333,19.40666666666666,19.37,15.805882352941175,19.213333333333335,16.036666666666665,13.045833333333333,14.9375,14.737499999999999,14.70833333333333,14.65833333333333,14.404166666666663,20.704545454545457,21.327272727272728,21.38636363636364,21.209090909090907,21.495454545454546,18.84
08:50:00,20.26,19.726666666666674,20.129999999999995,20.280000000000005,20.44666666666667,19.066666666666663,19.003333333333334,19.26666666666667,19.45,19.766666666666666,19.426666666666673,18.60333333333333,19.369999999999997,19.523333333333337,19.586666666666666,19.65666666666666,18.18666666666667,18.526666666666664,18.55666666666667,19.046666666666667,19.05666666666667,19.04666666666667,19.473333333333336,19.016666666666666,19.293333333333337,19.329999999999995,19.06,19.576666666666668,19.516666666666666,19.696666666666665,19.833333333333332,20.066666666666663,20.59333333333333,20.58666666666667,21.12333333333334,20.85,22.67333333333333,22.54666666666667,22.95666666666667,23.340000000000007,20.57333333333333,21.003333333333334,21.458620689655167,21.6,21.609999999999996,21.96,22.04333333333334,18.613333333333333,16.606666666666666,16.953333333333337,17.050000000000004,16.623333333333342,17.316666666666666,17.233333333333334,17.256666666666668,16.16333333333333,20.073333333333327,20.409999999999993,20.573333333333334,20.643333333333334,16.7235294117647,20.836666666666662,17.45,15.158333333333337,16.675,16.758333333333336,16.904166666666672,16.762500000000006,16.483333333333334,22.131818181818183,22.686363636363634,22.28636363636364,21.940909090909088,22.15,20.37333333333334
08:55:00,22.639999999999997,22.54333333333333,22.993333333333336,22.796666666666663,22.739999999999995,20.89,20.95333333333333,21.20333333333333,21.269999999999996,21.61,21.09666666666667,20.066666666666663,21.033333333333328,21.250000000000004,21.34,21.196666666666665,19.673333333333332,20.203333333333333,20.366666666666667,20.743333333333336,20.696666666666662,20.733333333333334,21.203333333333326,20.599999999999998,20.999999999999993,20.89666666666667,20.673333333333336,21.29,21.27,21.42333333333333,21.676666666666666,21.769999999999996,22.053333333333338,21.703333333333333,22.740000000000002,22.803333333333335,25.06,24.78666666666667,25.200000000000006,25.843333333333337,22.696666666666665,23.023333333333333,23.420689655172417,23.573333333333334,23.486666666666668,23.750000000000004,23.626666666666665,20.086666666666662,17.933333333333337,18.233333333333334,18.236666666666668,17.496666666666666,18.030000000000005,17.96,18.176666666666666,17.103333333333335,21.689999999999998,21.606666666666666,21.779999999999998,22.046666666666663,17.823529411764703,22.456666666666667,18.72666666666667,17.075000000000006,17.850000000000005,17.854166666666668,17.95833333333334,17.945833333333336,18.016666666666662,23.731818181818177,24.572727272727274,24.70909090909091,24.518181818181816,24.913636363636364,22.543333333333333
09:00:00,22.30666666666666,22.389999999999993,22.770000000000007,22.573333333333334,22.423333333333332,22.043333333333333,21.903333333333332,22.15333333333332,22.186666666666667,22.579999999999995,22.39333333333333,21.183333333333334,22.113333333333337,21.996666666666663,22.05333333333333,22.079999999999995,21.19,21.723333333333326,21.916666666666675,22.890000000000004,22.93333333333333,22.939999999999994,23.386666666666667,22.673333333333336,23.233333333333338,23.060000000000006,22.689999999999998,23.040000000000003,23.053333333333335,23.28666666666667,23.639999999999997,23.83,24.373333333333335,24.173333333333332,24.936666666666664,24.943333333333335,26.683333333333326,26.33333333333333,26.639999999999993,27.473333333333343,23.903333333333332,24.34666666666667,24.624137931034486,25.063333333333333,25.293333333333333,25.586666666666666,25.716666666666665,22.023333333333333,19.703333333333337,20.12333333333333,20.2,19.803333333333335,20.380000000000003,20.216666666666672,20.353333333333335,19.133333333333333,23.59333333333333,23.936666666666664,24.116666666666674,24.51,19.017647058823535,24.709999999999997,20.876666666666665,18.895833333333332,20.120833333333334,19.75,19.829166666666666,19.87083333333333,19.833333333333332,25.990909090909096,26.613636363636363,26.513636363636362,26.422727272727272,26.68636363636364,22.12666666666667
09:05:00,26.10333333333334,25.79,26.299999999999997,25.916666666666664,25.620000000000005,24.643333333333327,24.723333333333333,25.009999999999998,24.99666666666667,25.230000000000004,24.503333333333334,23.23666666666667,24.196666666666662,24.476666666666663,24.456666666666667,24.09333333333333,22.176666666666666,22.65333333333333,22.89666666666666,23.65,23.470000000000002,23.373333333333335,23.756666666666675,23.216666666666665,23.510000000000005,23.603333333333328,22.713333333333328,23.00333333333333,23.066666666666666,23.38,23.740000000000002,24.003333333333334,24.59,24.14999999999999,24.893333333333338,24.970000000000002,26.323333333333327,25.970000000000002,26.209999999999997,27.180000000000007,23.966666666666665,24.356666666666673,24.672413793103452,25.103333333333328,25.14666666666667,25.419999999999998,25.453333333333337,21.683333333333337,19.4,19.87333333333333,19.94666666666667,19.65,20.293333333333337,20.206666666666663,20.40333333333334,19.34666666666666,23.926666666666662,24.160000000000007,24.233333333333338,24.40666666666667,19.894117647058824,24.70333333333333,20.553333333333335,19.73333333333333,19.85,19.77916666666667,19.904166666666665,19.80833333333333,19.829166666666662,26.322727272727274,27.00454545454546,26.71363636363636,26.459090909090914,26.531818181818178,25.990000000000002
09:10:00,26.656666666666677,26.72666666666667,27.39333333333333,27.199999999999996,27.176666666666666,25.29,25.286666666666672,25.71,25.763333333333335,26.136666666666667,25.87666666666667,24.523333333333326,25.86666666666666,26.343333333333327,26.27,26.00666666666667,23.460000000000004,24.013333333333332,24.193333333333335,24.839999999999996,24.689999999999994,24.633333333333333,25.15333333333333,24.543333333333337,24.89666666666666,24.83666666666667,24.09,25.299999999999997,25.193333333333335,25.356666666666666,25.6,26.01666666666667,26.466666666666672,26.550000000000004,27.196666666666665,27.363333333333337,28.07333333333334,27.680000000000007,27.80000000000001,28.970000000000002,27.34,27.873333333333328,28.441379310344825,28.570000000000004,28.53333333333334,28.843333333333337,28.860000000000003,24.793333333333337,22.223333333333336,22.549999999999994,22.729999999999997,22.18666666666666,23.026666666666674,22.749999999999996,23.06,21.526666666666667,27.316666666666663,27.589999999999996,27.653333333333332,27.790000000000003,21.41176470588235,27.830000000000002,23.339999999999993,22.249999999999996,22.8625,22.795833333333334,22.816666666666666,22.89166666666667,23.270833333333332,29.66818181818182,30.50454545454545,30.340909090909086,30.068181818181824,30.522727272727263,26.39
09:15:00,27.34333333333334,27.566666666666666,28.35,27.98333333333333,27.473333333333326,26.60333333333333,26.62333333333333,27.036666666666655,27.270000000000003,27.653333333333332,27.61666666666667,25.866666666666664,26.803333333333335,26.716666666666665,26.959999999999997,26.923333333333343,26.17,26.743333333333336,26.870000000000005,27.34666666666666,27.41333333333333,27.589999999999996,28.309999999999995,27.923333333333332,28.766666666666662,28.57666666666667,28.256666666666668,27.839999999999996,27.79333333333334,28.176666666666662,28.623333333333335,28.933333333333326,29.573333333333334,29.029999999999998,29.443333333333328,29.426666666666673,32.086666666666666,31.86666666666667,32.11,32.68666666666665,28.26,28.810000000000002,29.355172413793102,29.58666666666667,29.78666666666667,30.093333333333337,30.300000000000004,26.510000000000005,24.130000000000003,24.680000000000003,24.780000000000005,24.269999999999996,25.060000000000006,24.906666666666673,24.840000000000007,23.380000000000003,28.660000000000007,29.226666666666667,29.343333333333337,29.673333333333332,22.900000000000002,30.103333333333328,25.59666666666666,22.558333333333326,25.00833333333333,24.925,25.120833333333334,25.020833333333332,25.45,30.086363636363636,30.963636363636372,30.827272727272728,30.540909090909086,31.15909090909091,26.916666666666675
09:20:00,29.66666666666667,29.346666666666668,29.78666666666667,29.239999999999995,28.94333333333333,27.86333333333333,27.733333333333334,28.043333333333333,28.093333333333327,28.543333333333337,28.453333333333344,27.096666666666675,27.896666666666665,28.223333333333333,28.336666666666662,28.246666666666663,25.333333333333332,25.82666666666668,26.029999999999994,26.599999999999998,26.57,26.646666666666665,27.17666666666668,26.43,27.423333333333346,27.366666666666664,27.049999999999997,28.74333333333333,28.75333333333333,28.49,28.58333333333334,29.04333333333333,29.679999999999996,28.90333333333333,29.090000000000007,29.2,30.326666666666668,29.97666666666667,30.263333333333332,31.289999999999996,29.716666666666672,30.380000000000003,30.962068965517233,31.253333333333334,31.53000000000001,31.74999999999999,31.983333333333334,28.123333333333335,25.43333333333333,25.936666666666667,25.819999999999997,25.433333333333334,26.05333333333333,25.419999999999995,25.37333333333334,24.006666666666668,28.65666666666667,28.563333333333336,28.68666666666666,28.8,21.964705882352945,29.443333333333328,25.946666666666665,24.875,26.058333333333334,26.075000000000003,26.300000000000008,26.325,26.958333333333332,30.986363636363627,31.854545454545452,31.827272727272735,31.518181818181816,31.95909090909091,29.433333333333334
09:25:00,31.986666666666665,31.686666666666667,32.080000000000005,31.613333333333333,31.67333333333334,30.26999999999999,30.249999999999996,30.743333333333336,30.903333333333325,31.350000000000005,31.11666666666667,29.640000000000008,30.31666666666666,30.55333333333333,30.666666666666664,30.496666666666663,29.34333333333334,29.753333333333327,29.886666666666667,30.02,30.276666666666667,30.220000000000006,30.81333333333334,29.923333333333332,30.243333333333336,30.109999999999996,29.733333333333324,31.513333333333335,31.450000000000003,31.773333333333326,32.16666666666667,32.47999999999999,33.39,32.81999999999999,32.97666666666667,33.03333333333334,34.03666666666666,33.52000000000001,33.74333333333335,34.58333333333333,32.650000000000006,33.120000000000005,33.52758620689655,34.09666666666666,34.28666666666666,34.443333333333335,34.14666666666667,29.866666666666664,27.179999999999996,27.889999999999997,27.913333333333334,27.52,28.24666666666667,28.02666666666666,28.00666666666667,26.57333333333333,31.893333333333338,32.22,32.333333333333336,32.57000000000001,26.694117647058825,32.93,28.453333333333337,27.55,28.200000000000003,27.333333333333332,27.316666666666666,27.25833333333333,27.65416666666667,35.3,36.04545454545454,35.76818181818181,35.20454545454546,35.7909090909091,32.029999999999994
09:30:00,34.96666666666666,34.96000000000001,35.60000000000001,35.32,35.01,32.56333333333333,32.81333333333334,33.366666666666674,33.17333333333333,33.779999999999994,33.966666666666676,32.58666666666667,33.199999999999996,33.410000000000004,33.61,33.336666666666666,30.946666666666665,31.480000000000004,31.65333333333333,32.57333333333333,32.336666666666666,32.37666666666666,32.989999999999995,32.199999999999996,32.839999999999996,32.70666666666667,32.09333333333333,34.48,34.25,34.43,34.61,35.0,35.726666666666674,34.806666666666665,34.529999999999994,34.68333333333332,36.149999999999984,35.57000000000001,35.769999999999996,36.47666666666668,34.56333333333335,34.73333333333334,35.47931034482758,36.08,36.28333333333334,36.480000000000004,36.776666666666664,32.3,29.449999999999996,30.046666666666674,29.903333333333332,29.480000000000004,30.286666666666665,29.959999999999997,30.116666666666664,28.836666666666662,34.38666666666668,34.63333333333333,35.02666666666667,35.53,29.152941176470588,36.16333333333333,31.673333333333336,30.779166666666665,31.687500000000004,31.9875,31.154166666666665,30.954166666666666,31.212499999999995,38.11363636363637,38.945454545454545,38.61818181818182,37.93181818181819,38.490909090909085,34.690000000000005
09:35:00,36.94666666666667,37.160000000000004,38.17,37.879999999999995,37.71333333333333,34.6,34.57333333333334,35.02,35.05666666666668,35.676666666666655,35.73666666666668,34.326666666666675,35.036666666666655,34.983333333333334,35.25666666666666,35.04666666666667,33.300000000000004,34.11,34.129999999999995,34.62,34.51,34.46666666666666,35.28666666666666,34.36,35.39999999999999,35.273333333333326,34.93,36.93,36.04,37.53333333333333,38.13666666666667,38.35333333333333,39.2,37.883333333333326,38.33,38.45,39.29666666666667,38.92333333333333,39.27333333333334,40.006666666666675,37.92,38.440000000000005,38.38965517241379,39.346666666666664,39.336666666666666,39.50666666666667,39.783333333333324,34.743333333333325,31.713333333333335,32.430000000000014,32.28333333333333,32.03333333333334,32.52333333333333,32.236666666666665,32.196666666666665,30.74333333333334,35.89666666666666,36.316666666666656,36.776666666666664,37.13,35.44705882352942,37.38333333333334,32.77333333333334,32.48333333333333,33.14166666666667,32.887499999999996,32.987500000000004,32.92916666666667,33.387499999999996,39.21818181818182,40.32272727272727,39.986363636363635,39.47727272727273,40.400000000000006,36.88666666666666
09:40:00,39.55999999999999,39.330000000000005,40.18,39.690000000000005,39.58333333333334,37.449999999999996,37.47666666666667,38.059999999999995,38.29,38.846666666666664,39.080000000000005,37.49333333333333,38.06333333333334,38.47,37.993333333333325,37.833333333333336,34.870000000000005,35.35333333333334,35.556666666666665,36.4,36.16,36.220000000000006,36.99666666666667,36.57,37.373333333333335,37.16333333333334,36.48,36.95666666666668,37.06000000000001,37.106666666666655,37.31333333333334,37.813333333333325,38.96333333333333,37.81333333333334,37.70000000000001,37.99666666666667,39.900000000000006,39.37333333333333,39.720000000000006,40.53666666666666,39.35666666666667,39.780000000000015,39.93448275862069,40.24000000000001,40.226666666666674,40.39000000000001,40.83333333333332,35.97333333333333,32.76666666666667,33.356666666666676,32.733333333333334,33.10666666666666,33.82333333333333,32.940000000000005,32.61333333333334,31.14333333333333,38.60333333333334,38.5,38.806666666666665,39.17000000000001,37.05882352941177,39.466666666666676,35.266666666666666,34.36666666666667,36.4125,36.354166666666664,36.43333333333332,36.099999999999994,36.325,40.77272727272727,41.804545454545455,41.72727272727272,41.46818181818182,42.400000000000006,39.42666666666667
09:45:00,39.72333333333334,40.110000000000014,40.936666666666675,40.65333333333333,40.49666666666666,37.95333333333335,37.99333333333333,38.64333333333333,38.88,39.54333333333332,39.856666666666676,38.223333333333336,38.77666666666666,39.36666666666667,39.463333333333324,39.24666666666667,36.35333333333333,37.06666666666667,37.46,38.243333333333325,38.11333333333334,38.06333333333332,38.74666666666666,37.81666666666667,38.68666666666666,38.59666666666667,38.486666666666665,38.446666666666665,38.26333333333333,38.74666666666666,39.09,39.56000000000001,40.54333333333333,39.55666666666666,39.94666666666667,39.94666666666668,41.97666666666667,41.809999999999995,41.89333333333334,42.52333333333333,42.12,42.35333333333334,42.32413793103449,43.00666666666665,42.800000000000004,42.85666666666666,43.31666666666667,38.58666666666667,35.07000000000001,35.633333333333326,35.28333333333334,35.13333333333334,35.54333333333334,35.34,35.20666666666666,33.459999999999994,40.430000000000014,40.77333333333334,40.53333333333334,40.75666666666666,40.31176470588236,41.14666666666666,36.38666666666666,36.67916666666667,36.90416666666666,36.95416666666667,37.2125,37.11666666666666,37.204166666666666,43.25454545454545,44.38636363636363,44.17727272727273,43.63636363636364,44.550000000000004,38.943333333333335
09:50:00,40.059999999999995,40.26333333333333,41.08000000000001,40.63333333333333,40.37333333333333,39.233333333333334,39.10333333333333,39.586666666666666,39.78333333333334,40.323333333333345,40.473333333333336,38.913333333333334,39.78,40.35333333333334,40.47333333333333,40.24333333333333,38.263333333333335,38.70666666666666,38.91666666666666,39.74999999999999,39.92000000000001,39.88666666666667,40.74666666666668,39.586666666666666,40.786666666666655,40.55000000000002,40.22,40.61666666666666,40.29333333333332,40.66,40.86666666666667,41.20666666666666,42.18333333333333,41.446666666666665,41.693333333333335,41.85333333333333,43.17,42.720000000000006,42.42333333333333,42.90666666666665,41.93,42.21,42.16551724137932,42.980000000000004,42.800000000000004,43.21666666666667,44.11,39.80999999999999,36.61999999999999,37.28666666666666,37.14333333333334,37.120000000000005,37.64666666666667,37.39666666666666,37.22333333333334,35.29333333333333,41.813333333333325,42.37,42.78333333333333,43.416666666666664,45.34705882352941,43.50333333333333,38.55666666666666,38.208333333333336,39.625,39.58333333333334,39.87500000000001,39.84166666666666,40.19166666666667,45.272727272727266,46.18181818181818,45.62272727272727,44.92727272727273,45.89090909090909,39.89333333333333
09:55:00,41.32666666666667,41.566666666666656,42.37666666666667,41.91999999999999,41.35333333333334,40.34333333333334,40.14999999999999,40.54666666666666,40.50666666666667,41.09666666666667,41.686666666666675,40.480000000000004,41.90999999999999,42.55,42.336666666666666,42.15666666666665,39.99333333333333,40.75666666666667,41.070000000000014,41.93333333333332,42.04,42.11333333333333,42.92666666666665,41.72666666666667,42.74999999999999,42.45,42.2,42.116666666666674,41.70666666666667,42.17,42.39999999999999,42.779999999999994,43.783333333333346,43.0,43.223333333333336,43.33000000000001,44.563333333333325,44.173333333333325,44.55666666666666,45.066666666666656,43.31333333333335,43.599999999999994,43.63448275862068,44.24000000000001,43.710000000000015,43.83333333333333,44.406666666666666,40.916666666666664,37.74999999999999,38.36666666666667,38.126666666666665,38.196666666666665,38.63666666666668,38.250000000000014,38.08,35.92999999999999,43.24666666666667,43.56333333333334,43.589999999999996,43.90666666666666,48.129411764705885,44.12333333333333,38.733333333333334,39.279166666666676,39.32083333333333,39.09583333333333,39.34166666666667,39.279166666666676,39.56666666666668,44.527272727272724,45.50454545454546,45.04090909090909,44.1409090909091,44.89090909090909,41.01
10:00:00,43.03,43.07,43.936666666666675,43.426666666666655,43.083333333333336,41.830000000000005,41.61333333333333,42.11333333333334,42.326666666666675,42.826666666666675,42.95,41.71333333333333,42.96333333333333,43.62666666666667,43.57333333333334,43.35333333333334,41.406666666666666,42.07333333333334,42.25333333333334,43.20000000000001,43.02666666666667,42.99666666666667,43.75,42.61333333333334,43.533333333333324,43.25666666666667,43.02,41.31666666666667,41.080000000000005,41.63666666666667,42.076666666666675,42.663333333333334,44.07333333333334,43.27333333333333,43.35666666666667,43.080000000000005,44.656666666666666,44.05666666666666,44.19666666666668,44.67666666666667,43.88999999999999,44.11666666666666,44.29655172413793,44.97,44.47333333333334,44.55,44.56666666666668,40.95000000000002,37.82666666666667,38.466666666666676,38.183333333333316,38.12,38.54333333333332,38.15333333333333,38.04999999999999,35.88999999999999,44.68,44.86666666666667,44.76,45.00666666666667,49.33529411764706,45.17999999999999,38.87,40.17916666666667,40.17916666666667,39.9125,40.104166666666664,39.96666666666666,39.470833333333324,44.55909090909092,45.536363636363646,45.32272727272728,44.645454545454555,45.804545454545455,42.863333333333344
10:05:00,43.71333333333334,43.80999999999999,44.71000000000001,44.15333333333333,43.85333333333333,41.95000000000002,41.910000000000004,42.53,42.85333333333333,43.33666666666667,43.430000000000014,42.320000000000014,42.71333333333334,43.510000000000005,43.48333333333334,43.226666666666674,42.006666666666675,42.65333333333333,42.823333333333345,43.870000000000005,43.543333333333344,43.423333333333325,44.273333333333326,43.05333333333335,43.83666666666667,43.57,43.379999999999995,41.94666666666668,41.583333333333336,42.02,42.21666666666666,42.64666666666666,43.74666666666666,43.010000000000005,43.31666666666667,43.370000000000005,44.96,44.53999999999999,44.95666666666668,45.52333333333333,44.050000000000004,44.283333333333324,44.11379310344829,44.52666666666667,43.97333333333333,44.28999999999999,44.85333333333333,41.476666666666674,38.46,39.15333333333333,38.87333333333332,38.82666666666667,39.31333333333334,38.87666666666667,38.77333333333334,36.60000000000001,44.84333333333333,45.37,45.43,45.63333333333334,49.49411764705883,46.09333333333334,39.62333333333333,40.68750000000001,40.84583333333333,40.550000000000004,40.77499999999999,40.699999999999996,41.16250000000001,45.05454545454544,46.00454545454546,45.74090909090909,45.07272727272727,46.27727272727273,43.48
10:10:00,44.24666666666668,44.35333333333334,45.419999999999995,45.08,44.71000000000001,43.02666666666666,42.77666666666666,43.30333333333333,43.62333333333333,44.17000000000001,44.449999999999996,43.97666666666666,44.133333333333326,44.980000000000004,44.373333333333335,44.306666666666665,43.18333333333333,44.136666666666656,44.38666666666668,45.133333333333326,44.92999999999999,44.823333333333345,45.87000000000001,44.760000000000005,46.00666666666668,45.583333333333336,45.56666666666667,43.44000000000001,43.18999999999999,43.846666666666685,44.186666666666646,44.95333333333333,46.03,45.22,45.53333333333334,45.87,47.33666666666668,46.91666666666667,47.330000000000005,47.836666666666666,46.23000000000001,46.45,46.5344827586207,46.82666666666667,46.330000000000005,46.813333333333325,47.440000000000005,44.32000000000001,41.326666666666675,41.90333333333333,41.64333333333334,41.42333333333334,41.763333333333335,41.28333333333333,41.10666666666667,39.17666666666667,46.426666666666655,46.79999999999999,46.72333333333334,46.99,50.0764705882353,47.366666666666674,41.44333333333332,41.675000000000004,42.770833333333336,42.39583333333333,42.474999999999994,42.425,42.89166666666666,46.41818181818181,47.41818181818183,47.059090909090905,46.27272727272727,47.28636363636363,43.91
10:15:00,45.013333333333335,44.93666666666666,45.49666666666666,44.99333333333333,45.083333333333336,43.40666666666666,43.32666666666667,43.92333333333334,44.22666666666666,44.889999999999986,45.16,44.74333333333334,44.28333333333333,45.043333333333315,44.986666666666686,44.67666666666667,42.74666666666667,43.17333333333333,43.49666666666666,44.39666666666667,43.863333333333344,43.68666666666666,45.006666666666675,44.07000000000001,45.55,45.08333333333333,45.32333333333334,43.519999999999996,43.266666666666666,43.776666666666664,43.923333333333325,44.44666666666665,45.60333333333334,44.78333333333333,45.01000000000001,45.093333333333334,46.29333333333333,45.853333333333325,46.330000000000005,46.816666666666684,45.27666666666665,45.41666666666667,45.4448275862069,45.893333333333324,45.51666666666666,45.70666666666667,46.33666666666667,43.20333333333334,40.25333333333332,41.00333333333334,40.66999999999999,40.56333333333335,40.989999999999995,40.383333333333326,40.333333333333336,37.983333333333334,45.290000000000006,45.556666666666665,45.513333333333335,45.65666666666667,49.847058823529416,46.31000000000001,41.263333333333335,41.78333333333334,42.85,42.604166666666664,42.6,42.5625,43.00833333333333,47.02272727272727,48.08636363636365,47.88636363636365,47.2590909090909,48.463636363636354,44.51999999999999
10:20:00,46.28000000000001,46.07333333333334,47.13666666666665,46.663333333333334,46.410000000000004,45.879999999999995,45.75666666666667,46.09333333333333,46.06333333333335,46.51333333333333,46.54666666666666,46.07666666666667,45.55333333333333,45.52333333333334,45.93666666666666,44.97,46.30333333333335,46.70666666666667,46.71333333333334,47.59666666666667,47.27000000000001,47.28999999999999,48.13999999999999,46.77333333333333,48.18333333333333,47.49333333333333,48.04333333333334,46.333333333333336,45.92333333333334,46.393333333333345,46.57000000000001,46.93333333333332,48.17333333333334,47.253333333333316,47.480000000000004,47.65666666666667,49.11333333333332,48.68333333333333,49.29333333333334,49.78,48.41333333333334,48.543333333333315,48.73103448275862,48.95666666666668,48.379999999999995,48.373333333333335,48.976666666666674,45.279999999999994,42.923333333333325,43.29333333333333,43.399999999999984,43.30333333333333,43.78333333333334,42.86333333333334,42.56666666666668,40.39333333333333,48.056666666666665,48.316666666666656,47.77333333333333,47.39333333333334,52.62941176470589,47.766666666666666,42.900000000000006,44.32916666666667,44.208333333333336,44.0875,44.24166666666667,44.22083333333333,44.70833333333334,48.400000000000006,49.20909090909092,48.790909090909096,48.08181818181817,49.131818181818176,46.27000000000001
10:25:00,47.26333333333333,47.353333333333346,48.29333333333333,47.49000000000001,47.08666666666668,46.046666666666646,45.996666666666655,46.57333333333334,46.70666666666667,47.32000000000001,47.46000000000001,47.066666666666656,46.52666666666666,46.87666666666667,47.166666666666664,46.62666666666668,44.83333333333333,45.403333333333336,45.593333333333334,46.39666666666667,46.08666666666667,46.07333333333333,47.35000000000001,46.78,47.72,47.199999999999996,46.50000000000001,44.09666666666667,43.79,44.33333333333334,44.699999999999996,45.186666666666675,46.32333333333334,45.69333333333332,45.97666666666666,46.17666666666667,48.316666666666656,47.82666666666666,48.24666666666668,48.95666666666667,46.36666666666668,46.66333333333331,46.89310344827587,47.28000000000001,46.79666666666666,47.00333333333334,47.73666666666669,44.95000000000002,42.28666666666667,43.269999999999996,43.04666666666667,42.82666666666667,43.26666666666667,43.023333333333326,43.19666666666665,40.830000000000005,46.44333333333335,47.290000000000006,47.36000000000001,47.72666666666666,53.32352941176472,48.29000000000001,43.79666666666667,45.43333333333334,45.10833333333334,44.73749999999998,45.024999999999984,45.012499999999996,45.520833333333336,48.95454545454545,50.027272727272724,49.87272727272727,49.14090909090908,50.44545454545455,46.97
10:30:00,48.65333333333333,48.07333333333333,49.36666666666667,49.21333333333334,49.41333333333333,47.353333333333325,47.050000000000004,47.60999999999999,48.06666666666665,48.853333333333346,49.24666666666666,49.483333333333334,49.28333333333333,49.60666666666666,50.266666666666666,49.723333333333336,47.28666666666666,47.913333333333334,47.96333333333333,48.85333333333332,49.266666666666666,49.64,50.750000000000014,49.60666666666667,50.84666666666668,50.15666666666667,49.959999999999994,48.09000000000001,47.85,48.743333333333325,49.43333333333333,49.90333333333334,51.07,50.09,50.20333333333333,50.54666666666667,52.13333333333332,51.14333333333333,51.17333333333334,51.60666666666667,49.830000000000005,50.01333333333333,50.34827586206896,50.67333333333333,50.34666666666666,50.82333333333333,51.93000000000002,49.34000000000001,46.35333333333333,46.95000000000001,46.76666666666666,46.55,48.120000000000026,47.50333333333333,47.16333333333333,44.60333333333333,50.21333333333334,50.86666666666668,50.856666666666676,51.08,53.735294117647065,51.720000000000006,47.519999999999996,49.725,50.49166666666667,50.05833333333334,48.99583333333334,48.54583333333334,49.025,51.05909090909092,52.059090909090926,51.81818181818183,50.97727272727272,52.15909090909091,48.69666666666664
10:35:00,51.57000000000001,51.69333333333334,52.57666666666667,51.42666666666667,50.663333333333334,49.08666666666667,48.80999999999999,49.370000000000005,49.66333333333333,50.49,50.510000000000005,50.10666666666667,49.92666666666666,51.08,50.80666666666668,50.49,48.683333333333344,49.690000000000005,49.98000000000001,50.96333333333333,50.72666666666667,50.46000000000001,51.860000000000014,50.72666666666668,52.036666666666676,51.186666666666675,51.28666666666667,50.426666666666655,50.066666666666656,50.09666666666668,50.05,50.62666666666667,51.62666666666666,50.77666666666666,51.150000000000006,51.44000000000001,53.193333333333335,52.44666666666668,52.82666666666667,53.17,52.559999999999995,52.80666666666666,53.39310344827587,53.46666666666667,52.916666666666664,52.98333333333333,53.823333333333345,51.39999999999999,48.480000000000004,49.279999999999994,49.10999999999999,48.91333333333332,48.63,47.56000000000001,47.04666666666667,44.38,51.49666666666667,52.05666666666668,52.003333333333345,52.10666666666667,53.78235294117649,52.68666666666666,47.90666666666666,49.00000000000001,50.24166666666665,49.3375,49.416666666666664,49.44583333333335,50.20416666666666,51.33636363636363,52.13636363636363,51.85,50.722727272727255,51.76818181818183,50.620000000000005
10:40:00,51.806666666666665,51.77333333333333,52.74666666666667,51.99666666666667,51.436666666666675,51.22666666666668,50.83999999999999,51.46333333333333,51.540000000000006,52.08333333333333,52.276666666666664,52.04,51.143333333333345,51.09333333333333,51.790000000000006,51.41666666666666,50.456666666666656,51.056666666666686,51.183333333333344,52.64,52.236666666666665,52.22666666666667,53.37999999999999,52.116666666666674,53.44000000000001,52.56666666666668,52.82000000000001,49.61333333333334,49.82000000000001,50.56666666666667,50.93333333333335,51.46666666666667,52.916666666666664,52.14333333333333,52.46333333333334,52.48,54.60333333333333,54.286666666666676,54.73666666666668,54.88000000000001,52.953333333333326,52.986666666666686,52.968965517241365,53.279999999999994,52.686666666666675,52.48666666666667,53.47333333333335,50.63000000000001,47.739999999999995,48.523333333333326,48.34,48.34333333333332,48.779999999999994,48.346666666666664,48.46333333333333,45.58666666666668,52.206666666666685,53.16,53.47666666666667,53.406666666666666,52.464705882352966,53.72666666666667,49.20333333333334,49.80000000000001,51.44583333333333,51.17083333333334,51.65833333333333,51.80416666666667,52.316666666666684,51.24090909090909,52.18636363636365,52.12727272727273,51.49090909090908,52.459090909090925,51.68666666666666
10:45:00,52.39333333333334,52.31666666666667,53.43333333333332,52.68333333333333,52.393333333333324,51.733333333333334,51.41666666666666,52.169999999999995,52.19333333333334,52.63666666666666,52.79666666666667,52.58666666666667,52.02999999999999,51.98333333333333,52.88666666666666,52.576666666666675,52.236666666666665,52.87000000000001,53.03666666666666,54.06333333333335,53.910000000000004,53.77666666666667,55.096666666666664,53.96,55.39,54.639999999999986,54.82666666666667,53.35000000000001,52.86333333333333,53.440000000000005,53.62666666666668,54.110000000000014,55.21666666666667,54.08333333333333,54.513333333333335,54.603333333333325,56.11666666666666,55.290000000000006,55.38,55.353333333333346,55.60666666666667,55.62666666666666,56.28275862068967,56.13666666666667,55.29,55.583333333333336,56.426666666666684,53.98333333333335,51.290000000000006,51.65000000000001,51.17000000000001,50.639999999999986,50.936666666666675,50.25666666666666,49.973333333333336,46.28666666666667,52.83000000000002,53.17666666666667,53.08333333333334,53.37333333333331,55.36470588235295,53.74666666666668,47.94666666666668,49.00833333333333,49.31666666666666,49.0625,49.43749999999999,49.42916666666665,50.20833333333334,51.059090909090905,52.440909090909095,52.190909090909095,51.5090909090909,52.76363636363637,52.10666666666667
10:50:00,52.97666666666666,52.736666666666665,53.99666666666666,53.193333333333335,52.20999999999999,51.87666666666668,51.74666666666666,52.43,52.506666666666675,53.17000000000001,53.286666666666655,53.17333333333333,52.59666666666667,51.98666666666667,53.29666666666665,52.313333333333325,50.98,51.699999999999996,52.12666666666669,53.44666666666665,53.333333333333336,53.813333333333325,55.22333333333335,53.940000000000026,55.20333333333335,54.07,54.14999999999999,52.016666666666666,51.790000000000006,52.71000000000001,52.94666666666667,53.60666666666666,54.813333333333325,53.89999999999999,54.07666666666666,54.33333333333334,56.203333333333326,55.876666666666665,56.32333333333334,56.709999999999994,54.61666666666666,54.90333333333332,55.306896551724144,55.440000000000005,55.09999999999999,55.366666666666674,55.95000000000001,53.95000000000001,51.49666666666666,51.97666666666665,51.67666666666666,51.14666666666666,51.58666666666667,51.17666666666666,51.34666666666666,48.33666666666667,54.47666666666667,55.56333333333335,55.43333333333333,55.53666666666666,56.070588235294125,56.256666666666675,52.38999999999999,53.01666666666668,53.77916666666665,53.34583333333333,53.862500000000004,53.816666666666656,54.14166666666667,54.095454545454544,55.17727272727273,55.00000000000001,54.20454545454545,55.195454545454545,52.92666666666666
10:55:00,53.15666666666668,53.25333333333332,54.40666666666667,53.43333333333333,52.95333333333334,52.72333333333333,52.34666666666666,52.816666666666656,52.67000000000002,53.49666666666668,53.629999999999995,53.58333333333333,53.09,52.34333333333335,53.77,53.18999999999999,51.903333333333336,52.709999999999994,53.19666666666668,54.35666666666666,54.27999999999999,54.73666666666666,56.13000000000002,54.95333333333333,56.38666666666668,55.35000000000001,55.56666666666667,51.76333333333334,51.52,52.199999999999996,52.589999999999996,53.336666666666666,54.68666666666666,53.92666666666667,54.373333333333335,54.46666666666666,56.326666666666675,56.04333333333334,56.60333333333333,57.029999999999994,56.206666666666656,56.489999999999995,56.97586206896553,56.93,55.95999999999999,56.303333333333335,57.08666666666668,55.01333333333336,52.663333333333334,53.26,53.03,52.80333333333333,53.27,52.853333333333325,52.91999999999999,49.78999999999999,55.04333333333334,55.65333333333334,55.576666666666675,55.773333333333326,54.711764705882366,56.146666666666675,52.67666666666666,53.75000000000001,55.17083333333332,54.76666666666668,55.35,55.56666666666666,55.833333333333336,53.281818181818174,54.345454545454565,54.150000000000006,53.37727272727272,54.400000000000006,53.106666666666676
11:00:00,53.93666666666669,54.35000000000001,55.570000000000014,54.73,54.20333333333335,52.669999999999995,52.65,53.20999999999999,53.21666666666666,53.92,54.39666666666666,54.17333333333332,53.59333333333334,53.153333333333336,54.41333333333333,53.74666666666667,52.66,53.216666666666676,53.376666666666665,53.99,53.88333333333333,54.036666666666676,55.426666666666684,54.146666666666675,55.79333333333334,54.769999999999996,54.91666666666666,53.980000000000004,53.443333333333335,53.97999999999999,54.15999999999998,54.65333333333335,55.69000000000001,54.55,54.769999999999996,54.85,56.106666666666676,55.66666666666667,56.16333333333334,56.463333333333324,56.3,56.49999999999999,56.94827586206897,56.89666666666665,55.989999999999995,56.35,56.933333333333344,54.75999999999999,52.52,53.27333333333335,52.99333333333334,52.61333333333334,52.95333333333331,52.45666666666667,52.52,49.11000000000001,55.17333333333334,55.31333333333335,55.30000000000002,55.71666666666667,56.0529411764706,56.576666666666675,53.25,53.63333333333333,55.70833333333332,54.92500000000001,55.21666666666669,55.08333333333332,55.19583333333335,53.61818181818182,54.73181818181819,54.690909090909095,53.940909090909095,55.15909090909092,53.556666666666665
11:05:00,54.32333333333333,54.38666666666667,55.566666666666684,54.74333333333333,54.21666666666666,52.876666666666665,52.639999999999986,53.373333333333335,53.52666666666667,54.27666666666667,54.523333333333326,54.16333333333333,53.54666666666666,53.21666666666666,54.47,54.01666666666665,52.46333333333334,53.22666666666666,53.396666666666675,54.576666666666675,54.31000000000002,54.45333333333333,55.923333333333325,54.473333333333336,55.91666666666667,54.76666666666667,54.89666666666668,53.839999999999996,53.29999999999998,53.816666666666684,54.08666666666666,54.903333333333336,56.199999999999996,55.17999999999999,55.440000000000005,55.51333333333333,57.08666666666668,56.72666666666667,57.21333333333333,57.480000000000004,56.96000000000001,56.93666666666668,57.46896551724139,57.389999999999986,56.506666666666675,56.80666666666666,57.586666666666666,55.76333333333332,53.42,54.05,53.21,52.663333333333334,53.296666666666674,52.86333333333332,53.050000000000004,49.72999999999999,56.36666666666667,57.089999999999996,56.95000000000001,57.16,57.08823529411766,57.21666666666668,54.08999999999999,54.60833333333335,56.67499999999999,56.09166666666667,56.54166666666668,56.46666666666667,56.70833333333334,55.2,56.33636363636364,56.13636363636363,55.2590909090909,56.309090909090905,53.980000000000004
11:10:00,54.59,54.33,55.646666666666675,54.846666666666664,54.483333333333356,53.70333333333333,53.46333333333334,54.176666666666655,54.209999999999994,54.84333333333333,54.91666666666666,54.63333333333333,53.94666666666667,53.10666666666666,54.2,53.09666666666667,53.92333333333333,54.68666666666666,54.76333333333332,55.936666666666675,55.55666666666666,55.50333333333333,56.94666666666667,55.629999999999995,57.17666666666667,56.089999999999996,56.19666666666665,53.48,53.080000000000005,53.676666666666655,54.19999999999998,54.81999999999998,56.10000000000001,55.17,55.61,55.62,57.220000000000006,56.88999999999999,57.32,57.62333333333332,56.24666666666668,56.19666666666665,56.74482758620691,56.71,55.90333333333332,56.193333333333335,56.92000000000002,55.15,52.82333333333334,53.54333333333334,53.32,52.82333333333334,53.26333333333334,52.69333333333334,52.713333333333345,49.24333333333334,55.98333333333334,56.40666666666667,56.40666666666667,56.559999999999995,57.70000000000002,56.793333333333344,53.58333333333332,55.80416666666668,55.512499999999996,54.77916666666667,55.52083333333334,54.587500000000006,54.69166666666666,56.06363636363637,57.2909090909091,56.95454545454545,56.00909090909091,57.08181818181818,54.32000000000001
11:15:00,54.03666666666667,54.10666666666666,55.28666666666667,54.49666666666668,54.02,53.536666666666676,53.24333333333334,53.96666666666666,53.99666666666666,54.663333333333334,54.86333333333333,54.58333333333334,54.00666666666666,53.383333333333326,54.73,54.23333333333333,54.18666666666665,54.836666666666666,54.59666666666668,55.70333333333333,55.42666666666667,55.43666666666665,56.85333333333334,55.48,57.14666666666667,56.08,56.28333333333332,54.38666666666668,53.876666666666665,54.35666666666666,54.66999999999998,55.216666666666654,56.29333333333332,55.14666666666666,55.41,55.61333333333332,57.56000000000001,57.24,57.88999999999999,58.23333333333332,57.16333333333332,56.99,57.589655172413785,57.52333333333332,56.730000000000004,57.07,57.903333333333336,56.32,54.033333333333324,54.75333333333332,54.57666666666666,54.06333333333334,54.373333333333335,53.57000000000001,53.71,50.48,56.54333333333333,57.226666666666674,57.136666666666656,57.353333333333346,58.01764705882355,57.900000000000006,55.03666666666666,55.941666666666684,57.30416666666665,56.866666666666674,57.3125,57.23333333333333,57.25416666666666,55.84545454545455,57.00454545454547,56.76818181818181,55.83181818181817,56.895454545454555,53.733333333333334
11:20:00,55.45333333333333,55.20333333333334,56.45000000000001,55.54666666666667,54.956666666666656,54.27333333333335,54.22999999999998,54.87666666666665,54.88666666666668,55.51666666666665,55.709999999999994,55.269999999999996,54.43333333333333,53.77333333333332,55.266666666666666,54.573333333333316,54.22000000000001,54.919999999999995,55.156666666666666,56.34666666666668,55.99,55.98333333333333,57.49,56.16666666666666,57.71333333333336,56.53333333333334,56.69666666666668,54.66666666666667,54.18333333333335,54.739999999999995,55.11000000000001,55.69666666666665,56.773333333333326,55.480000000000004,55.663333333333334,56.269999999999996,58.0,57.66333333333333,58.14333333333332,58.449999999999996,56.7,56.83333333333332,57.6344827586207,57.62666666666665,56.82333333333334,57.11000000000001,58.010000000000005,56.666666666666664,54.58333333333334,55.46666666666666,55.20333333333333,54.66666666666667,55.13000000000002,54.46666666666666,54.46333333333334,50.626666666666665,56.77333333333332,57.41,57.29666666666665,57.506666666666675,58.08235294117648,58.21,55.46999999999999,56.98750000000001,57.112500000000004,56.10833333333334,56.275000000000006,56.16249999999999,56.262499999999996,55.88181818181818,57.022727272727295,56.91363636363637,56.068181818181806,57.21363636363637,55.21333333333334
11:25:00,54.693333333333335,54.740000000000016,55.93333333333333,55.08000000000001,54.483333333333334,53.69000000000001,53.423333333333325,54.05999999999999,54.13000000000001,54.81333333333331,55.02666666666668,54.816666666666684,54.10666666666667,53.656666666666666,54.970000000000006,54.366666666666674,53.91,54.63333333333333,54.85666666666668,56.04666666666666,55.78666666666667,55.79000000000001,57.18,55.81333333333335,57.46666666666668,56.46666666666668,56.57333333333333,54.22333333333333,53.746666666666684,54.31333333333335,54.69333333333334,55.25000000000001,56.49999999999998,55.493333333333325,55.896666666666654,55.85,57.45333333333333,57.080000000000005,57.61333333333332,57.989999999999995,57.14333333333333,57.040000000000006,57.51724137931036,57.45666666666667,56.72666666666667,57.026666666666664,57.84,56.230000000000004,53.839999999999996,54.80000000000002,54.513333333333335,53.87666666666667,54.099999999999994,52.98333333333333,52.739999999999995,49.01999999999998,56.82000000000001,57.12000000000001,57.213333333333324,57.49333333333333,58.876470588235314,57.75,54.673333333333325,55.479166666666686,55.92083333333332,55.362500000000004,55.458333333333336,55.41666666666666,55.55833333333333,56.70454545454547,57.82272727272728,57.65909090909091,56.61363636363635,57.6,54.33333333333335
11:30:00,54.60333333333334,54.696666666666665,55.78666666666666,54.746666666666655,54.27333333333333,54.11999999999999,53.843333333333334,54.46666666666666,54.44666666666667,55.08333333333332,55.24333333333333,55.04333333333333,54.38,53.66,54.99333333333333,54.28666666666666,54.33666666666668,54.95666666666668,55.06666666666667,56.116666666666674,55.81333333333334,55.849999999999994,57.23666666666668,55.936666666666675,57.48000000000001,56.37,56.383333333333326,54.66333333333333,54.10666666666667,54.67000000000001,55.01666666666666,55.510000000000005,56.59,55.50333333333332,55.75666666666666,55.81333333333334,57.29666666666665,56.9,57.37999999999999,57.63333333333331,57.15666666666666,57.03333333333333,57.66206896551724,57.649999999999984,56.79333333333333,57.06666666666665,57.87333333333334,56.59666666666668,54.460000000000015,54.946666666666665,54.533333333333324,53.88333333333333,54.31666666666668,53.64666666666666,53.72666666666667,50.199999999999996,56.813333333333325,57.176666666666684,57.073333333333316,57.06000000000001,59.40588235294119,57.4,54.93333333333332,56.18750000000001,56.916666666666664,56.479166666666664,56.916666666666664,56.80416666666665,56.49999999999999,57.00000000000001,58.122727272727296,58.031818181818196,57.045454545454525,58.14545454545455,54.41
11:35:00,55.86333333333334,55.76999999999998,57.15000000000001,56.37999999999999,55.90666666666667,54.54666666666665,54.33666666666668,55.14666666666667,55.146666666666675,55.98,55.95,55.58666666666668,54.94333333333332,54.84666666666667,55.51999999999999,54.913333333333334,53.88666666666668,54.806666666666665,54.866666666666674,56.379999999999995,55.88999999999999,56.15666666666667,57.66333333333333,56.30333333333333,57.74666666666669,56.576666666666675,56.53333333333333,53.79999999999998,53.51333333333332,54.11333333333333,54.389999999999986,54.88666666666667,55.97666666666667,54.943333333333335,55.18333333333332,55.250000000000014,56.9,56.470000000000006,57.07,57.4,56.75333333333334,56.65666666666666,57.1551724137931,57.15999999999999,56.149999999999984,56.52,57.32333333333334,56.09,54.14666666666667,54.77333333333333,54.54666666666665,53.99666666666668,54.45666666666667,53.84000000000001,54.066666666666656,50.576666666666675,56.12333333333334,56.87666666666667,56.766666666666666,56.906666666666666,60.07647058823531,57.326666666666675,54.99666666666667,56.67916666666668,56.487500000000004,55.987500000000004,56.36249999999999,56.22916666666666,56.29166666666666,57.404545454545456,58.51818181818183,58.31363636363637,57.34090909090908,58.43636363636363,55.813333333333325
11:40:00,55.566666666666656,55.74333333333334,57.126666666666665,56.30999999999999,55.74333333333333,53.936666666666675,53.82,54.513333333333335,54.55333333333331,55.42333333333332,55.89333333333333,55.81333333333335,55.15999999999999,54.43999999999999,55.83999999999998,54.99333333333333,54.83333333333333,55.29999999999999,55.38333333333333,56.486666666666665,56.276666666666664,56.38,57.79333333333333,56.29333333333333,58.15,56.88666666666668,56.85999999999999,55.49666666666666,55.023333333333326,55.63666666666667,55.8,56.356666666666676,57.50999999999999,56.39333333333332,56.696666666666665,56.71000000000002,58.35333333333334,57.92333333333333,58.376666666666665,58.68999999999998,58.099999999999994,58.24666666666666,58.99655172413792,58.70666666666667,57.763333333333335,57.87,58.26666666666667,57.36000000000001,55.26333333333332,56.00999999999999,55.513333333333335,54.89333333333334,54.879999999999995,53.976666666666674,53.84333333333335,50.076666666666675,57.073333333333345,57.476666666666674,57.47333333333333,57.690000000000005,60.758823529411785,58.366666666666674,56.15666666666666,57.104166666666686,56.98749999999999,56.23333333333335,56.470833333333324,56.425000000000004,56.849999999999994,57.25,58.33181818181819,58.095454545454544,57.07727272727271,58.15909090909091,54.98333333333333
11:45:00,55.933333333333344,55.913333333333334,57.279999999999994,56.35333333333335,55.886666666666656,53.970000000000006,53.73333333333333,54.61333333333333,54.816666666666656,55.96000000000001,56.32,56.20000000000001,55.61,54.893333333333324,56.19333333333332,55.47333333333334,54.94333333333332,56.039999999999985,56.42666666666666,57.69333333333334,57.20333333333335,57.223333333333336,58.72666666666668,57.466666666666676,59.12666666666667,57.89666666666667,57.84,56.07666666666667,55.45333333333334,55.78,55.959999999999994,56.12333333333334,58.04000000000001,56.830000000000005,57.099999999999994,56.88666666666666,58.12333333333333,57.79333333333332,58.91666666666668,59.523333333333326,58.49,58.51999999999998,59.268965517241384,59.066666666666656,58.323333333333316,58.42333333333334,59.08666666666667,58.14666666666667,56.166666666666664,56.85666666666667,56.45333333333334,55.836666666666666,56.60666666666666,55.67,55.99,52.22666666666666,58.343333333333334,59.046666666666646,58.783333333333346,58.940000000000005,60.98235294117649,58.75000000000001,56.71000000000001,57.53333333333335,58.42083333333334,57.9,58.29583333333334,58.39166666666666,58.68333333333333,58.936363636363645,60.06363636363638,59.88636363636365,58.85,60.01818181818182,55.50666666666668
11:50:00,55.93333333333333,55.68333333333333,56.68666666666666,55.726666666666674,54.98333333333332,55.70333333333335,55.629999999999995,56.16999999999999,56.00666666666667,56.589999999999996,56.67666666666667,56.373333333333335,55.57,54.91999999999999,56.10666666666667,55.693333333333335,54.97,55.48,55.40000000000001,56.74,56.40333333333333,56.559999999999995,58.47000000000002,57.25666666666667,59.03333333333334,57.970000000000006,57.92000000000001,55.51,55.03,55.64,55.80666666666668,56.30333333333333,57.38666666666666,56.34333333333334,56.59333333333334,56.510000000000005,58.36333333333333,58.00333333333333,58.60000000000001,58.910000000000004,59.44666666666665,59.07666666666665,59.8344827586207,59.65999999999999,58.33333333333333,58.260000000000005,58.88666666666665,57.98666666666667,56.1,56.49333333333334,56.18666666666666,55.53666666666666,55.743333333333325,55.309999999999995,55.58,51.95666666666666,58.70666666666668,59.49999999999999,59.26000000000001,59.080000000000005,60.18235294117648,59.13666666666666,56.86666666666667,57.21250000000003,58.491666666666674,57.63333333333332,57.84166666666667,57.70416666666666,58.07916666666666,59.222727272727276,60.390909090909105,60.14545454545455,59.127272727272725,60.32727272727274,55.930000000000014
11:55:00,56.599999999999994,56.49999999999999,57.86,57.00000000000001,56.526666666666664,56.84000000000001,56.330000000000005,56.74666666666667,56.573333333333316,57.20333333333331,57.443333333333335,57.306666666666686,56.60666666666667,55.72,57.236666666666686,56.63333333333333,57.503333333333345,58.13666666666666,58.26333333333333,59.116666666666646,58.71666666666666,58.440000000000005,59.93666666666668,58.52,60.08333333333335,58.86,58.85,57.400000000000006,57.09666666666668,57.730000000000004,58.01999999999999,58.46666666666668,59.54666666666666,58.37333333333333,58.57999999999999,58.463333333333324,59.98666666666667,59.61666666666667,59.98333333333335,60.203333333333326,59.50333333333333,59.336666666666666,60.058620689655164,59.88666666666667,58.92333333333333,59.27333333333333,60.176666666666655,59.37999999999999,57.67666666666666,58.26333333333333,58.04666666666665,57.97,58.41333333333333,57.82333333333334,57.96333333333334,54.24,58.940000000000005,59.75666666666667,59.510000000000005,59.676666666666655,59.7294117647059,59.86000000000001,58.10666666666666,59.95833333333335,59.770833333333336,59.21666666666666,59.32916666666667,59.31666666666667,59.425000000000004,58.849999999999994,60.12272727272728,59.98181818181819,58.813636363636355,59.968181818181826,56.25333333333334
12:00:00,56.13000000000001,56.41666666666666,57.38666666666668,56.44666666666669,55.84,55.686666666666675,55.35,55.96333333333334,55.906666666666666,56.54333333333334,56.38000000000001,56.18666666666666,55.48333333333333,54.733333333333334,56.190000000000005,55.66999999999999,55.916666666666664,56.54333333333333,56.606666666666676,57.723333333333336,57.35666666666666,57.34000000000001,58.683333333333344,57.25333333333333,58.906666666666666,57.71666666666666,57.793333333333344,56.149999999999984,55.6,56.26666666666667,56.55666666666666,57.03000000000001,58.17666666666667,57.10000000000001,57.50333333333333,57.75666666666667,58.86333333333335,58.57000000000001,59.390000000000015,59.61333333333333,58.61333333333332,58.433333333333316,59.11379310344827,59.00333333333332,58.03999999999999,58.456666666666685,59.40333333333333,58.760000000000005,57.05666666666666,57.703333333333326,57.50333333333334,57.053333333333335,57.68666666666666,57.31666666666668,58.06000000000001,54.35999999999999,58.226666666666674,59.086666666666666,58.990000000000016,59.25333333333334,59.69411764705884,59.68333333333332,58.153333333333336,59.93750000000002,60.083333333333336,59.683333333333316,59.8375,59.699999999999996,59.69999999999999,58.122727272727275,59.186363636363645,59.07272727272727,58.195454545454524,59.58636363636364,55.690000000000005
12:05:00,56.40333333333334,56.56666666666668,57.923333333333325,56.84,56.10666666666666,55.37333333333334,55.13,55.74,55.70999999999999,56.410000000000004,56.736666666666686,56.63999999999999,55.97,55.36666666666667,56.65333333333334,56.18999999999999,55.91333333333334,56.57,56.71666666666667,57.87333333333335,57.65,57.29333333333334,58.80666666666668,57.406666666666666,59.00333333333335,57.80333333333333,57.75666666666667,56.23,55.60666666666666,56.17,56.459999999999994,56.92,58.01000000000002,56.92,57.10333333333334,57.056666666666686,58.76666666666667,58.313333333333325,58.92999999999999,59.23333333333333,59.30666666666666,58.953333333333326,59.437931034482745,59.36999999999999,58.39666666666666,58.573333333333345,59.39333333333333,58.73666666666667,57.00333333333333,57.603333333333325,57.290000000000006,56.62,57.04333333333332,56.41333333333334,56.59666666666665,52.91000000000002,58.74,59.59666666666668,59.42333333333334,59.03666666666667,60.00000000000002,59.41666666666666,57.92666666666666,59.616666666666696,59.612500000000004,59.35833333333333,59.895833333333336,59.74583333333334,59.729166666666664,58.75454545454546,59.704545454545475,59.59090909090909,58.75454545454545,59.95909090909092,56.38666666666667
12:10:00,55.48,55.51999999999998,56.75333333333333,55.83999999999999,55.17000000000001,55.50333333333334,55.14333333333334,55.80666666666666,55.929999999999986,56.66333333333333,56.809999999999995,56.816666666666656,56.24000000000001,55.529999999999994,56.83666666666667,56.29333333333333,55.813333333333325,56.75000000000001,56.80666666666666,57.77,57.576666666666675,57.70000000000001,59.24666666666668,57.79999999999999,59.396666666666675,58.19000000000001,58.09333333333334,56.17,55.51333333333333,56.09666666666668,56.36999999999999,56.95333333333335,58.150000000000006,57.093333333333334,57.33666666666668,57.419999999999995,58.856666666666676,58.37333333333332,59.08333333333334,59.36999999999999,58.33000000000001,58.19666666666665,58.6448275862069,58.223333333333315,57.016666666666666,57.23666666666668,58.21666666666666,57.84666666666666,56.35333333333333,56.98666666666667,56.75000000000001,56.23,57.17333333333333,56.53333333333334,56.64333333333333,52.62333333333334,57.54666666666665,58.400000000000006,58.396666666666675,58.67,59.541176470588255,59.069999999999986,57.54333333333332,58.75000000000002,58.46666666666667,57.87083333333333,57.99166666666667,57.879166666666656,57.9375,57.886363636363626,59.16818181818183,59.21818181818182,58.24545454545455,58.96363636363637,56.14333333333334
12:15:00,56.77333333333333,56.97333333333333,58.226666666666674,57.31666666666667,56.79333333333332,56.34333333333335,56.06666666666668,56.573333333333316,56.69333333333334,57.50666666666666,57.66666666666667,57.61333333333332,56.95333333333334,56.11999999999999,57.51333333333334,56.91333333333333,56.75333333333333,57.35666666666666,57.49333333333333,58.690000000000005,58.37666666666666,58.26333333333333,59.77666666666667,58.26,59.860000000000014,58.739999999999995,58.52666666666667,56.88666666666667,56.25666666666666,56.863333333333344,57.206666666666656,57.68333333333335,58.75,57.66,57.92333333333334,58.00000000000001,59.28666666666665,58.94666666666667,59.63333333333333,59.87333333333333,59.38666666666667,59.2,59.89655172413793,59.79666666666666,58.84,59.146666666666675,59.976666666666674,59.52333333333332,57.90333333333333,58.556666666666665,58.26666666666667,57.66999999999998,58.09000000000002,57.38666666666667,57.52333333333333,53.519999999999996,58.92333333333332,59.78333333333334,59.59000000000001,59.75333333333334,61.041176470588255,60.12333333333333,58.693333333333335,59.51250000000002,59.837500000000006,59.275,59.629166666666656,59.520833333333336,59.59166666666666,59.16818181818181,60.01818181818183,59.74545454545455,58.868181818181824,59.859090909090924,56.39666666666666
12:20:00,56.666666666666664,56.88666666666667,58.23333333333332,57.46,56.63999999999999,56.72333333333333,56.67,57.27000000000001,57.07000000000001,57.78999999999999,57.893333333333345,57.66333333333333,56.716666666666676,56.17000000000001,57.82333333333333,57.07000000000001,56.663333333333334,57.290000000000006,57.74666666666666,58.83666666666667,58.55666666666668,58.400000000000006,59.926666666666684,58.453333333333326,60.000000000000014,58.61333333333333,58.37,56.71666666666666,56.11666666666667,56.639999999999986,56.830000000000005,57.40666666666667,58.51000000000001,57.61,57.93,58.053333333333335,59.47666666666667,59.0,59.476666666666674,59.71,59.129999999999995,58.92,59.6448275862069,59.62666666666666,58.79333333333334,59.316666666666684,60.286666666666655,60.08333333333334,58.74999999999999,59.31333333333334,58.656666666666666,58.01666666666667,58.43333333333332,57.800000000000004,57.95666666666668,54.123333333333335,59.39333333333332,59.84,60.010000000000005,60.25,61.100000000000016,60.246666666666655,58.846666666666664,60.12916666666669,60.42500000000001,59.13749999999999,59.88333333333332,60.20416666666667,60.237500000000004,59.79090909090908,60.886363636363654,60.686363636363645,59.609090909090924,60.73636363636364,56.33
12:25:00,56.79333333333334,57.10999999999999,58.62,57.69333333333332,57.35333333333332,56.22666666666666,55.89666666666667,56.52666666666667,56.52333333333331,57.20999999999997,57.35666666666667,57.31333333333334,56.7866666666667,56.56333333333334,58.38666666666668,57.78666666666666,56.73333333333335,57.36666666666667,57.45666666666667,58.536666666666655,58.196666666666665,58.17000000000001,59.89666666666668,58.37666666666666,60.136666666666684,59.663333333333334,59.55,56.893333333333324,56.27666666666666,56.89999999999999,57.21000000000001,57.766666666666666,58.87,57.83666666666668,58.010000000000005,58.190000000000005,59.413333333333334,58.92666666666667,59.66,60.05666666666666,59.45,59.24,59.91034482758621,59.800000000000004,58.80666666666666,59.45666666666668,60.49666666666666,60.37333333333333,59.28666666666666,59.75999999999999,59.55,58.87333333333332,59.24666666666666,58.510000000000005,58.733333333333334,54.80333333333333,59.62333333333333,60.56333333333332,60.376666666666665,60.40333333333334,61.14117647058824,60.65999999999999,59.63666666666665,60.52083333333335,60.90833333333334,60.32083333333333,60.73333333333332,60.65833333333333,60.64166666666665,59.8681818181818,60.97272727272729,60.75909090909091,59.65,60.84090909090909,56.30333333333333
12:30:00,57.12,57.38,58.44666666666667,57.24333333333333,56.28666666666665,56.69666666666667,56.50999999999999,57.01,56.76333333333332,57.39333333333333,57.456666666666685,57.43666666666665,56.80333333333333,55.74999999999998,57.083333333333336,56.42999999999999,56.93,57.55,57.57666666666665,58.53333333333332,58.143333333333345,57.99666666666667,59.68333333333335,58.20666666666666,59.81000000000001,58.603333333333346,58.39333333333334,56.74,56.12666666666668,56.73666666666666,57.03333333333334,57.68666666666666,59.26333333333334,58.13999999999999,58.24666666666666,58.260000000000005,59.29333333333333,58.66666666666667,59.12666666666667,59.35666666666666,60.38666666666667,60.14999999999999,60.800000000000004,60.58333333333333,59.49333333333334,59.88,60.74,60.589999999999996,59.376666666666665,59.85666666666667,59.63666666666668,59.083333333333336,59.58666666666667,58.92333333333334,59.01666666666667,54.94999999999998,59.690000000000005,60.52999999999999,60.36666666666667,60.533333333333346,61.158823529411784,60.86666666666667,59.79333333333333,60.53333333333335,60.90833333333334,60.3375,60.72916666666666,60.65833333333334,60.67916666666667,59.813636363636355,60.91363636363639,60.68636363636363,59.609090909090924,60.804545454545455,56.779999999999994
12:35:00,57.856666666666676,58.09000000000001,59.46666666666667,58.42999999999999,57.82333333333334,57.6,57.26333333333333,57.88666666666666,57.81666666666668,58.51333333333334,58.593333333333334,58.68666666666666,58.003333333333345,57.179999999999986,58.61666666666666,58.02000000000001,57.940000000000005,58.559999999999995,58.62666666666667,59.73333333333333,59.38,59.28666666666667,61.030000000000015,59.436666666666675,61.07000000000003,59.74666666666667,59.64333333333334,58.04000000000001,57.383333333333326,58.08666666666667,58.34,58.89333333333334,59.99333333333334,58.883333333333326,59.063333333333325,59.220000000000006,60.18333333333332,59.75999999999999,60.34,60.6,60.42333333333334,60.080000000000005,60.77586206896551,60.556666666666665,59.49666666666666,59.88000000000001,60.733333333333334,60.716666666666676,59.606666666666655,60.046666666666674,59.83333333333333,59.27,59.713333333333345,59.08666666666667,59.179999999999986,55.16666666666667,59.67666666666665,60.539999999999985,60.36666666666667,60.49666666666668,61.135294117647085,60.86000000000001,59.886666666666656,61.16250000000002,60.88333333333333,60.31249999999999,60.691666666666656,60.625,60.62083333333334,59.777272727272724,60.90909090909093,60.67272727272726,59.600000000000016,60.76818181818183,57.55999999999999
12:40:00,57.99,58.24666666666667,59.57,58.51,57.90666666666666,57.81666666666667,57.456666666666685,58.069999999999986,57.989999999999995,58.65,58.70333333333333,58.790000000000006,58.13666666666666,57.29,58.73,58.146666666666675,58.20333333333335,58.72333333333334,58.80666666666666,59.83333333333332,59.48,59.35000000000001,61.11333333333336,59.54,61.186666666666696,59.79333333333334,59.67,58.14333333333333,57.48,58.14333333333333,58.39333333333333,58.99,60.086666666666694,58.97333333333334,59.11000000000001,59.28333333333333,60.18333333333333,59.760000000000005,60.35333333333334,60.60333333333333,60.40666666666668,60.08333333333334,60.755172413793105,60.556666666666665,59.46666666666666,59.88666666666667,60.73666666666666,60.716666666666676,59.730000000000004,60.106666666666655,59.97,59.483333333333334,59.84000000000002,59.209999999999994,59.26333333333333,55.120000000000005,59.60666666666666,60.49999999999998,60.32666666666667,60.48666666666668,61.123529411764714,60.84666666666667,59.90999999999998,61.17500000000002,60.90416666666666,60.31666666666666,60.704166666666644,60.62499999999999,60.62916666666666,59.74090909090907,60.85454545454547,60.631818181818176,59.55909090909092,60.72272727272729,57.746666666666655
12:45:00,57.94000000000001,58.21,59.529999999999994,58.50000000000001,57.88333333333332,57.85333333333332,57.53333333333333,58.136666666666656,58.01333333333333,58.68999999999999,58.74666666666668,58.83000000000001,58.199999999999996,57.31333333333332,58.75666666666666,58.16333333333333,58.183333333333344,58.75333333333333,58.80666666666666,59.853333333333325,59.49333333333335,59.37999999999999,61.13666666666669,59.56666666666668,61.18000000000003,59.82333333333334,59.71666666666666,58.286666666666676,57.59666666666667,58.279999999999994,58.49333333333333,59.003333333333345,60.07000000000002,58.97666666666668,59.120000000000005,59.26333333333334,60.18666666666666,59.75333333333334,60.34333333333334,60.596666666666664,60.42333333333335,60.07000000000001,60.755172413793105,60.54666666666667,59.45666666666667,59.86,60.70666666666664,60.68666666666665,59.82000000000001,60.13666666666666,60.02,59.52333333333335,59.940000000000005,59.28333333333334,59.373333333333335,55.366666666666674,59.58333333333333,60.47333333333332,60.29666666666667,60.44333333333335,61.08235294117649,60.79999999999999,59.96333333333334,61.200000000000024,60.9125,60.29583333333333,60.666666666666664,60.599999999999994,60.604166666666664,59.713636363636354,60.82727272727275,60.599999999999994,59.52272727272728,60.709090909090904,57.730000000000004
12:50:00,57.839999999999996,58.07666666666667,59.38,58.303333333333335,57.67,57.57,57.22,57.833333333333336,57.75999999999999,58.41333333333333,58.51000000000001,58.58,57.93000000000002,57.08333333333333,58.47000000000001,57.97666666666666,57.99333333333334,58.540000000000006,58.59333333333333,59.62666666666666,59.25666666666667,59.13333333333333,60.93000000000002,59.38333333333333,61.02666666666669,59.77,59.63333333333332,58.09000000000001,57.38000000000001,58.030000000000015,58.24999999999999,58.78333333333334,59.826666666666675,58.74666666666667,58.923333333333325,59.066666666666656,60.146666666666654,59.71666666666667,60.30333333333335,60.55333333333331,60.25333333333333,59.97333333333334,60.672413793103445,60.506666666666675,59.49333333333333,59.870000000000005,60.696666666666665,60.59666666666666,59.69333333333332,60.039999999999985,59.92000000000001,59.46,59.83333333333335,59.18999999999999,59.22333333333332,55.14666666666666,59.55999999999999,60.389999999999986,60.25000000000001,60.41666666666667,61.041176470588255,60.74666666666666,59.98666666666667,61.133333333333354,60.84583333333335,60.24583333333334,60.62916666666667,60.57083333333333,60.54583333333333,59.63181818181817,60.76818181818183,60.52272727272727,59.463636363636375,60.64545454545455,57.60666666666666
12:55:00,57.69999999999998,57.956666666666685,59.33333333333334,58.26666666666666,57.72,57.730000000000004,57.399999999999984,57.92000000000001,57.819999999999986,58.46999999999999,58.57666666666668,58.66666666666667,57.993333333333325,57.120000000000005,58.550000000000004,57.95333333333333,58.02,58.61333333333334,58.68333333333333,59.72666666666665,59.37333333333334,59.26,61.07333333333336,59.50333333333333,61.17000000000003,59.77666666666667,59.64666666666666,58.216666666666676,57.49666666666667,58.16666666666667,58.40000000000001,58.94666666666667,59.986666666666665,58.873333333333335,59.05,59.176666666666655,60.23,59.79333333333333,60.38,60.62333333333333,60.38333333333334,60.056666666666665,60.73448275862069,60.53666666666667,59.403333333333336,59.89333333333334,60.70666666666666,60.69666666666667,59.926666666666655,60.24000000000001,60.12000000000001,59.72666666666665,60.09333333333335,59.42,59.46666666666666,55.37666666666667,59.46999999999999,60.39333333333333,60.220000000000006,60.400000000000006,60.98235294117647,60.73666666666665,60.06000000000001,61.200000000000024,60.89166666666667,60.27083333333332,60.64166666666667,60.583333333333336,60.5875,59.61363636363635,60.7409090909091,60.50454545454545,59.43636363636365,60.595454545454544,57.50666666666666
13:00:00,57.823333333333345,58.12666666666666,59.47666666666669,58.35000000000001,57.786666666666655,57.87333333333333,57.51333333333332,58.10000000000001,57.97666666666665,58.60666666666665,58.69666666666667,58.81666666666668,58.20333333333333,57.30333333333332,58.75333333333333,58.120000000000005,58.23666666666667,58.77666666666666,58.79333333333333,59.819999999999986,59.44666666666667,59.32666666666665,61.11333333333336,59.57666666666668,61.20000000000003,59.80666666666668,59.65666666666666,58.350000000000016,57.586666666666666,58.27333333333334,58.45666666666666,59.00333333333334,60.02999999999999,58.909999999999975,59.07333333333334,59.2,60.243333333333325,59.836666666666666,60.39666666666669,60.633333333333326,60.39333333333334,60.05666666666668,60.731034482758616,60.52666666666668,59.45000000000002,59.870000000000005,60.70666666666666,60.70999999999999,59.963333333333324,60.28333333333333,60.15666666666667,59.739999999999995,60.10333333333334,59.480000000000004,59.47666666666667,55.49999999999999,59.53999999999999,60.41,60.21333333333334,60.37666666666668,61.005882352941185,60.73666666666665,60.12333333333334,61.200000000000024,60.87916666666667,60.270833333333336,60.64166666666667,60.56250000000001,60.59583333333333,59.631818181818176,60.718181818181826,60.48181818181818,59.41363636363638,60.56363636363635,57.69666666666667
13:05:00,57.763333333333335,58.086666666666666,59.42333333333333,58.28333333333333,57.76666666666666,57.80666666666668,57.419999999999995,57.989999999999995,57.91666666666666,58.54,58.67333333333334,58.816666666666656,58.21333333333333,57.290000000000006,58.73666666666666,58.08333333333333,58.206666666666656,58.74999999999999,58.77666666666667,59.79333333333334,59.39666666666666,59.26333333333332,61.12000000000001,59.553333333333335,61.20000000000003,59.78333333333333,59.599999999999994,58.266666666666666,57.44666666666669,58.11000000000001,58.330000000000005,58.95,59.906666666666666,58.81666666666667,58.98333333333333,59.06000000000001,60.29,59.86666666666667,60.430000000000014,60.68333333333332,60.35333333333334,60.06333333333335,60.73448275862068,60.54666666666667,59.480000000000004,59.88666666666666,60.71,60.74999999999999,60.01,60.29666666666666,60.20333333333335,59.77666666666666,60.18333333333336,59.43333333333332,59.486666666666665,55.35333333333334,59.47666666666666,60.4,60.21666666666668,60.38666666666668,61.01764705882354,60.75666666666665,60.18333333333333,61.200000000000024,60.9125,60.283333333333324,60.666666666666664,60.570833333333326,60.587499999999984,59.599999999999994,60.7,60.46363636363637,59.41818181818183,60.554545454545455,57.649999999999984
13:10:00,57.71333333333335,58.05666666666666,59.43,58.25000000000001,57.75333333333333,57.95666666666666,57.533333333333324,58.13333333333333,58.000000000000014,58.55,58.72,58.88333333333332,58.27666666666668,57.31666666666667,58.79333333333334,58.06666666666667,58.27666666666667,58.80666666666665,58.78999999999999,59.79333333333332,59.37666666666667,59.25333333333333,61.10666666666669,59.59,61.20000000000003,59.78,59.606666666666676,58.35000000000001,57.489999999999995,58.11666666666667,58.320000000000014,58.919999999999995,59.873333333333335,58.74333333333334,58.94333333333332,58.99666666666667,60.32333333333333,59.903333333333336,60.45000000000001,60.706666666666656,60.393333333333345,60.06333333333335,60.7551724137931,60.556666666666665,59.49666666666667,59.89333333333335,60.73999999999999,60.76666666666665,60.05999999999999,60.39333333333333,60.26000000000001,59.836666666666666,60.220000000000006,59.39,59.38999999999999,55.28999999999999,59.50333333333332,60.39,60.20333333333335,60.37666666666668,61.047058823529426,60.77333333333332,60.21666666666667,61.200000000000024,60.916666666666664,60.274999999999984,60.645833333333336,60.54583333333334,60.56249999999999,59.62727272727272,60.67272727272728,60.42727272727271,59.36818181818183,60.531818181818174,57.71333333333334
13:15:00,57.626666666666665,57.95,59.306666666666665,58.11000000000001,57.65,57.94333333333334,57.49,58.03000000000001,57.92,58.43333333333333,58.66999999999999,58.853333333333346,58.27000000000001,57.26333333333333,58.76333333333333,57.98666666666667,58.27333333333333,58.789999999999985,58.75666666666667,59.73,59.31666666666665,59.18666666666668,61.05000000000003,59.589999999999996,61.196666666666694,59.760000000000005,59.56333333333335,58.31333333333334,57.42333333333334,57.97,58.199999999999996,58.823333333333316,59.74333333333334,58.586666666666666,58.82666666666667,58.83666666666667,60.34333333333335,59.926666666666684,60.47333333333335,60.746666666666655,60.390000000000015,60.07333333333333,60.77586206896551,60.57666666666666,59.44666666666667,59.906666666666666,60.76666666666666,60.79333333333332,60.013333333333335,60.36333333333333,60.26666666666667,59.833333333333336,60.203333333333354,59.35000000000001,59.276666666666664,55.18666666666666,59.45666666666664,60.36,60.150000000000006,60.363333333333344,61.005882352941185,60.76999999999998,60.24999999999999,61.200000000000024,60.925000000000004,60.287499999999994,60.65,60.54583333333333,60.583333333333336,59.58181818181818,60.613636363636374,60.37272727272725,59.33636363636364,60.48181818181817,57.63333333333333
13:20:00,57.55999999999999,57.86333333333334,59.120000000000005,57.95666666666666,57.51,57.96666666666667,57.48,58.02333333333332,57.90666666666666,58.40333333333334,58.66,58.9,58.326666666666675,57.236666666666665,58.70000000000001,57.85333333333334,58.249999999999986,58.80333333333333,58.69999999999998,59.68333333333332,59.199999999999996,59.086666666666666,60.96333333333335,59.56666666666667,61.16000000000003,59.72666666666667,59.51,58.32000000000001,57.42000000000001,57.92333333333334,58.13333333333335,58.78,59.69000000000001,58.526666666666664,58.73000000000001,58.67666666666667,60.36333333333334,59.90666666666667,60.49666666666667,60.766666666666666,60.413333333333334,60.066666666666656,60.79655172413792,60.60999999999999,59.47,59.93666666666668,60.786666666666655,60.80999999999998,60.02666666666667,60.419999999999995,60.31000000000001,59.9,60.22333333333335,59.22333333333334,59.23666666666666,55.13,59.27999999999999,60.279999999999994,60.1,60.29666666666669,60.94117647058823,60.76999999999999,60.3,61.200000000000024,60.94583333333333,60.333333333333336,60.6875,60.53333333333333,60.54583333333333,59.52272727272727,60.61363636363637,60.3681818181818,59.32272727272727,60.463636363636354,57.62999999999999
13:25:00,57.436666666666675,57.70333333333333,58.91666666666667,57.75333333333332,57.29999999999998,57.88333333333334,57.34000000000002,57.82333333333333,57.71,58.17,58.513333333333335,58.74333333333335,58.18333333333333,57.069999999999986,58.503333333333345,57.583333333333336,58.266666666666666,58.79,58.643333333333324,59.59000000000002,59.11333333333334,59.01333333333333,60.93333333333335,59.52666666666666,61.16333333333337,59.66333333333333,59.423333333333325,58.343333333333334,57.40333333333334,57.85,58.03333333333332,58.72333333333334,59.626666666666665,58.449999999999996,58.63666666666666,58.593333333333334,60.366666666666674,59.85666666666668,60.52333333333333,60.79333333333332,60.400000000000006,60.07666666666667,60.82068965517243,60.643333333333345,59.46666666666668,59.96333333333334,60.809999999999995,60.83666666666669,59.89333333333333,60.43333333333332,60.260000000000005,59.79,60.116666666666674,59.01,58.990000000000016,54.88666666666667,59.256666666666646,60.22333333333332,60.02666666666667,60.23333333333334,60.89411764705884,60.676666666666684,60.263333333333335,61.17500000000002,60.92083333333333,60.32083333333335,60.675000000000004,60.541666666666664,60.52916666666667,59.41818181818182,60.48181818181819,60.24999999999998,59.23636363636364,60.363636363636374,57.51666666666667
13:30:00,57.443333333333314,57.676666666666684,58.85666666666667,57.64666666666666,57.24333333333334,57.92666666666669,57.33333333333334,57.766666666666666,57.66333333333333,58.07999999999998,58.46000000000001,58.73666666666667,58.169999999999995,57.036666666666655,58.37,57.36,58.30666666666668,58.763333333333335,58.60666666666667,59.54333333333334,59.05000000000002,58.97666666666666,60.853333333333346,59.49333333333333,61.1566666666667,59.61,59.37333333333335,58.39333333333333,57.449999999999996,57.84666666666666,58.016666666666666,58.66999999999999,59.59333333333334,58.406666666666645,58.61333333333334,58.49,60.38666666666668,59.93333333333333,60.53333333333333,60.79999999999998,60.4,60.06666666666667,60.81724137931034,60.64999999999999,59.59666666666667,59.96666666666667,60.836666666666666,60.850000000000016,59.900000000000006,60.48333333333332,60.300000000000004,59.82000000000001,60.146666666666654,59.016666666666666,58.96000000000001,54.873333333333335,59.266666666666644,60.21666666666667,60.023333333333326,60.213333333333345,60.83529411764706,60.69000000000001,60.29333333333332,61.15416666666669,60.93333333333334,60.32916666666667,60.66666666666666,60.54166666666668,60.55833333333334,59.377272727272725,60.4318181818182,60.17272727272726,59.17727272727273,60.26363636363636,57.580000000000005
13:35:00,57.40000000000002,57.60666666666667,58.71,57.546666666666674,57.06666666666668,57.966666666666676,57.33333333333334,57.75333333333333,57.610000000000014,58.03666666666666,58.41333333333333,58.75333333333333,58.16333333333334,56.95333333333335,58.29666666666667,57.26666666666667,58.30333333333335,58.75333333333333,58.57,59.48333333333333,58.970000000000006,58.94666666666665,60.806666666666686,59.45333333333333,61.15000000000002,59.55333333333332,59.31333333333334,58.376666666666665,57.453333333333326,57.826666666666675,58.00666666666666,58.61666666666667,59.59666666666667,58.37666666666666,58.566666666666684,58.43999999999999,60.38333333333333,59.99333333333335,60.529999999999994,60.82333333333333,60.390000000000015,60.07000000000001,60.83103448275862,60.65333333333332,59.49,59.98333333333334,60.856666666666676,60.88000000000002,59.83666666666665,60.470000000000006,60.27000000000001,59.74999999999999,60.086666666666666,59.01666666666668,58.97666666666667,54.82666666666666,59.283333333333324,60.23333333333332,60.03333333333333,60.240000000000016,60.83529411764706,60.663333333333334,60.316666666666656,61.12916666666669,60.94166666666667,60.31666666666666,60.695833333333326,60.56249999999999,60.57083333333333,59.40909090909091,60.468181818181826,60.222727272727255,59.209090909090904,60.27727272727273,57.61999999999999
13:40:00,57.353333333333325,57.563333333333325,58.63000000000001,57.48000000000001,56.98666666666668,57.99000000000001,57.306666666666665,57.656666666666666,57.52666666666667,57.93333333333333,58.33,58.66999999999999,58.10666666666666,56.90333333333333,58.23333333333334,57.20666666666668,58.319999999999986,58.72999999999999,58.550000000000004,59.45666666666666,58.94666666666667,58.92333333333332,60.80000000000002,59.40333333333333,61.13333333333335,59.50666666666667,59.27,58.42000000000001,57.47,57.84000000000001,58.009999999999984,58.61000000000001,59.59666666666667,58.370000000000005,58.55999999999999,58.43,60.38666666666667,59.88666666666668,60.54333333333333,60.803333333333335,60.38333333333334,60.05666666666668,60.841379310344834,60.66666666666665,59.61666666666666,59.98333333333334,60.86333333333334,60.87333333333334,59.753333333333345,60.453333333333326,60.230000000000004,59.649999999999984,60.016666666666666,58.99000000000001,58.94333333333334,54.79333333333333,59.393333333333324,60.23333333333333,60.04,60.25666666666668,60.85882352941177,60.67333333333334,60.363333333333316,61.10000000000002,60.895833333333336,60.300000000000004,60.658333333333324,60.550000000000004,60.570833333333326,59.50909090909091,60.468181818181826,60.22272727272727,59.190909090909095,60.290909090909096,57.603333333333325
13:45:00,57.32333333333334,57.53333333333334,58.58666666666668,57.45666666666668,56.98666666666668,57.92,57.22333333333334,57.54666666666665,57.41333333333332,57.81666666666668,58.23333333333334,58.60333333333336,58.00333333333333,56.790000000000006,58.10333333333333,57.08,58.250000000000014,58.63,58.470000000000006,59.349999999999994,58.84666666666667,58.830000000000005,60.66,59.32,61.06666666666669,59.43666666666668,59.18666666666668,58.38999999999999,57.40666666666666,57.75666666666666,57.89333333333333,58.49,59.51999999999999,58.28333333333333,58.503333333333345,58.336666666666666,60.370000000000005,59.96000000000002,60.52666666666666,60.79666666666667,60.36666666666669,60.08000000000001,60.841379310344834,60.67333333333332,59.65,59.980000000000004,60.86333333333334,60.84000000000001,59.67999999999999,60.44000000000001,60.19666666666668,59.53999999999999,59.933333333333344,58.93666666666668,58.95333333333334,54.78,59.393333333333324,60.20999999999999,60.006666666666675,60.23666666666668,60.847058823529416,60.63,60.33666666666666,61.05833333333336,60.86666666666668,60.27916666666666,60.650000000000006,60.537499999999994,60.56249999999999,59.50454545454545,60.44545454545455,60.18181818181817,59.13181818181818,60.20454545454545,57.64333333333333
13:50:00,57.28333333333333,57.516666666666666,58.559999999999995,57.446666666666665,56.99666666666666,57.940000000000005,57.24,57.55666666666668,57.393333333333345,57.82666666666667,58.21333333333333,58.56666666666668,57.946666666666665,56.74666666666668,58.146666666666675,57.11666666666668,58.24666666666668,58.59,58.40333333333333,59.28666666666666,58.769999999999996,58.766666666666666,60.62000000000001,59.25666666666668,60.98333333333335,59.41666666666667,59.15666666666668,58.37333333333334,57.39,57.760000000000005,57.89666666666667,58.46333333333334,59.50666666666665,58.26000000000002,58.47666666666669,58.31000000000001,60.39000000000001,59.963333333333345,60.53333333333334,60.79333333333333,60.35,60.08666666666668,60.848275862068974,60.69333333333332,59.656666666666666,59.95333333333333,60.87333333333334,60.800000000000004,59.58666666666668,60.35666666666667,60.04666666666667,59.44666666666667,59.88333333333334,58.93333333333333,58.953333333333326,54.77999999999999,59.359999999999985,60.193333333333314,59.99,60.220000000000006,60.82352941176472,60.63333333333334,60.356666666666655,61.03750000000002,60.850000000000016,60.254166666666656,60.637499999999996,60.525,60.512499999999996,59.599999999999994,60.436363636363645,60.195454545454545,59.15909090909092,60.22272727272729,57.683333333333316
13:55:00,57.24,57.483333333333334,58.55,57.45333333333333,56.98000000000001,57.88666666666666,57.14999999999999,57.42333333333334,57.279999999999994,57.733333333333334,58.16333333333333,58.47333333333333,57.85,56.74333333333333,58.15333333333333,57.116666666666674,58.236666666666665,58.53333333333332,58.313333333333325,59.243333333333325,58.72000000000001,58.746666666666655,60.55666666666668,59.21000000000001,60.92666666666667,59.37666666666667,59.123333333333335,58.40000000000001,57.376666666666665,57.72666666666667,57.873333333333335,58.42333333333335,59.47333333333332,58.220000000000006,58.44666666666667,58.29333333333332,60.38333333333334,59.970000000000006,60.51666666666667,60.78,60.346666666666685,60.10000000000001,60.858620689655176,60.68999999999998,59.64999999999999,59.99666666666667,60.88,60.78666666666667,59.54,60.366666666666674,59.990000000000016,59.453333333333326,59.87666666666667,58.96333333333333,58.96333333333333,54.81333333333332,59.309999999999974,60.196666666666644,59.99333333333334,60.216666666666676,60.817647058823546,60.599999999999994,60.33999999999999,61.012500000000024,60.83750000000001,60.24166666666665,60.612500000000004,60.50416666666667,60.55416666666667,59.65909090909091,60.41363636363637,60.18181818181817,59.1,60.2,57.62666666666667
14:00:00,57.26666666666667,57.563333333333325,58.7,57.606666666666655,57.190000000000005,57.95000000000002,57.18666666666668,57.416666666666664,57.28333333333332,57.779999999999994,58.21,58.49,57.82666666666667,56.71666666666667,58.14666666666666,57.15333333333333,58.303333333333356,58.55,58.34,59.223333333333336,58.70000000000001,58.76,60.54333333333334,59.22666666666666,60.94333333333335,59.39666666666667,59.163333333333334,58.47999999999999,57.4,57.713333333333324,57.86666666666666,58.42333333333333,59.48,58.23000000000002,58.490000000000016,58.33,60.38333333333334,59.85333333333334,60.50666666666667,60.77333333333333,60.353333333333346,60.10999999999999,60.848275862068974,60.693333333333314,59.62666666666667,60.00000000000001,60.863333333333344,60.830000000000005,59.64333333333333,60.41666666666666,60.08666666666668,59.54333333333334,60.00999999999999,59.09666666666667,59.21666666666667,55.01333333333334,59.27666666666665,60.219999999999985,60.00666666666667,60.23333333333334,60.85882352941179,60.623333333333335,60.36666666666667,60.98750000000002,60.79583333333335,60.2125,60.583333333333336,60.479166666666664,60.46666666666666,59.640909090909076,60.48181818181819,60.18181818181817,59.14090909090908,60.218181818181826,57.72333333333333
14:05:00,57.190000000000005,57.53000000000001,58.67,57.586666666666666,57.163333333333334,57.94333333333332,57.13666666666666,57.343333333333334,57.20666666666666,57.78,58.25666666666667,58.473333333333336,57.81333333333334,56.67333333333334,58.21333333333332,57.193333333333314,58.300000000000004,58.51666666666666,58.290000000000006,59.18666666666665,58.66666666666666,58.73333333333334,60.53333333333333,59.22,60.90666666666667,59.39333333333334,59.169999999999995,58.47,57.376666666666665,57.67333333333333,57.836666666666666,58.396666666666675,59.45000000000002,58.213333333333324,58.36000000000002,58.34333333333335,60.37666666666667,59.95333333333334,60.503333333333345,60.77333333333333,60.363333333333344,60.13,60.886206896551734,60.71999999999999,59.676666666666655,60.00333333333334,60.88333333333333,60.823333333333345,59.51,60.38,59.98333333333334,59.5,59.983333333333334,59.203333333333326,59.190000000000005,55.03666666666667,59.33333333333333,60.203333333333326,59.98666666666668,60.23666666666667,60.835294117647074,60.589999999999996,60.36333333333334,60.95416666666669,60.779166666666676,60.17916666666665,60.5625,60.449999999999996,60.47916666666666,59.61363636363637,60.4909090909091,60.154545454545456,59.08181818181819,60.186363636363645,57.666666666666664
14:10:00,57.24666666666666,57.633333333333326,58.80333333333332,57.69333333333334,57.309999999999995,57.930000000000014,57.07666666666667,57.260000000000005,57.143333333333345,57.74333333333333,58.24999999999999,58.42666666666667,57.77666666666667,56.56000000000001,58.25333333333333,57.26,58.283333333333324,58.46333333333333,58.22666666666667,59.14333333333333,58.6,58.706666666666656,60.49666666666666,59.186666666666675,60.893333333333345,59.40999999999999,59.17333333333333,58.459999999999994,57.32333333333333,57.620000000000005,57.803333333333335,58.366666666666674,59.42,58.21333333333333,58.48333333333334,58.37333333333332,60.37666666666668,59.92000000000001,60.48333333333334,60.76666666666665,60.38333333333334,60.14333333333334,60.893103448275866,60.729999999999976,59.62333333333333,60.023333333333326,60.88333333333335,60.786666666666655,59.466666666666676,60.29999999999999,59.93,59.440000000000005,59.966666666666654,59.16333333333333,59.23333333333331,55.056666666666665,59.30333333333332,60.14666666666666,59.936666666666675,60.22666666666667,60.817647058823546,60.56333333333334,60.32666666666665,60.91250000000002,60.725,60.13333333333332,60.512499999999996,60.412500000000016,60.43749999999999,59.527272727272724,60.50454545454547,60.06818181818183,59.02727272727273,60.131818181818176,57.726666666666674
14:15:00,57.20333333333335,57.64,58.830000000000005,57.73333333333335,57.38666666666667,57.89666666666666,57.00666666666667,57.163333333333334,57.10333333333333,57.79333333333333,58.269999999999996,58.43000000000002,57.71333333333332,56.736666666666686,58.259999999999984,57.26666666666666,58.233333333333334,58.38666666666667,58.12666666666667,59.05999999999999,58.54333333333332,58.69333333333332,60.47,59.15666666666667,60.84333333333334,59.40666666666667,59.163333333333334,58.44333333333334,57.266666666666666,57.54333333333333,57.723333333333336,58.280000000000015,59.38333333333333,58.17000000000002,58.46000000000001,58.39666666666667,60.38000000000001,59.86666666666668,60.47666666666668,60.75999999999999,60.37666666666667,60.15,60.913793103448285,60.73666666666665,59.716666666666654,60.04333333333333,60.88333333333334,60.75,59.440000000000005,60.27666666666667,59.87,59.44666666666665,59.98666666666667,59.20666666666667,59.32000000000001,55.12333333333334,59.18333333333332,60.099999999999994,59.85333333333335,60.17333333333333,60.78823529411767,60.49666666666668,60.25999999999999,60.86250000000002,60.67500000000001,60.087499999999984,60.475,60.37083333333334,60.32916666666667,59.449999999999996,60.395454545454555,60.050000000000004,58.95454545454545,60.06818181818183,57.680000000000014
14:20:00,57.15666666666667,57.67333333333335,58.856666666666676,57.75333333333333,57.44000000000001,57.886666666666656,56.92333333333334,57.07333333333333,57.08333333333334,57.84,58.319999999999986,58.45,57.75,56.68666666666666,58.33333333333335,57.32333333333334,58.22666666666667,58.37,58.11333333333334,59.07,58.55666666666665,58.71000000000001,60.49666666666667,59.17000000000001,60.83333333333334,59.429999999999986,59.17333333333333,58.480000000000004,57.27000000000001,57.55666666666666,57.76,58.339999999999996,59.42666666666666,58.21333333333333,58.50666666666667,58.48333333333334,60.370000000000005,59.890000000000015,60.463333333333345,60.76333333333333,60.37666666666667,60.13999999999999,60.84482758620692,60.73999999999998,59.723333333333315,60.026666666666664,60.88666666666667,60.78,59.43999999999999,60.29999999999999,59.87666666666667,59.50666666666665,60.07000000000001,59.213333333333324,59.370000000000005,55.203333333333326,59.16666666666666,60.066666666666656,59.870000000000005,60.183333333333316,60.835294117647074,60.51000000000001,60.25999999999999,60.84166666666669,60.64166666666668,60.058333333333316,60.441666666666656,60.341666666666676,60.35833333333333,59.47272727272727,60.3818181818182,60.040909090909096,58.96363636363637,60.07727272727274,57.633333333333326
14:25:00,57.316666666666656,57.853333333333325,59.04666666666669,57.93666666666668,57.65999999999999,57.940000000000005,56.876666666666665,57.04666666666667,57.089999999999996,57.90000000000001,58.4,58.53666666666666,57.809999999999995,56.74333333333333,58.46333333333335,57.45666666666668,58.28,58.373333333333335,58.10333333333334,59.05666666666668,58.583333333333336,58.790000000000006,60.58666666666667,59.22666666666668,60.89666666666668,59.48666666666667,59.223333333333336,58.52333333333334,57.28666666666666,57.57666666666667,57.79333333333333,58.39333333333334,59.48,58.29333333333334,58.58666666666667,58.60666666666666,60.343333333333334,59.84333333333334,60.453333333333354,60.74333333333333,60.36000000000001,60.14333333333333,60.91379310344829,60.739999999999995,59.64666666666665,60.05,60.88666666666668,60.803333333333335,59.57666666666667,60.376666666666665,60.01333333333335,59.62333333333334,60.176666666666655,59.343333333333334,59.50333333333334,55.32999999999999,59.196666666666644,60.06666666666667,59.89000000000001,60.17666666666666,60.9058823529412,60.52333333333334,60.25999999999999,60.80833333333336,60.60833333333334,60.01666666666665,60.40416666666666,60.32083333333335,60.300000000000004,59.4590909090909,60.363636363636374,60.02727272727273,58.954545454545446,60.07272727272729,57.77333333333335
14:30:00,57.370000000000005,57.93333333333332,59.13666666666665,57.99666666666668,57.733333333333334,57.97333333333334,56.89333333333333,57.06666666666665,57.173333333333325,58.059999999999995,58.456666666666656,58.59666666666667,57.85333333333333,56.96666666666667,58.53666666666667,57.51666666666667,58.29666666666667,58.360000000000014,58.066666666666684,59.01000000000001,58.58000000000001,58.81333333333335,60.603333333333325,59.20333333333335,60.890000000000015,59.493333333333325,59.24000000000001,58.55333333333333,57.29666666666666,57.56666666666668,57.79333333333333,58.42,59.49333333333335,58.30333333333331,58.563333333333325,58.643333333333324,60.33333333333333,59.80333333333335,60.44666666666668,60.72999999999999,60.34666666666668,60.129999999999995,60.910344827586215,60.74333333333332,59.666666666666664,60.04333333333333,60.87333333333335,60.790000000000006,59.52333333333331,60.330000000000005,59.95666666666667,59.61000000000001,60.13666666666666,59.37,59.52,55.336666666666666,59.13666666666665,59.99333333333333,59.856666666666676,60.12999999999999,60.84705882352943,60.47333333333334,60.213333333333324,60.78750000000002,60.575000000000024,59.97083333333331,60.37499999999999,60.27916666666667,60.29583333333333,59.39090909090908,60.281818181818196,59.940909090909095,58.89090909090908,59.99545454545456,57.76333333333334
14:35:00,57.346666666666664,57.92999999999999,59.13333333333333,58.023333333333326,57.723333333333336,57.88666666666667,56.75333333333332,56.92333333333333,57.13333333333335,58.06333333333334,58.43333333333333,58.570000000000014,57.806666666666665,56.973333333333336,58.529999999999994,57.51666666666666,58.236666666666665,58.290000000000006,57.99333333333333,58.97666666666666,58.61,58.83333333333332,60.59666666666668,59.17000000000002,60.85333333333336,59.45999999999999,59.199999999999996,58.49333333333333,57.22333333333335,57.51666666666666,57.75999999999999,58.40333333333334,59.500000000000014,58.30333333333333,58.58,58.67333333333331,60.29999999999998,59.823333333333345,60.42333333333336,60.709999999999994,60.35666666666668,60.14666666666666,60.88620689655174,60.709999999999994,59.56666666666667,60.03,60.85333333333334,60.74333333333335,59.43999999999999,60.263333333333335,59.86333333333333,59.55666666666666,60.09333333333334,59.30000000000002,59.459999999999994,55.29999999999999,59.549999999999976,60.39,60.16666666666667,60.39999999999998,60.80000000000002,60.753333333333345,60.44666666666665,60.97500000000002,61.02500000000003,60.38333333333332,60.787499999999994,60.6875,60.699999999999996,59.93636363636362,60.77727272727273,60.50454545454547,59.48181818181817,60.61818181818183,57.71666666666667
14:40:00,57.54333333333332,58.126666666666665,59.29999999999999,58.193333333333335,57.97,57.92333333333335,56.72,56.94000000000001,57.21666666666667,58.14666666666667,58.500000000000014,58.65666666666669,57.903333333333336,56.986666666666665,58.68666666666666,57.66333333333333,58.28,58.306666666666686,58.013333333333335,59.05666666666666,58.72333333333333,58.943333333333314,60.69333333333335,59.25333333333332,60.93000000000002,59.54333333333333,59.2866666666667,58.57,57.236666666666665,57.52333333333331,57.81333333333335,58.47333333333333,59.55666666666669,58.38333333333335,58.67333333333333,58.803333333333335,60.31666666666665,59.84666666666668,60.43666666666668,60.73999999999999,60.35333333333334,60.15,60.92068965517243,60.746666666666655,59.68666666666666,60.03333333333334,60.86666666666667,60.75333333333334,59.57333333333334,60.29666666666666,59.92666666666667,59.68333333333333,60.186666666666675,59.44333333333334,59.586666666666666,55.46,59.67333333333331,60.40333333333333,60.17333333333333,60.42333333333331,60.84705882352943,60.78000000000001,60.45333333333331,60.96666666666669,61.01666666666669,60.37916666666664,60.78333333333333,60.68333333333334,60.68333333333333,59.949999999999996,60.80000000000002,60.531818181818196,59.53181818181816,60.677272727272744,57.816666666666656
14:45:00,57.60000000000001,58.203333333333326,59.379999999999995,58.30333333333335,58.04,57.953333333333326,56.736666666666665,57.00666666666667,57.346666666666664,58.313333333333325,58.583333333333336,58.769999999999996,58.003333333333345,57.15999999999999,58.80999999999998,57.77666666666666,58.263333333333335,58.29000000000001,58.00000000000001,59.06666666666667,58.77,58.996666666666655,60.71666666666667,59.290000000000006,60.96333333333335,59.57,59.31666666666669,58.58333333333333,57.27333333333335,57.580000000000005,57.84666666666668,58.53666666666667,59.61666666666668,58.46333333333334,58.74333333333333,58.88333333333333,60.313333333333325,59.84000000000001,60.43000000000002,60.71999999999999,60.370000000000005,60.166666666666664,60.924137931034494,60.746666666666655,59.679999999999986,60.03333333333333,60.870000000000005,60.79666666666667,59.55999999999998,60.32999999999999,59.930000000000014,59.67,60.17666666666667,59.47,59.599999999999994,55.46333333333333,59.723333333333336,60.43333333333333,60.23333333333335,60.47999999999998,60.90000000000001,60.81333333333334,60.47999999999999,60.97083333333336,61.02083333333335,60.37499999999998,60.775,60.666666666666664,60.729166666666664,60.0181818181818,60.859090909090924,60.5909090909091,59.57727272727272,60.73636363636364,57.82999999999999
14:50:00,57.656666666666666,58.25333333333333,59.41333333333333,58.333333333333336,58.040000000000006,57.903333333333336,56.66999999999999,56.99333333333334,57.38000000000001,58.33,58.55333333333332,58.72999999999998,58.00333333333333,56.90999999999999,58.79666666666666,57.77333333333333,58.260000000000005,58.25666666666666,57.95666666666668,59.086666666666666,58.82666666666668,59.009999999999984,60.71,59.23,60.90666666666668,59.49999999999999,59.246666666666684,58.58666666666667,57.24333333333334,57.59000000000001,57.890000000000015,58.596666666666664,59.653333333333336,58.49666666666667,58.77333333333334,58.91333333333333,60.27999999999999,59.77,60.41333333333334,60.696666666666665,60.37666666666669,60.17333333333332,60.91724137931037,60.73666666666666,59.609999999999985,60.03,60.870000000000005,60.736666666666665,59.45,60.23666666666666,59.80333333333335,59.54999999999999,60.11333333333333,59.37666666666669,59.50666666666665,55.370000000000005,59.59333333333333,60.379999999999995,60.19333333333334,60.436666666666646,60.85882352941179,60.790000000000006,60.43333333333332,61.200000000000024,61.02083333333335,60.370833333333316,60.77916666666667,60.679166666666674,60.71666666666667,59.99999999999999,60.82272727272729,60.58181818181819,59.52727272727271,60.6909090909091,57.85333333333334
14:55:00,57.77333333333334,58.36333333333333,59.53999999999999,58.47333333333332,58.19666666666668,57.96000000000001,56.68333333333335,57.07000000000001,57.51999999999999,58.45333333333335,58.67,58.87000000000002,58.12333333333334,57.273333333333326,58.90333333333333,57.86333333333334,58.25333333333333,58.24333333333333,57.98000000000001,59.13333333333332,58.92000000000001,59.07666666666666,60.77000000000002,59.30333333333332,60.97333333333336,59.57666666666666,59.33000000000002,58.62,57.26,57.623333333333335,57.94000000000001,58.64666666666666,59.720000000000006,58.58000000000001,58.87333333333333,58.98666666666666,60.286666666666655,59.803333333333335,60.413333333333334,60.703333333333326,60.38333333333335,60.17666666666666,60.93793103448279,60.746666666666655,59.68333333333333,60.01000000000001,60.85666666666667,60.74333333333333,59.536666666666655,60.31666666666667,59.88333333333334,59.6,60.150000000000006,59.466666666666676,59.599999999999994,55.50000000000001,59.673333333333325,60.379999999999995,60.18666666666669,60.43666666666663,60.8529411764706,60.77666666666667,60.353333333333325,61.200000000000024,61.01666666666668,60.36249999999998,60.787499999999994,60.67916666666667,60.72083333333333,59.9590909090909,60.76818181818182,60.545454545454554,59.54999999999998,60.70454545454545,57.910000000000004
15:00:00,57.77333333333334,58.353333333333346,59.53,58.47,58.18,57.88333333333333,56.55999999999999,57.073333333333345,57.57000000000001,58.49333333333335,58.650000000000006,58.856666666666676,58.123333333333335,57.356666666666676,58.91333333333333,57.87666666666667,58.209999999999994,58.18333333333333,57.88,59.12333333333332,58.86666666666668,59.050000000000004,60.73666666666668,59.24666666666666,60.930000000000014,59.54999999999999,59.29000000000001,58.62000000000001,57.233333333333334,57.59333333333334,57.95999999999999,58.67999999999999,59.71666666666666,58.57666666666666,58.843333333333334,59.0,60.28333333333332,59.806666666666665,60.416666666666664,60.716666666666654,60.38,60.18999999999998,60.94827586206898,60.76,59.653333333333336,60.01333333333334,60.86000000000001,60.74333333333333,59.43333333333333,60.23,59.779999999999994,59.529999999999994,60.08333333333333,59.39999999999999,59.53999999999999,55.443333333333335,59.649999999999984,60.343333333333334,60.180000000000014,60.42333333333331,60.85882352941179,60.79,60.32666666666666,61.200000000000024,61.02083333333335,60.36249999999998,60.770833333333336,60.679166666666674,60.7125,59.94545454545453,60.75909090909092,60.540909090909096,59.540909090909075,60.71363636363637,57.816666666666656
15:05:00,57.89666666666666,58.43333333333333,59.61333333333333,58.56000000000001,58.29,57.89999999999999,56.53666666666666,57.096666666666664,57.62333333333334,58.550000000000004,58.716666666666676,58.92,58.20333333333333,57.45333333333334,58.97333333333333,57.93333333333333,58.233333333333334,58.17999999999999,57.92666666666666,59.243333333333325,58.983333333333334,59.096666666666664,60.780000000000015,59.260000000000005,60.95666666666668,59.57333333333333,59.3,58.59666666666668,57.20666666666667,57.62333333333333,57.99333333333333,58.70999999999999,59.756666666666646,58.626666666666665,58.90333333333334,59.06000000000001,60.27999999999999,59.80666666666666,60.42666666666666,60.70333333333331,60.37333333333335,60.203333333333326,60.92758620689657,60.73666666666665,59.666666666666664,60.00000000000001,60.85,60.68666666666666,59.32666666666667,60.13,59.68333333333332,59.43333333333333,60.0,59.32666666666666,59.45,55.41666666666667,59.61333333333333,60.32666666666667,60.16666666666668,60.413333333333306,60.8529411764706,60.77333333333333,60.25333333333332,61.195833333333354,61.00833333333333,60.36249999999998,60.79583333333333,60.65416666666666,60.67916666666667,59.9181818181818,60.713636363636375,60.4909090909091,59.52727272727271,60.67272727272728,57.913333333333334
15:10:00,57.92,58.43333333333333,59.61999999999999,58.58333333333335,58.29666666666666,57.88333333333335,56.46333333333334,57.09666666666668,57.62666666666668,58.529999999999994,58.69000000000001,58.910000000000004,58.17666666666667,57.43666666666666,58.97333333333334,57.93666666666665,58.150000000000006,58.07666666666667,57.823333333333316,59.203333333333326,58.96666666666667,59.07000000000001,60.750000000000014,59.213333333333324,60.90666666666668,59.52333333333333,59.24333333333335,58.59333333333334,57.20333333333333,57.62999999999998,58.02000000000002,58.75666666666666,59.78333333333332,58.683333333333316,58.92333333333333,59.073333333333345,60.24333333333333,59.81000000000001,60.39333333333334,60.67666666666665,60.386666666666684,60.17666666666665,60.913793103448306,60.70999999999997,59.653333333333336,60.00666666666668,60.84333333333334,60.643333333333324,59.366666666666674,60.04666666666665,59.70666666666667,59.44666666666667,59.96,59.34,59.456666666666656,55.45666666666667,59.60333333333333,60.30333333333333,60.14666666666668,60.406666666666645,60.8294117647059,60.74666666666666,60.183333333333316,61.200000000000024,61.004166666666684,60.35833333333333,60.77916666666667,60.67916666666665,60.737500000000004,59.92727272727272,60.718181818181826,60.51363636363637,59.54545454545455,60.690909090909095,57.86666666666665
15:15:00,58.0,58.47333333333334,59.66333333333333,58.63666666666667,58.38333333333334,57.85999999999999,56.46333333333332,57.20666666666667,57.746666666666655,58.59333333333335,58.74666666666667,58.98666666666668,58.27999999999999,57.543333333333315,59.056666666666665,58.00333333333333,58.163333333333334,58.04999999999999,57.87333333333334,59.27333333333333,59.02333333333333,59.09666666666667,60.816666666666684,59.25333333333334,60.953333333333354,59.54,59.25333333333334,58.61666666666666,57.2,57.62999999999999,58.059999999999995,58.79333333333332,59.78666666666666,58.68999999999998,58.92333333333333,59.10333333333334,60.25666666666667,59.82,60.423333333333325,60.70333333333331,60.373333333333356,60.190000000000005,60.92758620689657,60.71666666666666,59.6,60.000000000000014,60.83333333333334,60.606666666666676,59.25666666666666,59.98333333333333,59.58666666666667,59.333333333333336,59.88333333333332,59.21999999999999,59.40999999999998,55.39666666666667,59.553333333333335,60.32,60.180000000000014,60.43333333333332,60.888235294117656,60.75666666666666,60.143333333333324,61.200000000000024,61.00000000000001,60.345833333333324,60.76250000000001,60.66249999999999,60.68333333333334,59.91363636363636,60.72727272727274,60.52272727272728,59.527272727272724,60.699999999999996,57.893333333333324
15:20:00,58.06000000000001,58.519999999999996,59.716666666666676,58.71333333333334,58.406666666666666,57.85333333333333,56.41999999999999,57.25333333333333,57.779999999999994,58.61,58.77,59.053333333333356,58.33666666666667,57.563333333333325,59.10000000000001,58.05,58.17666666666666,57.96333333333333,57.89999999999999,59.353333333333325,59.06666666666667,59.15,60.83333333333335,59.26666666666667,60.986666666666686,59.57333333333334,59.29,58.64999999999999,57.216666666666676,57.73,58.173333333333325,58.87999999999999,59.879999999999995,58.74000000000001,58.99333333333333,59.146666666666675,60.25333333333334,59.82000000000001,60.40999999999999,60.68333333333331,60.40333333333335,60.220000000000006,60.95862068965519,60.73333333333331,59.63333333333334,60.00333333333335,60.82333333333334,60.623333333333335,59.33,59.93999999999999,59.58000000000001,59.38999999999999,59.896666666666654,59.21666666666666,59.40666666666666,55.470000000000006,59.636666666666656,60.35333333333333,60.203333333333354,60.48999999999998,60.97058823529413,60.80333333333333,60.08,61.200000000000024,60.99166666666668,60.345833333333324,60.75416666666667,60.64166666666666,60.68749999999999,59.97272727272727,60.740909090909106,60.55909090909092,59.572727272727256,60.74545454545454,57.923333333333325
15:25:00,58.11666666666666,58.526666666666664,59.756666666666675,58.75666666666667,58.43,57.843333333333334,56.419999999999995,57.33999999999999,57.83333333333335,58.62000000000001,58.74,59.00666666666668,58.34000000000001,57.593333333333334,59.10666666666667,58.11666666666666,58.12,57.893333333333324,57.876666666666665,59.383333333333326,59.05999999999999,59.10333333333333,60.793333333333344,59.24666666666666,60.93333333333335,59.53,59.22333333333334,58.61,57.17666666666667,57.67999999999998,58.143333333333324,58.85333333333333,59.85333333333334,58.766666666666666,58.993333333333325,59.12666666666668,60.22333333333334,59.78666666666666,60.41,60.68333333333331,60.36333333333335,60.193333333333335,60.910344827586236,60.689999999999976,59.62333333333333,59.98000000000002,60.81666666666668,60.529999999999994,59.223333333333336,59.893333333333324,59.52,59.303333333333335,59.83333333333333,59.22666666666668,59.346666666666664,55.41666666666667,59.589999999999996,60.28333333333333,60.14333333333336,60.41333333333332,60.84705882352943,60.736666666666665,59.946666666666644,61.200000000000024,60.979166666666664,60.32916666666666,60.74166666666667,60.649999999999984,60.675000000000004,59.859090909090895,60.65909090909093,60.49090909090909,59.51818181818182,60.67727272727272,57.92999999999999
15:30:00,58.149999999999984,58.51000000000001,59.763333333333335,58.783333333333324,58.42666666666666,57.78333333333334,56.35666666666667,57.366666666666674,57.823333333333345,58.60666666666666,58.75,59.06000000000002,58.373333333333335,57.60000000000001,59.15333333333333,58.13666666666666,58.1,57.833333333333336,57.87000000000001,59.39666666666666,59.04999999999999,59.11,60.793333333333344,59.23333333333334,60.940000000000026,59.53666666666666,59.23666666666668,58.63333333333334,57.173333333333325,57.69666666666665,58.183333333333344,58.87666666666665,59.87666666666667,58.743333333333325,58.99666666666667,59.15333333333335,60.23333333333334,59.62999999999999,60.42999999999999,60.699999999999974,60.41333333333334,60.213333333333324,60.951724137931066,60.723333333333315,59.38666666666667,59.980000000000025,60.826666666666675,60.516666666666666,59.09666666666667,59.78666666666666,59.39333333333333,59.169999999999995,59.72666666666666,58.99333333333334,59.23666666666666,55.26333333333332,59.40666666666665,60.30333333333333,60.16666666666669,60.416666666666664,60.89411764705884,60.75666666666667,59.90666666666665,61.200000000000024,60.98333333333333,60.33333333333332,60.74999999999999,60.645833333333314,60.67916666666667,59.87272727272727,60.677272727272744,60.52272727272726,59.540909090909096,60.709090909090904,57.91999999999999
15:35:00,58.216666666666676,58.596666666666664,59.816666666666656,58.84333333333334,58.49333333333334,57.77333333333333,56.34,57.38333333333335,57.826666666666675,58.566666666666656,58.76,59.06666666666668,58.41666666666668,57.64999999999999,59.18999999999999,58.176666666666655,58.093333333333334,57.82,57.919999999999995,59.443333333333335,59.08333333333332,59.123333333333335,60.77666666666667,59.236666666666665,60.91333333333335,59.53999999999999,59.22333333333334,58.64666666666667,57.19333333333334,57.77666666666667,58.30333333333333,58.949999999999996,59.953333333333326,58.82666666666665,59.059999999999995,59.17666666666667,60.24666666666667,59.68666666666665,60.40666666666666,60.69666666666663,60.43333333333336,60.219999999999985,60.96206896551726,60.7033333333333,59.49333333333334,59.96666666666668,60.823333333333345,60.46000000000001,59.04666666666666,59.71999999999999,59.34333333333334,59.13999999999999,59.673333333333325,58.95666666666666,59.199999999999996,55.306666666666665,59.46666666666667,60.336666666666666,60.21000000000002,60.43333333333333,60.9058823529412,60.76333333333333,59.886666666666656,61.200000000000024,60.975,60.33333333333332,60.75,60.645833333333314,60.62916666666666,59.899999999999984,60.69545454545457,60.527272727272724,59.50909090909091,60.70000000000002,57.980000000000004
15:40:00,58.17999999999999,58.536666666666655,59.74333333333333,58.79999999999999,58.47000000000001,57.71333333333334,56.276666666666664,57.36333333333334,57.82333333333334,58.56000000000001,58.74666666666666,59.02333333333333,58.35333333333334,57.59,59.10666666666667,58.063333333333325,58.03666666666666,57.71,57.883333333333326,59.42666666666667,59.04333333333332,59.080000000000005,60.72666666666668,59.20333333333334,60.893333333333345,59.529999999999994,59.19666666666668,58.586666666666666,57.10333333333334,57.68666666666669,58.249999999999986,58.92333333333333,59.903333333333336,58.84,59.066666666666656,59.176666666666684,60.239999999999995,59.82,60.40666666666666,60.69999999999997,60.43333333333335,60.23666666666666,60.97241379310347,60.68666666666664,59.61000000000001,59.96000000000002,60.81333333333335,60.39,58.90666666666668,59.58000000000001,59.20333333333335,58.93333333333333,59.52666666666667,58.91999999999997,59.04999999999999,55.18333333333332,59.563333333333325,60.29666666666667,60.15000000000002,60.43,60.94705882352942,60.769999999999996,59.753333333333316,61.200000000000024,60.979166666666664,60.333333333333336,60.74583333333333,60.65,60.675000000000004,59.87272727272727,60.66363636363638,60.51363636363636,59.531818181818196,60.722727272727276,57.930000000000014
15:45:00,56.65999999999998,56.98666666666666,58.17999999999998,57.26,56.95333333333335,56.22,54.80333333333332,55.92,57.29333333333333,57.99999999999999,58.17333333333334,58.49,57.79999999999999,56.83000000000001,58.35,57.35,57.21666666666666,56.900000000000006,56.879999999999995,58.180000000000014,58.60000000000001,58.613333333333344,60.303333333333335,58.793333333333344,60.43666666666669,59.099999999999994,58.73333333333334,58.08333333333335,56.61666666666668,57.20333333333334,57.76666666666667,58.42999999999999,59.41666666666667,58.30333333333332,58.510000000000005,58.63,59.81000000000001,59.30999999999999,59.946666666666665,60.19333333333331,59.47333333333333,59.22666666666666,59.851724137931036,59.446666666666644,58.04,58.69000000000002,59.52333333333333,59.00333333333333,57.569999999999986,58.24333333333334,57.85000000000001,57.583333333333336,58.036666666666676,58.169999999999995,58.40666666666665,54.546666666666674,58.766666666666666,59.57666666666667,59.43000000000003,59.610000000000014,59.47058823529413,59.86,58.803333333333306,61.200000000000024,60.975,60.324999999999996,60.73749999999999,60.64583333333332,60.587499999999984,59.04090909090908,59.809090909090926,59.68636363636363,58.74090909090909,59.83181818181818,56.46333333333333
15:50:00,58.18333333333332,58.52666666666665,59.8,58.84666666666668,58.483333333333334,57.63333333333335,56.32666666666667,57.496666666666684,57.84666666666667,58.57333333333334,58.76333333333333,59.073333333333345,58.42333333333334,57.63333333333332,59.186666666666675,58.186666666666675,57.919999999999995,57.613333333333344,57.923333333333325,59.42,59.0,59.00666666666665,60.65666666666668,59.13666666666667,60.793333333333344,59.47666666666665,59.14333333333334,58.54666666666667,57.09333333333335,57.76333333333334,58.31666666666668,58.92666666666666,59.91666666666668,58.809999999999995,59.023333333333326,59.13333333333333,60.21333333333334,59.80333333333332,60.39666666666667,60.676666666666655,60.403333333333336,60.19999999999998,60.9137931034483,60.656666666666645,59.593333333333334,59.956666666666685,60.810000000000024,60.28,58.78666666666667,59.51000000000001,59.14000000000002,58.93333333333335,59.46,58.85,58.99,55.153333333333336,59.516666666666666,60.27333333333333,60.11666666666668,60.36333333333334,60.817647058823546,60.686666666666675,59.699999999999974,61.200000000000024,60.98333333333334,60.32916666666666,60.74999999999999,60.65416666666666,60.662499999999994,59.818181818181806,60.60909090909092,60.47727272727272,59.48181818181819,60.650000000000006,57.973333333333315
15:55:00,57.54999999999999,57.90999999999998,59.213333333333324,58.23333333333334,57.85333333333334,56.843333333333334,55.44666666666667,56.6,56.95,58.10333333333333,58.31333333333334,58.61666666666666,57.97,57.11333333333334,58.61333333333334,57.593333333333334,57.46000000000001,57.14000000000001,57.416666666666664,58.85000000000001,58.330000000000005,58.35333333333334,59.90333333333334,58.403333333333336,60.00666666666668,58.69333333333332,58.396666666666675,57.85333333333333,56.39333333333333,57.029999999999994,57.58,58.17666666666666,58.95333333333334,57.82,58.44666666666668,58.50666666666667,59.3,58.80999999999999,59.53333333333333,59.72999999999999,60.430000000000014,60.22666666666667,60.77931034482761,60.55333333333331,58.98666666666667,59.030000000000015,59.793333333333344,59.87333333333334,58.24333333333333,59.06666666666667,58.61666666666668,58.313333333333325,58.88,57.99666666666667,58.05333333333331,54.269999999999996,59.236666666666665,59.89333333333333,59.586666666666694,59.790000000000006,59.6294117647059,59.82333333333334,58.726666666666645,61.200000000000024,60.98333333333334,60.333333333333336,60.745833333333316,60.645833333333336,60.67083333333332,59.822727272727256,60.613636363636374,60.309090909090905,58.98636363636365,59.863636363636374,57.29666666666665
16:00:00,58.183333333333316,58.533333333333324,59.76,58.82666666666666,58.476666666666674,57.616666666666674,56.32666666666667,57.486666666666665,57.77999999999999,58.53999999999999,58.75,59.080000000000005,58.46,57.67000000000001,59.193333333333335,58.21000000000001,57.87333333333334,57.55666666666668,57.93,59.410000000000004,58.95000000000001,58.99999999999999,60.590000000000025,59.103333333333346,60.76333333333335,59.43333333333332,59.10000000000001,58.51,57.046666666666674,57.73333333333334,58.34333333333333,58.92000000000001,59.89333333333335,58.789999999999985,59.02666666666667,59.13333333333335,60.226666666666674,59.736666666666665,60.406666666666666,60.68666666666664,60.40000000000001,60.23000000000001,60.944827586206905,60.67333333333332,59.503333333333345,59.94000000000002,60.803333333333335,60.199999999999996,58.62000000000001,59.39333333333334,58.966666666666676,58.73333333333334,59.32000000000001,58.56333333333332,58.803333333333335,54.99,59.46666666666666,60.29333333333333,60.12666666666669,60.37333333333334,60.835294117647074,60.7,59.61333333333331,61.195833333333354,60.97083333333334,60.34166666666667,60.74166666666665,60.65416666666665,60.65833333333333,59.795454545454525,60.563636363636355,60.46818181818182,59.47272727272729,60.650000000000006,57.99333333333333
16:05:00,58.21333333333332,58.57333333333334,59.78666666666666,58.86666666666667,58.536666666666676,57.58000000000001,56.266666666666666,57.42999999999999,57.720000000000006,57.703333333333326,58.04666666666666,58.43333333333333,57.846666666666664,57.08666666666667,58.63000000000001,57.643333333333324,56.94333333333332,56.65,57.093333333333334,58.59,58.186666666666675,58.230000000000004,59.86000000000001,58.396666666666675,60.12000000000001,58.81333333333334,58.416666666666664,58.26666666666667,55.81333333333334,56.51000000000001,57.15999999999999,57.736666666666665,58.756666666666675,57.70333333333334,57.91000000000001,58.02333333333334,60.029999999999994,59.526666666666664,60.300000000000004,60.54999999999998,59.636666666666684,59.426666666666655,60.10344827586207,59.966666666666654,58.66,59.34333333333334,60.21333333333334,59.440000000000005,57.72000000000001,58.459999999999994,58.10000000000001,57.90000000000001,58.473333333333336,57.68999999999999,58.059999999999995,54.29333333333334,59.24,60.27666666666666,60.10333333333336,60.353333333333346,60.82352941176472,60.69333333333334,58.37333333333331,61.19166666666669,60.962500000000006,60.32916666666667,60.745833333333316,60.64166666666665,60.558333333333316,58.44545454545453,59.190909090909095,59.25909090909091,58.68181818181818,60.00454545454546,58.04666666666667
16:10:00,58.20333333333333,58.529999999999994,59.720000000000006,58.849999999999994,58.52666666666668,57.53333333333332,56.343333333333334,57.493333333333325,57.71333333333333,58.493333333333325,58.74333333333333,59.07000000000001,58.32000000000001,57.63,58.82333333333333,57.81666666666664,57.739999999999995,57.42333333333333,57.879999999999995,59.31333333333335,58.83333333333334,58.90999999999999,60.476666666666674,59.04000000000001,60.66000000000001,59.36333333333333,58.99333333333334,58.37666666666667,56.73333333333333,57.319999999999986,57.809999999999995,58.53666666666667,59.56000000000001,58.76333333333332,58.96666666666667,59.096666666666685,60.22333333333334,59.730000000000004,60.39666666666667,60.679999999999986,60.40333333333334,60.22,60.910344827586215,60.653333333333315,59.573333333333345,59.933333333333344,60.78666666666666,60.053333333333335,57.83,58.52333333333332,58.13000000000002,57.8,58.43333333333332,57.803333333333335,58.23666666666667,54.623333333333335,58.856666666666676,59.846666666666664,60.10333333333335,60.353333333333346,60.788235294117655,60.63999999999999,59.153333333333315,61.17500000000002,60.97083333333334,60.3375,60.73749999999999,60.64166666666666,60.62083333333333,59.70909090909088,60.45909090909092,60.445454545454545,59.472727272727276,60.21363636363637,58.02333333333333
16:15:00,57.86,58.19666666666665,59.363333333333344,58.666666666666664,58.476666666666674,57.40333333333333,56.22666666666667,57.36666666666665,57.64333333333333,58.38333333333333,58.696666666666665,59.03666666666666,58.40999999999999,57.1,58.52999999999999,57.50333333333333,57.623333333333335,57.32,57.80333333333333,59.23333333333334,58.720000000000006,58.806666666666665,60.33000000000001,58.319999999999986,59.92333333333336,58.73,58.283333333333324,58.29333333333334,56.81333333333334,57.54333333333334,58.18333333333332,58.80333333333333,59.78666666666667,58.70999999999999,58.92,59.00666666666668,60.21333333333334,59.78666666666666,60.410000000000004,60.689999999999976,60.38333333333334,60.22666666666667,60.92413793103449,60.639999999999986,59.57333333333335,59.91333333333334,60.79666666666667,60.00999999999999,58.059999999999995,58.92333333333332,58.463333333333345,58.123333333333335,58.84333333333333,58.09333333333334,58.190000000000005,54.41666666666667,59.46333333333334,59.68666666666666,59.47666666666668,59.763333333333335,59.9294117647059,60.40999999999999,59.053333333333306,61.18333333333336,60.95000000000001,60.33333333333332,60.737500000000004,60.649999999999984,60.65833333333334,59.727272727272705,60.46363636363637,60.377272727272725,59.45909090909092,60.57727272727273,57.45666666666667
16:20:00,58.03666666666666,58.41,59.59666666666667,58.75666666666667,58.463333333333345,56.69333333333334,55.736666666666665,56.86333333333333,57.149999999999984,57.93333333333333,58.300000000000004,58.67999999999999,58.05000000000002,57.62999999999998,59.09666666666667,58.073333333333345,56.48333333333334,56.233333333333334,56.76666666666668,58.189999999999976,57.71666666666667,57.91666666666666,59.4,58.029999999999994,59.65,58.463333333333345,58.09999999999999,58.36666666666666,56.88666666666667,56.75666666666667,57.39,57.98,58.933333333333344,57.66333333333333,57.86666666666667,57.92,58.88333333333333,58.40333333333332,59.08000000000001,59.383333333333326,59.65666666666667,59.64666666666666,60.35517241379311,60.13333333333332,58.95000000000001,59.53333333333335,60.33000000000001,59.41666666666666,57.276666666666664,58.07,57.653333333333336,57.19333333333332,57.893333333333324,57.04666666666666,57.513333333333335,53.53000000000001,58.440000000000005,59.440000000000005,59.196666666666694,59.46666666666668,60.77058823529414,59.769999999999996,58.25333333333331,60.02916666666669,59.80000000000001,59.15833333333333,59.55416666666667,60.62916666666666,59.399999999999984,59.69090909090906,60.45454545454545,60.40909090909091,59.468181818181826,60.58181818181819,57.800000000000004
16:25:00,58.153333333333336,58.36666666666667,59.58333333333333,58.73999999999998,58.45333333333333,57.26333333333333,56.19666666666668,57.12999999999999,57.403333333333336,57.94333333333332,58.65,58.94000000000001,58.309999999999995,57.59999999999999,59.04,58.019999999999996,57.41000000000001,57.126666666666665,57.62666666666667,59.00666666666668,58.40999999999999,58.596666666666664,60.07333333333334,58.77999999999998,60.300000000000004,59.18,58.743333333333325,58.239999999999995,56.730000000000004,57.480000000000004,58.07333333333334,58.656666666666666,59.59,58.093333333333334,58.35000000000001,58.49333333333334,60.24333333333334,59.773333333333326,60.43000000000003,60.71666666666667,60.336666666666666,60.20666666666668,60.91034482758621,60.653333333333315,59.43666666666668,59.94333333333335,60.79333333333334,59.716666666666654,57.559999999999995,58.42,57.99666666666668,57.58000000000001,58.339999999999996,57.529999999999994,57.9,54.12333333333334,59.40333333333332,60.24999999999999,60.073333333333345,60.303333333333356,60.78823529411767,60.64666666666666,58.91999999999998,61.170833333333356,60.95416666666668,60.33333333333332,60.74583333333333,60.637499999999996,60.59999999999999,59.67272727272725,60.404545454545456,60.38636363636363,59.440909090909095,60.536363636363646,57.97666666666667
16:30:00,56.72333333333335,56.88666666666666,58.03,57.08333333333334,56.97333333333333,56.13666666666664,55.110000000000014,56.08333333333334,56.47666666666666,57.17333333333333,57.716666666666676,58.089999999999996,57.40333333333333,56.54333333333333,57.90666666666667,56.82999999999999,57.21999999999999,56.923333333333325,57.45000000000001,58.77999999999999,58.106666666666655,58.36333333333333,59.86333333333334,57.65333333333333,59.149999999999984,58.053333333333335,57.57333333333331,58.129999999999995,56.60333333333334,57.34,58.013333333333335,58.61666666666668,59.60333333333334,57.51666666666667,57.569999999999986,57.65666666666667,60.213333333333324,59.60333333333333,60.230000000000004,60.43666666666666,60.34333333333335,60.22333333333336,60.889655172413796,60.66333333333331,59.52000000000002,59.96333333333337,60.803333333333335,59.54333333333333,57.15666666666667,58.103333333333346,57.60666666666667,57.15666666666667,57.93,57.05666666666668,57.48333333333334,53.84000000000001,59.120000000000005,59.99666666666667,59.850000000000016,60.12000000000002,60.500000000000014,60.523333333333326,58.7133333333333,61.17500000000002,60.94583333333335,60.333333333333336,60.75,60.637499999999996,60.49166666666665,59.33181818181816,60.17272727272727,60.25,59.41363636363637,60.44545454545455,56.61333333333334
16:35:00,57.82666666666669,57.78,58.78666666666667,57.12,57.589999999999996,57.033333333333324,56.04999999999999,57.03999999999999,57.279999999999994,58.010000000000005,58.50666666666667,58.806666666666665,58.17999999999999,57.49333333333334,58.91333333333333,57.816666666666656,57.223333333333336,56.963333333333324,57.47333333333333,58.82666666666668,58.169999999999995,58.34333333333332,59.736666666666686,58.540000000000006,59.98333333333334,58.97666666666668,58.52333333333334,57.74,56.209999999999994,56.93666666666666,57.94666666666667,58.36666666666667,59.37666666666667,56.82333333333333,56.656666666666666,56.65333333333333,59.86666666666665,59.61333333333333,59.93333333333333,60.36999999999999,60.296666666666674,60.16666666666666,60.896551724137936,60.659999999999975,59.50333333333335,59.94666666666669,60.806666666666665,59.46000000000001,57.04000000000001,57.99333333333334,57.5,57.03333333333333,57.830000000000005,56.98666666666668,57.419999999999995,53.70000000000001,58.456666666666685,59.463333333333324,59.32333333333335,59.563333333333354,60.67058823529413,60.57,58.65999999999997,61.17500000000002,60.96250000000001,60.34583333333334,60.75416666666667,60.629166666666656,60.59166666666666,59.58181818181816,60.32727272727273,60.345454545454544,59.400000000000006,60.48636363636365,57.823333333333345
16:40:00,54.8,55.96333333333334,58.29333333333334,55.54666666666666,57.376666666666665,55.57,54.593333333333334,55.603333333333325,55.91333333333333,56.686666666666675,57.38,57.78333333333333,57.150000000000006,56.59000000000001,57.899999999999984,56.760000000000005,55.10333333333332,54.773333333333326,56.46000000000001,57.970000000000006,57.446666666666665,57.626666666666665,58.9,58.26666666666667,59.56666666666668,58.62666666666668,58.050000000000004,57.123333333333335,55.46000000000001,56.133333333333326,56.85666666666666,57.45000000000001,58.46333333333333,55.396666666666675,54.85333333333334,55.02333333333333,58.876666666666665,59.076666666666675,58.77333333333334,59.20666666666668,59.45666666666668,59.72333333333332,59.92413793103449,59.65333333333331,58.42333333333335,58.8166666666667,59.550000000000004,57.92333333333333,55.220000000000006,56.29666666666667,56.04666666666666,55.51333333333333,56.366666666666674,55.52666666666666,56.02333333333333,52.39333333333334,58.230000000000004,59.523333333333326,59.35,59.57000000000002,59.52352941176473,59.77333333333333,57.799999999999976,61.14166666666669,60.92500000000001,60.349999999999994,60.52083333333334,60.458333333333336,60.44166666666664,58.50454545454543,59.181818181818194,59.15,58.350000000000016,59.22272727272729,54.64
16:45:00,56.03999999999999,56.24,57.17666666666667,54.41333333333335,56.31666666666668,55.35,54.20000000000001,55.07333333333334,55.19666666666665,55.87666666666668,56.55666666666668,57.723333333333336,57.073333333333345,56.32333333333334,57.753333333333316,56.61,55.46000000000001,55.2,55.59666666666666,56.95333333333333,56.13666666666666,56.36666666666667,57.98333333333335,56.95333333333334,58.08000000000001,58.56666666666667,57.90666666666666,56.60333333333335,54.96666666666668,55.52666666666665,56.83666666666667,57.45000000000001,58.47666666666666,55.03666666666666,54.26999999999999,54.470000000000006,58.17333333333333,58.30999999999999,57.93333333333333,58.26333333333333,59.50333333333334,59.25666666666667,60.0103448275862,59.756666666666646,58.596666666666685,59.06333333333335,60.07,58.08666666666669,54.693333333333335,56.446666666666665,55.83666666666667,55.51999999999999,56.33666666666667,55.36333333333334,55.83333333333335,52.46999999999999,58.55,59.539999999999985,59.46666666666668,59.84000000000002,60.48823529411766,60.406666666666666,58.38333333333332,59.108333333333356,60.87916666666667,60.349999999999994,60.758333333333326,60.63749999999998,60.57916666666667,59.481818181818156,60.204545454545475,60.199999999999996,59.277272727272745,60.34545454545455,55.83666666666667
16:50:00,54.66333333333335,54.84999999999999,56.98333333333333,53.95333333333333,55.93666666666666,54.31666666666667,53.4,54.410000000000004,54.61333333333333,55.73,56.443333333333335,56.733333333333334,56.12666666666666,55.64333333333333,56.96333333333333,55.79333333333333,53.46,53.23,53.68333333333332,54.91,54.24333333333333,54.48333333333334,55.783333333333324,54.879999999999995,55.98666666666668,55.35333333333332,54.826666666666675,54.87333333333332,53.236666666666665,53.95,54.61666666666667,55.24666666666666,56.24,52.36,51.14333333333332,51.30666666666668,55.180000000000014,55.38333333333334,54.78333333333334,55.19999999999998,57.39666666666667,57.260000000000005,57.93793103448276,57.90666666666666,56.793333333333344,57.15333333333336,58.03666666666667,55.176666666666684,51.366666666666674,52.40666666666666,51.72333333333333,51.436666666666675,52.286666666666676,51.39333333333334,51.73666666666667,48.59,56.62333333333334,57.32666666666665,57.15666666666669,57.46333333333333,58.46470588235295,57.873333333333335,55.723333333333315,57.91250000000002,57.83333333333334,57.283333333333324,57.645833333333336,57.55833333333333,57.56249999999999,58.349999999999994,59.036363636363646,58.954545454545446,58.145454545454555,59.22272727272729,54.45333333333333
16:55:00,52.4,52.523333333333326,53.61999999999999,51.79333333333333,53.93666666666666,53.660000000000004,52.613333333333344,53.466666666666654,52.86333333333333,54.29,55.129999999999995,55.39000000000001,55.29666666666665,54.739999999999995,56.05333333333333,54.90333333333333,53.46,53.20333333333336,52.800000000000004,54.04333333333333,53.37666666666666,53.67000000000001,54.85,53.90333333333332,55.069999999999986,54.33333333333332,53.853333333333325,54.65333333333334,52.98000000000001,53.713333333333345,54.41999999999999,55.06666666666667,56.07,51.760000000000005,50.24666666666666,50.419999999999995,54.129999999999995,54.38666666666667,53.80666666666666,54.26333333333333,57.276666666666664,57.14,57.786206896551725,57.879999999999995,56.86666666666667,57.140000000000015,58.06666666666668,54.38666666666668,50.373333333333335,51.376666666666665,50.65666666666666,50.466666666666676,51.33333333333334,50.43,50.73000000000001,48.23,56.419999999999995,57.066666666666656,56.90333333333336,57.193333333333335,57.98823529411767,57.56666666666667,55.22999999999998,57.53333333333336,57.34583333333335,56.93333333333334,57.32916666666666,57.25416666666666,57.324999999999996,57.91818181818182,58.52272727272728,58.70454545454545,58.08181818181819,59.23636363636365,52.150000000000006
17:00:00,51.38000000000001,51.59333333333334,52.68666666666666,49.55333333333333,51.87666666666666,51.97333333333333,50.956666666666685,51.866666666666674,50.513333333333335,52.59333333333334,53.56666666666667,53.97,53.41666666666666,52.806666666666665,54.04,52.80333333333333,50.67999999999998,50.293333333333344,50.78000000000001,52.04333333333333,51.43666666666666,51.72000000000001,52.91666666666667,52.03666666666667,53.13666666666668,52.303333333333335,51.846666666666664,53.26333333333333,51.60333333333333,52.256666666666675,52.936666666666675,53.62666666666666,54.75333333333332,50.156666666666666,48.339999999999996,48.54,52.45333333333335,52.40999999999999,51.98,52.40666666666666,56.05999999999999,55.98666666666666,56.62413793103449,56.73666666666664,55.29333333333334,56.11666666666668,57.03333333333333,52.55333333333333,48.39666666666666,49.46000000000001,48.74333333333333,48.65666666666667,49.53333333333332,48.49333333333333,48.89999999999999,45.830000000000005,54.819999999999986,55.71,55.52666666666668,55.81666666666667,55.89411764705884,56.25,54.059999999999974,57.39166666666669,57.73333333333335,57.333333333333336,57.70416666666666,57.67500000000001,57.66666666666668,56.0590909090909,56.61818181818183,56.636363636363626,55.881818181818176,56.81363636363637,51.05666666666666
17:05:00,50.816666666666684,50.86000000000002,51.89,48.730000000000004,51.48,51.026666666666664,50.53666666666667,51.550000000000004,50.11666666666666,52.083333333333336,53.27000000000001,53.95,53.63000000000001,53.19666666666669,54.20333333333333,52.78999999999999,50.53666666666666,50.083333333333336,50.513333333333335,51.67333333333333,51.13666666666667,51.41666666666666,52.52666666666668,51.52333333333333,52.60666666666667,51.873333333333335,51.49333333333332,53.03000000000002,51.28,51.86333333333334,52.57666666666667,53.196666666666665,54.449999999999996,49.73333333333335,47.88666666666666,48.04333333333333,51.73,51.58333333333334,51.28666666666666,51.83333333333333,57.230000000000004,57.02666666666667,57.77931034482758,57.85666666666666,56.87333333333333,57.32333333333334,58.12999999999999,52.593333333333334,47.903333333333336,48.96000000000001,47.89666666666666,47.90666666666666,48.779999999999994,47.629999999999995,48.02,44.929999999999986,55.923333333333325,56.82666666666667,56.62000000000002,56.89666666666667,57.835294117647074,57.06333333333335,54.52333333333331,57.10000000000002,56.94166666666667,56.54583333333335,56.90833333333333,56.87083333333333,56.89166666666668,57.399999999999984,57.90909090909093,57.968181818181826,57.12727272727272,58.1318181818182,50.50666666666669
17:10:00,50.316666666666656,50.63999999999998,51.77000000000001,48.296666666666674,50.78999999999999,50.18333333333332,48.966666666666676,50.129999999999995,48.713333333333324,50.433333333333344,51.74666666666666,52.59000000000001,52.44666666666667,52.243333333333325,53.143333333333324,51.50333333333334,49.136666666666656,48.713333333333345,49.05000000000002,50.179999999999986,49.666666666666664,49.980000000000004,51.18,50.246666666666655,51.32333333333334,50.52000000000001,50.173333333333325,51.813333333333325,50.126666666666665,50.62,51.28333333333334,52.05333333333333,53.323333333333345,48.56333333333334,46.566666666666656,46.88999999999999,50.51666666666667,50.55333333333333,50.053333333333335,50.49333333333332,56.49333333333334,56.34,57.08275862068966,57.199999999999996,56.34,56.77333333333334,57.60666666666666,51.29333333333333,46.410000000000004,47.493333333333325,46.63666666666666,46.70666666666666,47.59333333333334,46.14333333333333,46.47666666666666,43.406666666666666,55.699999999999996,56.35666666666667,56.213333333333345,56.54666666666665,57.164705882352955,56.90000000000001,54.31999999999998,56.979166666666686,56.8125,56.4375,56.89166666666667,57.12083333333334,56.875,56.93636363636363,57.41363636363638,57.45454545454545,56.6590909090909,57.604545454545466,50.01333333333332
17:15:00,48.933333333333344,49.28333333333334,50.38666666666668,46.81666666666667,49.540000000000006,48.46666666666667,46.86333333333332,48.95,47.54,48.943333333333335,50.43333333333333,51.460000000000015,51.29666666666667,51.22000000000001,51.996666666666655,50.16666666666667,47.779999999999994,47.39333333333333,47.67999999999999,48.56333333333334,48.17666666666667,48.42,49.279999999999994,48.273333333333326,49.37999999999999,48.53000000000001,48.24999999999999,50.713333333333345,49.023333333333326,49.29666666666669,49.960000000000015,50.826666666666675,52.19999999999998,47.43333333333335,45.35000000000001,45.63333333333333,49.10999999999999,49.220000000000006,48.863333333333344,49.04666666666669,56.08333333333334,56.16333333333333,56.9103448275862,57.126666666666665,56.57666666666666,56.77333333333333,57.58333333333333,50.32999999999999,45.13000000000001,46.27666666666666,45.233333333333334,45.39666666666666,46.24333333333333,44.23999999999999,44.67333333333333,41.78333333333334,55.65333333333333,56.33333333333334,56.16666666666667,56.54666666666665,57.10000000000001,56.853333333333346,53.98666666666667,56.95000000000002,56.783333333333324,56.4125,56.75416666666667,56.71666666666667,56.679166666666674,56.72272727272727,57.145454545454555,57.25,56.50454545454544,57.4909090909091,48.56333333333334
17:20:00,45.986666666666665,46.66333333333332,47.59333333333334,44.10666666666667,46.85333333333334,45.153333333333336,43.566666666666656,44.953333333333326,43.80666666666668,44.956666666666685,46.37000000000001,47.49000000000001,48.50000000000001,48.620000000000005,49.46333333333333,47.60666666666666,44.68333333333332,44.386666666666656,44.58,45.35666666666667,44.93333333333333,45.27666666666665,46.20666666666667,45.236666666666665,46.61000000000001,45.67999999999998,45.470000000000006,47.75,46.160000000000004,46.516666666666666,47.09000000000001,47.94666666666667,49.25,44.84000000000002,42.79666666666666,43.15333333333333,45.806666666666665,46.086666666666666,45.46000000000001,45.426666666666684,53.296666666666674,54.01999999999999,54.610344827586204,54.90666666666666,54.60333333333333,54.61333333333334,55.320000000000014,47.683333333333316,42.486666666666665,43.556666666666665,42.77333333333334,42.85000000000001,43.71,41.25666666666667,41.64666666666667,39.029999999999994,52.89000000000001,53.91000000000001,53.683333333333344,54.40333333333332,56.84705882352942,54.36000000000001,50.056666666666665,53.76666666666668,54.012499999999996,53.92083333333334,54.5875,54.69583333333333,54.92083333333334,56.786363636363646,57.177272727272744,57.28636363636363,56.57272727272725,57.51363636363637,45.593333333333334
17:25:00,45.29999999999999,45.95333333333334,46.99,43.226666666666674,46.00000000000001,45.47666666666668,43.57666666666667,45.04,43.85,44.91666666666666,46.37666666666668,47.63000000000001,47.54333333333333,47.76333333333334,48.21333333333333,45.96666666666667,44.72333333333333,44.46666666666667,44.660000000000004,45.53666666666666,45.10000000000001,45.38,46.286666666666655,45.38333333333333,46.34999999999999,45.56000000000002,45.19999999999998,47.28666666666667,45.779999999999994,46.10666666666667,46.666666666666664,47.540000000000006,48.910000000000004,44.16333333333334,42.11999999999999,42.583333333333336,45.00666666666666,45.67,44.89666666666667,44.55333333333332,51.753333333333345,53.99,54.6448275862069,55.07999999999999,54.88,54.303333333333335,55.30666666666666,47.25333333333334,41.71666666666666,42.850000000000016,41.82999999999999,41.83666666666668,42.64333333333334,39.483333333333334,40.01,37.83000000000001,50.60666666666667,53.35,51.92666666666666,54.15000000000001,55.900000000000006,52.42333333333333,45.96666666666667,52.708333333333336,54.1875,54.61666666666665,55.17499999999999,55.19166666666666,55.320833333333326,55.654545454545456,56.11363636363637,56.627272727272725,55.92272727272726,56.8909090909091,45.269999999999996
17:30:00,44.2,45.02666666666666,46.033333333333346,42.12,45.64666666666668,43.94666666666667,42.120000000000005,43.59666666666668,42.63333333333333,43.913333333333334,45.30333333333333,46.826666666666675,46.8,47.47666666666669,47.77333333333333,45.09333333333334,42.92666666666666,42.81333333333332,42.93333333333333,43.64666666666666,43.08666666666667,43.57666666666667,44.48,43.61666666666667,44.46666666666667,43.71,43.279999999999994,45.19000000000001,43.75000000000001,44.033333333333324,44.57,45.5,46.87,42.25,40.23666666666667,40.68333333333333,42.58,43.46666666666666,42.396666666666675,41.83333333333333,49.046666666666674,51.89666666666666,52.186206896551724,52.66333333333334,52.14333333333333,51.60333333333335,52.303333333333335,45.24000000000001,39.82,40.916666666666664,39.93666666666666,39.88000000000001,40.69666666666667,37.173333333333325,37.769999999999996,35.936666666666675,45.56333333333335,50.16,46.05333333333333,50.88,51.1764705882353,46.72333333333334,41.70666666666667,49.42083333333333,52.599999999999994,54.29583333333333,55.44166666666667,55.46250000000003,55.875,51.83181818181818,51.46363636363637,53.93636363636363,55.17727272727273,56.3909090909091,44.39333333333334
17:35:00,41.120000000000005,42.07666666666665,43.059999999999995,39.406666666666666,42.1,42.39,40.066666666666656,41.38333333333333,40.38333333333333,41.09666666666667,42.54666666666666,43.86,43.87,44.189999999999976,44.48333333333334,41.746666666666655,41.373333333333335,41.19666666666667,41.326666666666675,42.18333333333333,41.38999999999999,41.86999999999999,42.919999999999995,42.34333333333333,42.1,41.416666666666664,40.93333333333333,43.46,42.129999999999995,42.410000000000004,42.72333333333332,43.74333333333332,45.02333333333333,40.599999999999994,38.47666666666667,39.17666666666666,40.53666666666666,41.86333333333334,40.099999999999994,39.273333333333326,47.29666666666665,50.42333333333334,49.94827586206897,50.820000000000014,49.61000000000001,49.313333333333325,48.849999999999994,43.053333333333335,38.05666666666666,39.22333333333334,38.169999999999995,37.88333333333333,38.42666666666666,34.65666666666666,35.273333333333326,33.843333333333334,38.88333333333333,43.01,38.01333333333334,45.79999999999999,40.217647058823516,36.343333333333334,36.29666666666667,43.554166666666674,47.791666666666664,50.07916666666667,51.675000000000004,52.05416666666665,52.67083333333334,48.64090909090908,46.895454545454534,49.85454545454545,52.71363636363637,55.345454545454544,41.36
17:40:00,38.52666666666667,40.40333333333333,41.41666666666666,37.78,40.36000000000001,39.58666666666667,36.980000000000004,38.196666666666665,37.2,38.89333333333333,40.45666666666666,41.636666666666656,41.61999999999999,41.87,42.046666666666674,39.40333333333333,38.37333333333333,38.266666666666666,38.373333333333335,38.993333333333325,38.30333333333333,38.873333333333335,39.916666666666664,39.46333333333334,40.14333333333333,39.45666666666667,38.58,41.959999999999994,40.78,41.20000000000001,41.62,42.79333333333334,44.186666666666675,39.1,36.84,37.393333333333324,38.33666666666667,39.89666666666666,37.800000000000004,36.58666666666666,44.646666666666675,48.19333333333332,48.57586206896553,49.23333333333335,48.016666666666666,47.74333333333333,47.48,41.98666666666667,37.21333333333333,38.326666666666675,37.233333333333334,36.76333333333333,36.9,33.43333333333332,34.23666666666667,32.88000000000001,36.92999999999999,40.290000000000006,34.35,43.08666666666668,35.02352941176472,32.440000000000005,34.61666666666667,40.2625,47.68333333333333,49.5375,52.479166666666664,52.375,52.929166666666674,46.21818181818182,43.75454545454544,46.959090909090904,50.51818181818183,53.8909090909091,39.446666666666665
17:45:00,37.39333333333333,40.12666666666667,41.14666666666666,37.50000000000001,40.18666666666668,39.92333333333333,37.24999999999999,38.47333333333334,37.52333333333333,38.93999999999999,40.80333333333333,42.55000000000002,42.47333333333334,43.03666666666667,43.080000000000005,39.92999999999999,39.23333333333334,39.13666666666666,39.14333333333333,39.56666666666667,38.470000000000006,39.08,40.480000000000004,39.72666666666667,40.57,39.80999999999999,38.919999999999995,41.66666666666666,40.35666666666667,40.81666666666667,41.04666666666666,42.19333333333332,43.709999999999994,39.11000000000001,37.053333333333335,37.28666666666666,36.10333333333334,38.67666666666666,36.11333333333333,34.46666666666667,44.620000000000005,49.089999999999996,47.12413793103449,48.02666666666668,46.286666666666655,46.25666666666667,45.54333333333334,41.11999999999999,36.75333333333332,37.66666666666667,36.483333333333334,36.02,36.03999999999999,31.793333333333333,32.65333333333334,31.61666666666667,35.21000000000001,38.15,31.303333333333335,40.70666666666667,30.676470588235293,28.566666666666663,32.480000000000004,38.68333333333334,46.54583333333334,48.36666666666667,51.90833333333334,51.804166666666674,52.42083333333334,44.55909090909091,41.381818181818176,44.81818181818181,48.45,52.27727272727273,39.20666666666667
17:50:00,35.49999999999999,37.67999999999999,38.680000000000014,35.266666666666666,37.65666666666666,36.826666666666675,34.099999999999994,35.27333333333333,34.583333333333336,36.370000000000005,38.13666666666667,39.563333333333325,39.73333333333334,40.226666666666674,40.443333333333335,36.703333333333326,35.99333333333333,35.99666666666667,36.23333333333334,37.12000000000001,35.95,36.45,37.78666666666667,37.00666666666666,37.71333333333334,37.14333333333333,35.85,39.396666666666675,38.29666666666666,39.22,39.403333333333336,40.626666666666665,42.0,37.42333333333333,35.309999999999995,34.7,33.57333333333333,36.65666666666665,33.830000000000005,31.990000000000002,42.063333333333325,46.13999999999999,43.40689655172415,44.24333333333334,41.953333333333326,42.34333333333335,40.85333333333333,37.769999999999996,34.33333333333335,35.45333333333333,34.49,34.006666666666675,33.75666666666667,29.209999999999994,30.556666666666658,29.866666666666664,33.36,35.690000000000005,28.296666666666667,37.69333333333332,27.658823529411762,25.05,29.943333333333335,36.85416666666667,44.04583333333333,45.38333333333333,49.21666666666666,48.73333333333333,49.26249999999999,42.71363636363637,38.85454545454545,42.654545454545456,46.41363636363636,50.67272727272727,36.78999999999999
17:55:00,31.959999999999997,35.19666666666667,36.120000000000005,32.903333333333336,35.18666666666666,34.243333333333325,31.726666666666674,32.79,32.193333333333335,33.31999999999999,35.613333333333344,36.71666666666667,36.693333333333335,37.59666666666667,37.22666666666666,34.03666666666667,33.61666666666666,33.72333333333333,33.843333333333334,34.12333333333334,32.723333333333336,32.74333333333333,34.75333333333333,34.14666666666667,34.89333333333334,34.35333333333334,32.95666666666667,36.336666666666666,35.129999999999995,36.22333333333333,36.36666666666666,37.443333333333335,38.79666666666666,33.75999999999999,31.950000000000003,31.826666666666668,29.07666666666666,32.023333333333326,29.71,27.743333333333332,38.18666666666666,42.69666666666667,39.53103448275861,40.669999999999995,38.37666666666667,38.97,37.029999999999994,34.74666666666667,31.746666666666673,32.76333333333334,31.763333333333332,31.17666666666667,30.603333333333342,26.719999999999995,27.540000000000003,27.023333333333344,30.51333333333333,32.95333333333333,25.54,34.52333333333334,24.305882352941172,21.743333333333336,27.323333333333334,33.958333333333336,40.75,42.341666666666654,46.508333333333326,46.18750000000001,47.074999999999996,41.10454545454545,37.00454545454546,40.96818181818182,44.704545454545446,49.059090909090905,34.309999999999995
18:00:00,30.35666666666667,33.50666666666666,34.45333333333334,31.503333333333327,33.84,32.63999999999999,30.119999999999997,31.00999999999999,30.263333333333332,31.506666666666664,33.95666666666666,34.966666666666676,35.080000000000005,35.95333333333334,35.56666666666667,32.24,32.11333333333333,32.17333333333333,32.330000000000005,32.55666666666667,31.213333333333335,31.320000000000004,32.980000000000004,32.64666666666667,33.26666666666667,32.580000000000005,30.94666666666667,33.940000000000005,32.800000000000004,33.800000000000004,34.18999999999999,35.11333333333333,36.50333333333333,32.51333333333333,31.09333333333334,30.49666666666667,26.013333333333335,29.48666666666666,27.209999999999997,24.623333333333335,36.08333333333333,40.46666666666667,36.758620689655174,37.72666666666666,34.87,35.693333333333335,33.669999999999995,32.239999999999995,29.726666666666677,30.683333333333326,29.583333333333332,29.039999999999996,28.240000000000002,24.56666666666667,25.616666666666664,25.26666666666666,28.040000000000003,30.04333333333334,23.416666666666664,31.753333333333334,22.8,19.263333333333332,24.599999999999998,29.725000000000005,36.225,37.541666666666664,42.31666666666667,41.866666666666674,43.675000000000004,39.36363636363637,34.72272727272727,38.84545454545456,42.64545454545455,47.345454545454544,32.45
18:05:00,28.743333333333332,33.196666666666665,34.22,31.266666666666666,33.306666666666665,32.00000000000001,29.126666666666672,30.19333333333334,29.340000000000014,30.549999999999997,33.06333333333333,34.09666666666667,34.21666666666667,34.96666666666666,34.64333333333334,31.08666666666667,31.646666666666658,31.84666666666666,32.01,32.24,30.77666666666666,30.040000000000003,32.25666666666666,31.899999999999995,32.48,31.736666666666668,29.803333333333335,32.34666666666667,31.046666666666663,32.766666666666666,33.013333333333335,34.08333333333334,35.166666666666664,30.896666666666665,29.483333333333334,28.853333333333328,23.639999999999997,27.12333333333334,25.166666666666668,22.206666666666663,34.42999999999999,39.28333333333333,34.72758620689655,35.79666666666667,33.03,34.30333333333333,31.843333333333327,30.979999999999997,28.91666666666667,29.92666666666667,28.790000000000003,28.10333333333334,26.69,23.026666666666667,24.13333333333333,23.926666666666666,27.11333333333334,29.02999999999999,22.04666666666667,30.220000000000002,21.241176470588236,17.706666666666667,23.24000000000001,27.970833333333335,35.275,36.26666666666666,41.40416666666666,40.87916666666667,41.36666666666665,37.49090909090909,32.64090909090908,36.89545454545454,40.72727272727272,45.57272727272727,31.526666666666667
18:10:00,27.17666666666667,30.833333333333332,32.00333333333332,29.140000000000008,30.896666666666665,30.129999999999995,27.28333333333334,28.209999999999997,27.423333333333332,28.486666666666665,31.08333333333334,32.056666666666665,32.18333333333334,33.086666666666666,32.57333333333333,29.136666666666663,29.18,29.373333333333346,29.60333333333334,29.726666666666663,28.236666666666665,27.613333333333333,29.43666666666667,29.380000000000003,29.946666666666665,29.206666666666663,26.953333333333326,30.106666666666673,28.620000000000005,30.686666666666667,30.856666666666673,32.06000000000001,32.75,28.636666666666663,27.279999999999998,26.316666666666666,20.290000000000006,23.966666666666654,22.543333333333337,19.200000000000003,31.666666666666668,36.53333333333333,31.67241379310345,32.53,29.52333333333333,31.089999999999996,28.100000000000005,28.226666666666656,26.766666666666666,27.759999999999998,26.623333333333328,25.80333333333333,24.18,20.62666666666666,21.813333333333333,21.799999999999997,25.9,27.389999999999993,19.730000000000008,27.63000000000001,18.864705882352936,15.430000000000001,20.549999999999997,24.74999999999999,31.84583333333333,32.75416666666666,38.375,37.85833333333333,38.30833333333334,34.99090909090909,29.55454545454546,34.422727272727265,38.43636363636363,43.48181818181817,29.75333333333333
18:15:00,25.14666666666667,29.536666666666665,30.763333333333332,28.023333333333333,29.82666666666666,28.343333333333344,25.87,26.806666666666676,26.133333333333333,27.190000000000005,29.079999999999995,29.90333333333333,30.11,31.179999999999996,30.886666666666667,27.753333333333337,28.459999999999997,28.65,28.79666666666666,28.850000000000005,27.346666666666675,26.036666666666672,28.34666666666667,28.336666666666662,28.816666666666674,28.043333333333337,25.35333333333334,28.85,27.333333333333336,29.436666666666667,29.59333333333333,30.78999999999999,31.386666666666667,27.526666666666674,26.790000000000003,25.09666666666667,17.30666666666667,21.28666666666667,20.716666666666676,16.206666666666663,29.84333333333333,35.14666666666667,29.900000000000002,30.83,27.790000000000003,29.600000000000005,26.61333333333334,27.03666666666667,25.65666666666667,26.663333333333338,25.50999999999999,24.700000000000003,22.770000000000007,19.163333333333334,20.39,20.65,23.83,25.373333333333335,18.39666666666666,26.360000000000007,17.664705882352937,14.056666666666665,19.36,23.466666666666665,30.59999999999999,31.504166666666666,36.93749999999999,36.39583333333334,36.77916666666667,33.47727272727272,27.813636363636363,32.650000000000006,36.60454545454546,41.654545454545456,27.530000000000005
18:20:00,23.306666666666672,27.17333333333334,28.14333333333333,25.756666666666668,27.39,26.179999999999996,23.470000000000006,24.603333333333335,23.81,24.84666666666667,27.37666666666666,28.223333333333336,28.186666666666667,29.05333333333333,28.73333333333334,25.483333333333338,25.743333333333336,25.923333333333336,26.089999999999996,26.136666666666656,24.900000000000002,23.899999999999995,25.743333333333336,26.023333333333333,26.483333333333334,25.616666666666667,22.82666666666667,27.05,24.930000000000003,27.95333333333333,27.866666666666674,29.259999999999998,29.223333333333336,25.43333333333333,24.453333333333333,23.026666666666667,15.49,19.123333333333335,18.723333333333336,14.57666666666667,28.876666666666665,33.9,28.900000000000002,30.033333333333335,26.846666666666668,28.426666666666677,25.176666666666662,25.983333333333334,24.873333333333335,25.959999999999997,24.740000000000002,23.870000000000005,21.350000000000005,17.82999999999999,19.176666666666673,19.49333333333333,22.566666666666666,23.616666666666664,16.733333333333334,24.616666666666667,15.605882352941178,12.563333333333333,18.219999999999995,22.258333333333336,29.791666666666668,30.566666666666674,36.541666666666664,35.94583333333332,36.32083333333333,31.80454545454546,25.959090909090904,30.822727272727267,34.65454545454546,39.75454545454546,25.663333333333334
18:25:00,22.439999999999998,26.209999999999997,27.763333333333335,25.43,27.109999999999996,25.63333333333333,23.163333333333334,24.193333333333335,23.500000000000004,24.406666666666663,27.326666666666668,28.073333333333338,28.550000000000008,29.546666666666663,29.243333333333336,26.023333333333333,25.326666666666664,25.569999999999997,26.426666666666666,26.393333333333334,24.78666666666667,23.506666666666664,25.853333333333335,25.99000000000001,26.479999999999997,25.62,22.663333333333338,26.030000000000005,23.986666666666665,26.846666666666668,26.553333333333335,28.326666666666664,28.11333333333333,24.276666666666667,23.783333333333328,22.069999999999997,14.773333333333332,18.423333333333336,18.146666666666665,13.776666666666667,26.973333333333333,32.11333333333333,26.3551724137931,27.49666666666667,23.95333333333333,25.88666666666666,22.833333333333325,24.17000000000001,23.633333333333333,24.56333333333333,23.390000000000004,22.686666666666664,20.06333333333333,16.43333333333333,17.90333333333334,18.416666666666668,21.486666666666665,22.119999999999994,15.266666666666664,22.816666666666674,13.164705882352942,11.036666666666664,17.14,20.275000000000002,28.304166666666664,28.933333333333337,35.0,34.3375,34.58750000000001,29.268181818181812,23.513636363636365,28.309090909090912,32.14090909090908,37.53181818181818,24.486666666666675
18:30:00,21.149999999999995,24.759999999999998,26.249999999999993,23.990000000000002,25.366666666666664,23.669999999999998,21.08,22.289999999999996,21.569999999999993,22.49333333333333,24.84333333333333,25.606666666666666,25.97666666666667,26.560000000000002,26.393333333333334,23.240000000000002,23.52333333333333,23.82333333333333,23.953333333333333,23.91,22.606666666666666,21.709999999999997,23.636666666666663,24.116666666666667,24.54,23.429999999999996,20.42,23.936666666666667,21.703333333333333,24.976666666666667,24.86666666666667,26.650000000000002,25.799999999999997,22.34333333333333,22.799999999999997,20.113333333333337,12.503333333333332,15.25,15.5,11.803333333333335,24.696666666666665,29.826666666666675,24.117241379310343,25.20666666666667,21.566666666666663,23.636666666666667,20.57,21.96666666666666,21.700000000000003,22.62666666666667,21.410000000000004,20.756666666666668,18.180000000000003,14.393333333333338,15.52666666666667,16.316666666666666,20.07333333333334,20.63666666666667,14.183333333333334,21.27333333333333,11.670588235294117,10.056666666666667,15.490000000000002,18.18333333333333,24.220833333333328,24.616666666666664,30.466666666666665,29.962499999999995,30.162499999999998,27.88636363636363,21.81363636363636,26.477272727272727,30.422727272727265,35.91818181818181,22.83333333333333
18:35:00,19.253333333333337,22.54333333333333,23.933333333333337,21.963333333333328,23.243333333333336,21.29666666666667,18.883333333333333,20.103333333333335,19.533333333333328,20.60666666666667,22.780000000000005,23.473333333333333,23.913333333333334,24.660000000000004,24.353333333333335,21.546666666666674,20.98666666666667,21.436666666666667,21.540000000000003,21.463333333333335,20.03666666666667,19.029999999999998,20.71999999999999,20.966666666666665,21.323333333333327,20.410000000000004,17.953333333333333,21.666666666666668,19.45333333333333,22.42,22.203333333333333,23.873333333333335,22.763333333333335,19.71,20.509999999999994,18.086666666666662,11.05,12.88,13.75,10.46,22.040000000000003,26.81,21.179310344827584,22.17,18.673333333333336,20.709999999999997,17.293333333333333,19.376666666666665,19.343333333333337,20.3,19.216666666666672,18.756666666666668,16.253333333333334,12.646666666666668,13.396666666666663,14.499999999999998,17.959999999999997,18.566666666666666,12.99,18.960000000000004,11.035294117647059,9.396666666666663,13.813333333333334,15.22916666666667,21.450000000000003,21.920833333333334,28.174999999999994,27.716666666666665,27.912500000000005,25.87272727272728,20.26818181818182,24.5,27.83181818181818,32.73181818181818,20.606666666666666
18:40:00,18.0,21.019999999999996,22.58666666666667,20.76666666666667,21.819999999999997,19.93666666666666,17.65666666666667,18.65666666666667,18.130000000000006,18.889999999999997,21.063333333333333,21.70333333333333,22.20666666666667,22.786666666666672,22.596666666666668,19.820000000000004,19.276666666666674,20.133333333333333,20.456666666666663,20.463333333333335,18.89666666666667,17.92666666666667,19.143333333333327,19.506666666666668,20.07333333333333,19.006666666666664,16.59,19.316666666666666,17.32,19.973333333333333,19.89666666666667,21.336666666666662,20.529999999999998,17.269999999999996,17.856666666666666,15.640000000000004,10.253333333333332,11.740000000000002,12.506666666666666,9.793333333333333,19.849999999999998,24.43666666666667,18.779310344827582,19.830000000000002,16.386666666666667,18.38,15.43666666666667,17.10666666666667,17.163333333333338,17.929999999999996,17.02,16.479999999999997,14.33,11.553333333333336,12.043333333333333,12.860000000000001,16.27,16.096666666666668,10.616666666666665,16.153333333333332,8.870588235294116,8.020000000000001,12.88,14.083333333333334,19.64583333333334,20.245833333333334,25.55416666666667,25.325000000000006,25.32916666666667,23.69545454545455,18.277272727272727,22.07272727272727,24.90909090909091,29.53636363636364,19.009999999999998
18:45:00,16.80666666666667,19.666666666666668,20.996666666666666,19.326666666666668,20.303333333333327,18.613333333333337,16.21333333333333,17.470000000000006,16.976666666666667,17.706666666666667,19.489999999999995,20.03666666666667,20.56333333333333,21.280000000000005,21.083333333333332,18.476666666666663,17.319999999999997,18.390000000000004,18.55333333333334,18.523333333333333,17.183333333333337,16.389999999999997,17.696666666666665,17.810000000000002,18.063333333333333,17.21333333333333,14.976666666666668,17.83333333333333,15.536666666666664,18.569999999999997,18.226666666666674,19.936666666666667,18.380000000000003,15.819999999999999,16.759999999999998,14.219999999999994,9.16333333333333,9.860000000000003,11.113333333333332,8.896666666666667,17.973333333333336,21.89666666666666,17.258620689655174,18.323333333333334,14.989999999999998,16.863333333333333,14.09,15.753333333333336,15.803333333333336,16.593333333333327,15.63,14.753333333333332,12.790000000000001,10.276666666666666,10.636666666666667,11.416666666666663,15.360000000000001,16.006666666666668,11.326666666666666,15.783333333333333,10.147058823529411,8.383333333333331,11.756666666666664,12.9125,18.108333333333338,18.216666666666665,23.075,23.091666666666665,23.170833333333334,22.61818181818182,17.718181818181822,20.781818181818185,23.872727272727275,28.34090909090909,17.82333333333333
18:50:00,14.483333333333329,16.886666666666667,18.183333333333337,16.773333333333337,17.529999999999998,16.056666666666665,14.193333333333335,15.126666666666667,14.76666666666667,15.343333333333332,17.03,17.483333333333338,17.983333333333338,18.509999999999998,18.18666666666667,15.97333333333333,15.463333333333331,16.736666666666668,16.87666666666667,16.77,15.506666666666664,14.643333333333333,15.59666666666667,15.793333333333333,15.96333333333333,15.196666666666667,13.253333333333336,17.063333333333333,15.089999999999998,17.84666666666667,17.526666666666667,19.28000000000001,17.973333333333326,15.446666666666665,16.12666666666667,13.503333333333332,8.376666666666667,7.663333333333333,9.659999999999998,8.326666666666666,16.759999999999998,21.179999999999996,15.168965517241384,15.996666666666666,12.390000000000004,14.560000000000002,11.993333333333334,14.066666666666665,14.726666666666667,15.470000000000004,14.416666666666666,13.026666666666667,11.659999999999997,9.316666666666666,9.46,10.259999999999998,14.243333333333338,14.610000000000003,10.170000000000003,14.319999999999999,7.605882352941177,7.316666666666668,10.759999999999998,11.362499999999999,16.325,16.3,21.375,21.162499999999998,20.96666666666667,20.60909090909091,16.345454545454547,19.213636363636365,21.45454545454545,25.186363636363637,15.206666666666667
18:55:00,14.016666666666664,16.28666666666667,17.75,16.483333333333334,17.103333333333335,15.623333333333333,13.516666666666664,14.679999999999998,14.41,15.013333333333332,16.46,16.95,17.589999999999996,18.029999999999998,18.0,15.333333333333332,13.706666666666667,15.193333333333332,15.31666666666667,15.31,14.149999999999999,13.370000000000001,14.426666666666671,14.446666666666665,14.493333333333336,13.926666666666664,12.023333333333335,15.02666666666667,12.803333333333335,15.500000000000002,14.966666666666665,16.956666666666663,14.900000000000007,12.833333333333334,13.806666666666668,11.67666666666667,7.180000000000001,6.550000000000001,8.306666666666668,7.266666666666668,15.49,19.273333333333333,14.275862068965521,15.286666666666667,12.170000000000003,13.92,11.333333333333334,12.903333333333332,13.326666666666672,14.066666666666665,12.730000000000002,11.270000000000005,10.460000000000003,8.24,8.42666666666667,9.31,13.05666666666666,13.316666666666666,9.120000000000001,12.899999999999993,7.2,6.833333333333332,9.979999999999999,11.125,15.320833333333333,15.199999999999998,19.041666666666668,18.858333333333338,18.94583333333333,19.054545454545455,14.46818181818182,17.277272727272727,19.34090909090909,23.254545454545454,14.313333333333333
19:00:00,12.080000000000002,13.920000000000005,15.236666666666666,14.196666666666665,14.706666666666667,13.283333333333335,11.656666666666668,12.503333333333332,12.366666666666667,12.659999999999998,14.116666666666669,14.46,14.983333333333333,15.409999999999998,15.329999999999995,13.283333333333333,11.906666666666666,13.370000000000001,13.616666666666667,13.473333333333331,12.493333333333332,11.74,12.496666666666666,12.486666666666668,12.46333333333333,12.016666666666667,10.446666666666665,14.083333333333334,12.123333333333338,14.469999999999999,13.833333333333332,15.903333333333327,14.133333333333331,12.04,12.680000000000001,10.716666666666665,6.486666666666666,5.836666666666668,7.293333333333333,6.3966666666666665,13.463333333333331,17.26,12.251724137931033,12.939999999999996,10.166666666666664,11.950000000000001,9.973333333333333,11.583333333333334,12.14666666666667,12.606666666666666,11.03333333333333,9.706666666666667,9.226666666666668,7.296666666666667,7.323333333333335,8.063333333333333,11.893333333333334,12.366666666666665,8.626666666666669,12.036666666666667,7.276470588235293,6.553333333333334,8.853333333333333,9.591666666666669,13.366666666666665,13.349999999999996,17.191666666666666,16.9625,17.004166666666663,17.08181818181818,13.668181818181814,15.690909090909093,17.5,20.65909090909091,12.459999999999997
19:05:00,10.723333333333333,12.346666666666662,13.56,12.673333333333334,12.986666666666663,11.493333333333332,10.113333333333335,10.89666666666667,10.84333333333333,11.28,12.470000000000002,12.743333333333332,13.28,13.789999999999997,13.666666666666663,11.816666666666666,10.146666666666665,11.42666666666667,11.933333333333332,11.819999999999999,11.073333333333334,10.256666666666666,10.92,10.916666666666664,10.833333333333334,10.513333333333339,9.163333333333332,12.066666666666665,10.209999999999999,12.300000000000002,11.706666666666665,13.599999999999996,11.96,10.273333333333335,10.656666666666668,9.15,5.3133333333333335,4.623333333333333,5.733333333333333,5.403333333333334,12.20333333333333,15.330000000000004,11.044827586206894,11.933333333333332,9.236666666666663,10.84666666666667,9.063333333333334,10.133333333333333,10.56333333333333,10.706666666666667,9.369999999999997,8.383333333333335,7.92,6.413333333333332,6.499999999999999,6.969999999999999,10.976666666666665,11.553333333333331,7.949999999999998,11.033333333333331,6.658823529411765,6.11,7.823333333333332,8.716666666666667,12.083333333333334,12.041666666666666,15.52083333333333,15.237499999999995,15.162500000000001,16.16818181818182,12.940909090909093,14.768181818181818,16.313636363636363,19.195454545454545,10.966666666666665
19:10:00,9.346666666666668,10.693333333333335,11.73,10.960000000000003,11.363333333333335,10.146666666666667,8.93666666666667,9.529999999999998,9.566666666666665,9.926666666666668,11.106666666666666,11.196666666666667,11.716666666666665,12.22,12.046666666666665,10.506666666666664,8.973333333333333,10.000000000000004,10.500000000000002,10.293333333333333,9.633333333333335,8.986666666666666,9.57333333333333,9.56,9.463333333333331,9.229999999999999,8.003333333333332,10.8,9.073333333333332,11.04,10.080000000000002,12.22,10.26333333333333,8.766666666666667,9.2,8.073333333333334,4.023333333333334,4.25,4.526666666666667,4.586666666666668,10.226666666666663,13.116666666666667,9.279310344827586,9.703333333333335,7.606666666666665,9.1,7.579999999999999,8.643333333333334,8.979999999999999,9.0,8.046666666666665,7.153333333333332,6.706666666666666,5.63,5.713333333333335,5.929999999999998,9.343333333333334,9.553333333333333,6.503333333333333,8.986666666666668,5.7,5.250000000000003,6.3900000000000015,7.966666666666666,10.933333333333335,10.85416666666667,13.866666666666667,13.600000000000001,13.379166666666665,13.845454545454546,11.454545454545457,12.80909090909091,14.109090909090911,16.459090909090907,9.553333333333335
19:15:00,8.100000000000001,9.2,10.206666666666667,9.56,9.953333333333335,8.716666666666667,7.73,8.3,8.363333333333333,8.68,9.733333333333333,9.853333333333332,10.32333333333333,10.749999999999998,10.550000000000002,9.056666666666665,7.823333333333333,8.476666666666668,9.056666666666668,8.943333333333335,8.330000000000002,7.673333333333334,8.093333333333332,8.136666666666668,7.9799999999999995,7.803333333333334,6.723333333333333,9.249999999999998,7.816666666666668,9.303333333333333,8.636666666666667,10.209999999999999,8.776666666666667,7.5566666666666675,7.723333333333333,6.629999999999999,3.7066666666666666,3.5666666666666673,4.1499999999999995,4.073333333333332,9.176666666666668,11.813333333333334,8.193103448275862,8.860000000000001,6.696666666666668,8.066666666666668,6.753333333333335,7.4399999999999995,7.716666666666667,7.639999999999998,6.959999999999999,5.956666666666666,5.633333333333332,4.963333333333335,5.026666666666667,5.0633333333333335,8.606666666666666,9.406666666666668,7.043333333333334,9.216666666666669,6.752941176470589,5.5100000000000025,5.6833333333333345,7.0125,9.670833333333334,9.616666666666665,12.362499999999997,12.033333333333331,11.745833333333332,12.186363636363636,10.163636363636364,11.3,12.431818181818182,14.504545454545456,8.156666666666668
19:20:00,7.08,8.003333333333332,8.81333333333333,8.330000000000002,8.870000000000001,7.5,6.673333333333334,7.14,7.219999999999998,7.503333333333333,8.513333333333332,8.503333333333334,8.96,9.366666666666665,9.28,7.856666666666668,6.950000000000002,7.296666666666665,7.843333333333332,7.633333333333334,7.319999999999999,6.543333333333332,6.903333333333333,6.863333333333333,6.749999999999999,6.546666666666668,5.69,7.970000000000001,6.593333333333332,8.01,7.193333333333332,9.023333333333333,7.233333333333331,6.290000000000001,6.6,5.799999999999999,3.24,3.1333333333333324,3.6233333333333344,3.526666666666667,8.016666666666667,10.223333333333331,7.365517241379309,8.163333333333334,6.483333333333332,7.326666666666666,6.223333333333334,6.386666666666668,6.446666666666667,6.263333333333332,5.923333333333333,4.959999999999999,4.866666666666666,4.366666666666666,4.3966666666666665,4.4333333333333345,7.439999999999999,7.826666666666667,5.606666666666667,7.420000000000003,4.864705882352942,4.5600000000000005,4.909999999999999,6.062500000000001,8.283333333333335,8.262500000000001,10.708333333333334,10.445833333333335,10.029166666666665,11.01818181818182,9.054545454545455,9.93636363636364,10.972727272727276,12.936363636363632,7.063333333333334
19:25:00,6.0133333333333345,6.690000000000001,7.4300000000000015,6.873333333333333,7.3066666666666675,6.106666666666667,5.506666666666667,5.836666666666667,5.946666666666668,6.19,7.070000000000001,7.0699999999999985,7.466666666666666,7.916666666666667,7.773333333333334,6.6466666666666665,5.499999999999999,5.756666666666666,6.133333333333332,6.159999999999998,5.793333333333333,5.356666666666667,5.579999999999998,5.689999999999999,5.5633333333333335,5.3999999999999995,4.709999999999999,6.556666666666669,5.500000000000001,6.626666666666668,5.986666666666668,7.500000000000001,6.12,5.286666666666668,5.413333333333332,4.650000000000001,2.749999999999999,2.5966666666666667,3.039999999999999,2.9633333333333334,6.466666666666666,8.453333333333335,5.60344827586207,6.309999999999999,4.7266666666666675,5.753333333333334,4.866666666666665,5.056666666666667,5.056666666666667,4.946666666666667,4.726666666666666,4.05,4.033333333333333,3.67,3.706666666666666,3.7299999999999995,6.103333333333333,6.750000000000002,5.050000000000001,6.590000000000003,4.799999999999999,4.11,4.119999999999999,5.074999999999999,6.850000000000001,6.895833333333336,8.925000000000002,8.683333333333335,8.204166666666667,8.945454545454544,7.6090909090909085,8.322727272727272,9.127272727272727,10.536363636363637,6.0600000000000005
19:30:00,4.9799999999999995,5.546666666666665,6.17,5.786666666666666,6.173333333333335,5.016666666666667,4.566666666666667,4.83,5.003333333333334,5.133333333333334,5.8966666666666665,5.836666666666667,6.16,6.6033333333333335,6.3866666666666685,5.459999999999999,4.723333333333334,4.886666666666667,4.983333333333334,5.046666666666668,4.833333333333332,4.373333333333334,4.56,4.61,4.5,4.346666666666666,3.8266666666666667,5.383333333333332,4.546666666666666,5.39,5.043333333333333,6.126666666666666,5.216666666666669,4.376666666666666,4.493333333333333,3.8199999999999994,2.3966666666666665,1.9966666666666664,2.586666666666667,2.563333333333333,5.450000000000001,6.906666666666665,4.668965517241379,5.27,4.126666666666667,5.013333333333333,4.356666666666667,4.293333333333333,3.9066666666666667,4.053333333333334,3.8666666666666667,3.163333333333333,3.4133333333333336,3.1099999999999994,3.14,3.143333333333332,5.066666666666666,5.533333333333332,4.3133333333333335,5.483333333333333,4.447058823529412,3.6300000000000003,3.603333333333333,4.466666666666666,5.775000000000001,5.825,7.312500000000001,7.179166666666667,6.624999999999997,7.65,6.368181818181818,6.954545454545454,7.690909090909091,9.113636363636363,4.906666666666666
19:35:00,4.123333333333333,4.483333333333333,4.99,4.75,5.1066666666666665,4.1433333333333335,3.7366666666666664,3.956666666666666,4.13,4.193333333333333,4.9433333333333325,4.74,5.02,5.443333333333334,5.223333333333334,4.483333333333333,4.026666666666666,4.153333333333333,4.156666666666668,4.043333333333333,3.9433333333333334,3.626666666666667,3.7499999999999987,3.68,3.5900000000000007,3.4533333333333336,3.0433333333333334,4.553333333333333,3.6100000000000003,4.376666666666667,3.993333333333333,5.1066666666666665,4.053333333333333,3.5399999999999996,3.573333333333333,3.050000000000001,2.1700000000000004,1.72,2.256666666666667,2.290000000000001,4.413333333333333,5.559999999999999,3.7103448275862068,4.21,3.2200000000000006,4.053333333333333,3.5000000000000004,3.496666666666668,3.163333333333333,3.3466666666666667,3.0633333333333335,2.54,2.886666666666667,2.556666666666667,2.64,2.6866666666666656,4.183333333333334,4.603333333333334,3.6400000000000006,4.5600000000000005,3.694117647058824,3.14,2.9933333333333336,3.6041666666666674,4.6499999999999995,4.733333333333333,6.058333333333333,5.920833333333333,5.362500000000001,6.3999999999999995,5.7,6.0590909090909095,6.663636363636363,7.563636363636365,4.01
19:40:00,3.3800000000000003,3.680000000000001,4.090000000000001,3.8500000000000005,4.066666666666668,3.263333333333335,2.9766666666666675,3.1300000000000003,3.283333333333334,3.3500000000000005,3.8866666666666676,3.77,4.050000000000001,4.413333333333335,4.23,3.6900000000000004,3.0400000000000014,3.1666666666666665,3.1800000000000006,3.096666666666667,2.973333333333334,2.7966666666666673,2.9066666666666667,2.966666666666667,2.863333333333333,2.749999999999999,2.436666666666667,3.643333333333335,3.0566666666666666,3.5000000000000004,3.3099999999999996,4.08,3.4366666666666674,2.9533333333333336,2.9466666666666668,2.436666666666666,1.8833333333333333,1.3933333333333333,1.9699999999999998,1.9566666666666666,3.643333333333334,4.463333333333333,3.127586206896552,3.64,2.883333333333333,3.4933333333333327,3.1400000000000006,2.883333333333334,2.533333333333333,2.686666666666667,2.4833333333333334,2.15,2.3933333333333326,2.1433333333333326,2.203333333333333,2.2566666666666664,3.523333333333333,3.8699999999999997,3.3000000000000003,4.01,3.923529411764706,2.94,2.6300000000000003,3.0999999999999996,3.8541666666666665,3.9166666666666674,4.8,4.758333333333334,4.183333333333332,5.1863636363636365,4.545454545454546,4.8500000000000005,5.354545454545455,6.236363636363637,3.286666666666668
19:45:00,2.7466666666666666,2.973333333333334,3.2866666666666666,3.163333333333334,3.35,2.4833333333333334,2.3499999999999996,2.4833333333333334,2.6266666666666665,2.64,3.0866666666666664,2.9600000000000004,3.1966666666666663,3.4966666666666653,3.3633333333333346,2.873333333333333,2.4633333333333325,2.573333333333333,2.6133333333333337,2.486666666666667,2.3633333333333337,2.2033333333333336,2.3133333333333335,2.283333333333333,2.2333333333333334,2.1333333333333333,1.933333333333333,2.776666666666667,2.423333333333334,2.693333333333334,2.52,3.0599999999999996,2.6666666666666665,2.25,2.33,1.8533333333333333,1.663333333333334,1.0933333333333335,1.696666666666667,1.7133333333333338,2.8233333333333333,3.450000000000001,2.3103448275862064,2.713333333333334,2.0999999999999996,2.6299999999999986,2.393333333333333,2.2433333333333336,2.0433333333333334,2.183333333333334,1.9733333333333336,1.7433333333333336,1.9866666666666668,1.7733333333333334,1.8333333333333335,1.9033333333333333,2.773333333333333,3.0433333333333326,2.5533333333333337,2.9866666666666672,2.6411764705882357,2.3366666666666664,2.1600000000000006,2.495833333333334,2.9708333333333337,3.0625000000000004,3.7708333333333335,3.712499999999999,3.150000000000001,4.050000000000001,3.727272727272727,3.890909090909091,4.218181818181819,4.677272727272727,2.62
19:50:00,2.026666666666667,2.170000000000001,2.3833333333333333,2.326666666666666,2.45,1.6533333333333333,1.63,1.7000000000000002,1.8566666666666671,1.866666666666667,2.276666666666667,2.14,2.3033333333333332,2.5433333333333334,2.4266666666666667,2.1266666666666674,1.856666666666667,1.9500000000000002,1.9600000000000006,1.8133333333333337,1.726666666666667,1.6633333333333338,1.72,1.6866666666666672,1.646666666666667,1.566666666666667,1.4300000000000002,2.1700000000000004,1.8633333333333333,2.0533333333333337,1.9300000000000002,2.316666666666667,2.020000000000001,1.7333333333333338,1.7800000000000002,1.3199999999999998,1.416666666666667,0.8366666666666666,1.4233333333333336,1.426666666666667,2.2,2.6066666666666665,1.7620689655172412,2.1566666666666667,1.6966666666666668,2.15,1.9799999999999995,1.8266666666666667,1.6066666666666667,1.6866666666666665,1.54,1.4366666666666668,1.6066666666666665,1.4200000000000002,1.4766666666666668,1.546666666666667,2.166666666666667,2.44,2.2366666666666664,2.5266666666666677,2.6176470588235285,2.023333333333333,1.863333333333333,2.045833333333333,2.3625000000000003,2.4166666666666665,2.816666666666667,2.8625000000000003,2.245833333333333,3.1,2.881818181818182,3.0727272727272723,3.272727272727272,3.736363636363636,1.8700000000000003
19:55:00,1.5033333333333339,1.5733333333333335,1.716666666666667,1.6600000000000001,1.7066666666666668,1.1733333333333331,1.1466666666666667,1.1566666666666667,1.2433333333333334,1.2066666666666668,1.3900000000000003,1.436666666666667,1.5666666666666667,1.7766666666666668,1.7433333333333338,1.5533333333333337,1.306666666666667,1.3566666666666667,1.38,1.3066666666666669,1.2533333333333334,1.1999999999999997,1.2800000000000002,1.2433333333333332,1.2333333333333332,1.1866666666666668,1.0999999999999999,1.486666666666667,1.423333333333334,1.476666666666667,1.4300000000000002,1.6300000000000001,1.5633333333333337,1.3333333333333333,1.3933333333333338,0.9233333333333333,1.1866666666666665,0.6066666666666669,1.1966666666666663,1.1866666666666668,1.6000000000000003,1.8733333333333333,1.2310344827586208,1.5833333333333333,1.2000000000000004,1.6233333333333333,1.5133333333333332,1.3933333333333335,1.21,1.2666666666666668,1.2033333333333331,1.153333333333333,1.2600000000000005,1.1566666666666665,1.1833333333333333,1.2066666666666668,1.6233333333333335,1.81,1.6466666666666672,1.8033333333333337,1.9647058823529406,1.5833333333333333,1.48,1.554166666666667,1.729166666666667,1.7666666666666666,2.0250000000000004,2.0291666666666672,1.5583333333333336,2.15,2.1772727272727272,2.227272727272727,2.354545454545455,2.545454545454545,1.4400000000000002
20:00:00,1.04,1.0533333333333332,1.1233333333333335,1.0766666666666667,1.1133333333333333,0.883333333333333,0.8699999999999998,0.8699999999999997,0.8999999999999998,0.8766666666666666,0.9099999999999998,0.9400000000000001,0.9799999999999999,1.02,1.09,1.0533333333333332,0.9399999999999997,0.9666666666666667,0.9966666666666666,0.9599999999999999,0.9199999999999997,0.9033333333333332,0.9600000000000001,0.9166666666666666,0.9233333333333335,0.8966666666666665,0.8499999999999998,1.03,1.0166666666666666,1.0433333333333332,1.0233333333333332,1.1233333333333333,1.0799999999999998,0.9700000000000001,1.03,0.6166666666666669,0.9666666666666665,0.38999999999999985,0.9633333333333332,0.9633333333333332,1.1366666666666665,1.2766666666666664,0.8379310344827586,1.1600000000000001,0.8266666666666668,1.23,1.1466666666666667,1.06,0.9233333333333331,0.9733333333333334,0.9333333333333332,0.9099999999999999,0.9800000000000001,0.92,0.9466666666666669,0.9366666666666666,1.0633333333333332,1.2766666666666666,1.2033333333333331,1.2699999999999998,1.4176470588235295,1.1966666666666663,1.1466666666666667,1.225,1.1750000000000003,1.3000000000000003,1.3041666666666667,1.5083333333333335,0.8875000000000002,1.5227272727272727,1.5090909090909093,1.5909090909090913,1.5590909090909095,1.6818181818181825,1.0033333333333332
20:05:00,0.7799999999999997,0.7866666666666665,0.8199999999999998,0.7899999999999999,0.7866666666666667,0.6833333333333333,0.6833333333333333,0.68,0.7000000000000001,0.6966666666666668,0.7133333333333334,0.7133333333333334,0.69,0.7733333333333333,0.793333333333333,0.7533333333333333,0.7033333333333334,0.7333333333333333,0.75,0.7433333333333334,0.6966666666666668,0.7033333333333334,0.7533333333333332,0.6966666666666668,0.7133333333333332,0.7166666666666666,0.6666666666666667,0.7466666666666667,0.7899999999999998,0.77,0.7500000000000002,0.8,0.8000000000000002,0.7233333333333334,0.8133333333333331,0.4099999999999999,0.7799999999999997,0.23000000000000004,0.7866666666666664,0.7799999999999997,0.84,0.9099999999999997,0.5344827586206896,0.8499999999999999,0.5399999999999998,0.9333333333333333,0.8699999999999997,0.8399999999999999,0.7333333333333332,0.7733333333333332,0.7466666666666666,0.7200000000000001,0.7733333333333332,0.7233333333333333,0.7533333333333333,0.73,0.7533333333333334,0.9166666666666665,0.9066666666666663,0.913333333333333,1.0117647058823531,0.913333333333333,0.8833333333333331,0.8499999999999998,0.858333333333333,0.8791666666666664,0.9124999999999996,0.9374999999999997,0.49583333333333335,1.0045454545454542,1.059090909090909,1.0681818181818181,1.0772727272727272,1.1318181818181816,0.7200000000000001
20:10:00,0.5366666666666666,0.5233333333333333,0.5499999999999999,0.5233333333333333,0.5166666666666667,0.5000000000000001,0.49666666666666676,0.49666666666666676,0.51,0.5100000000000001,0.5000000000000001,0.5166666666666667,0.4733333333333333,0.5299999999999999,0.5433333333333332,0.5333333333333333,0.49666666666666676,0.5033333333333334,0.52,0.52,0.5000000000000001,0.4933333333333334,0.5433333333333332,0.5033333333333334,0.5266666666666666,0.5299999999999999,0.49333333333333335,0.5166666666666667,0.5966666666666666,0.52,0.51,0.5266666666666667,0.5366666666666667,0.51,0.6166666666666667,0.24666666666666665,0.6,0.11000000000000004,0.5700000000000001,0.61,0.6266666666666667,0.6600000000000001,0.33103448275862063,0.6433333333333334,0.3366666666666666,0.7399999999999998,0.6466666666666668,0.6466666666666666,0.5399999999999999,0.5466666666666666,0.55,0.5466666666666667,0.6,0.5333333333333333,0.58,0.52,0.4799999999999997,0.6599999999999999,0.6066666666666668,0.6300000000000001,0.7117647058823531,0.6633333333333333,0.6366666666666666,0.5625000000000002,0.5500000000000003,0.5708333333333336,0.6250000000000003,0.6458333333333336,0.25416666666666665,0.7272727272727274,0.7500000000000001,0.7636363636363637,0.7772727272727272,0.7909090909090909,0.4733333333333333
20:15:00,0.37,0.36000000000000004,0.37,0.36666666666666664,0.3533333333333334,0.34333333333333343,0.34333333333333343,0.35000000000000014,0.3566666666666667,0.35666666666666674,0.35666666666666674,0.34666666666666673,0.3266666666666667,0.36666666666666664,0.3733333333333333,0.3833333333333334,0.33000000000000007,0.34666666666666673,0.3566666666666667,0.3566666666666667,0.35000000000000003,0.35,0.37666666666666665,0.3533333333333334,0.3733333333333333,0.37,0.34333333333333343,0.33333333333333337,0.4266666666666668,0.37333333333333335,0.3533333333333334,0.3600000000000001,0.36333333333333334,0.3533333333333334,0.4600000000000001,0.13333333333333336,0.4100000000000001,0.02,0.41333333333333344,0.4166666666666668,0.41333333333333344,0.45333333333333337,0.1620689655172414,0.4266666666666668,0.17333333333333334,0.5233333333333333,0.44333333333333347,0.43333333333333346,0.34666666666666673,0.36000000000000004,0.36000000000000004,0.3433333333333334,0.38000000000000006,0.3466666666666666,0.38333333333333347,0.3333333333333333,0.2733333333333334,0.39333333333333337,0.38000000000000006,0.37000000000000005,0.48235294117647054,0.4300000000000001,0.3866666666666667,0.325,0.33749999999999997,0.33749999999999997,0.3666666666666667,0.39166666666666683,0.12083333333333335,0.5318181818181819,0.5272727272727273,0.5272727272727272,0.5454545454545454,0.5681818181818182,0.3333333333333333
20:20:00,0.26000000000000006,0.2566666666666667,0.2700000000000001,0.2533333333333334,0.24000000000000007,0.24000000000000007,0.23666666666666672,0.24000000000000007,0.2500000000000001,0.24000000000000007,0.24000000000000007,0.25000000000000006,0.2266666666666667,0.2566666666666667,0.2733333333333334,0.2633333333333334,0.24000000000000007,0.24333333333333337,0.2566666666666667,0.2500000000000001,0.24666666666666673,0.24666666666666673,0.2700000000000001,0.24333333333333343,0.2633333333333334,0.2633333333333334,0.23000000000000004,0.23000000000000004,0.3100000000000001,0.2500000000000001,0.24333333333333343,0.2500000000000001,0.2500000000000001,0.24000000000000007,0.3200000000000001,0.056666666666666685,0.2700000000000001,0.0,0.2700000000000001,0.2800000000000001,0.2833333333333334,0.29666666666666675,0.08620689655172416,0.3000000000000001,0.09000000000000001,0.3733333333333334,0.28666666666666674,0.2633333333333334,0.2233333333333333,0.23,0.22666666666666666,0.2233333333333333,0.2533333333333334,0.21666666666666667,0.23,0.22000000000000003,0.14000000000000004,0.25000000000000006,0.22666666666666666,0.22666666666666666,0.2529411764705882,0.24333333333333343,0.24000000000000005,0.1958333333333333,0.18333333333333332,0.19166666666666665,0.18749999999999997,0.2041666666666667,0.008333333333333333,0.3590909090909092,0.3681818181818182,0.3636363636363637,0.38636363636363646,0.40909090909090917,0.2266666666666667
20:25:00,0.18,0.15999999999999998,0.18666666666666665,0.1666666666666666,0.15666666666666662,0.1533333333333333,0.14999999999999997,0.15999999999999998,0.15999999999999998,0.15999999999999995,0.15666666666666662,0.1533333333333333,0.10666666666666665,0.16333333333333327,0.19333333333333336,0.16333333333333327,0.13666666666666663,0.14333333333333328,0.17333333333333328,0.15666666666666662,0.1466666666666666,0.1466666666666666,0.19,0.13999999999999999,0.16999999999999998,0.1833333333333333,0.12333333333333331,0.13666666666666663,0.21333333333333335,0.15999999999999998,0.1466666666666666,0.16999999999999996,0.15999999999999998,0.12666666666666662,0.23000000000000004,0.010000000000000002,0.17999999999999997,0.0,0.17999999999999997,0.18999999999999995,0.1933333333333333,0.2,0.02758620689655172,0.20333333333333328,0.013333333333333334,0.24666666666666673,0.19666666666666666,0.17666666666666664,0.08,0.08,0.10999999999999997,0.09666666666666665,0.11333333333333331,0.07,0.11999999999999995,0.08,0.043333333333333335,0.08333333333333333,0.09333333333333331,0.1033333333333333,0.0,0.11333333333333331,0.11333333333333331,0.016666666666666666,0.029166666666666664,0.029166666666666664,0.05416666666666667,0.09166666666666667,0.0,0.25454545454545446,0.25,0.24545454545454543,0.2727272727272727,0.2772727272727273,0.10333333333333332
20:30:00,0.02,0.02,0.05,0.02,0.02,0.01,0.02,0.029999999999999995,0.02,0.029999999999999995,0.029999999999999995,0.01,0.0,0.029999999999999995,0.029999999999999995,0.07,0.0,0.0,0.02,0.0,0.0,0.01,0.01,0.01,0.01,0.01,0.0,0.029999999999999995,0.13333333333333328,0.029999999999999995,0.029999999999999995,0.04,0.029999999999999995,0.01,0.11666666666666664,0.0,0.07,0.0,0.060000000000000005,0.08,0.08,0.08,0.0,0.10999999999999997,0.0,0.15666666666666662,0.08,0.02,0.02,0.02,0.02,0.02,0.02,0.01,0.02,0.02,0.006666666666666667,0.01,0.01,0.01,0.0,0.01,0.029999999999999995,0.0,0.012499999999999999,0.012499999999999999,0.012499999999999999,0.012499999999999999,0.0,0.08181818181818182,0.09545454545454546,0.09545454545454546,0.12272727272727271,0.12272727272727271,0.0
20:35:00,0.0,0.0,0.0,0.0,0.0,0.0,0.0,0.0,0.0,0.0,0.0,0.0,0.0,0.0,0.0,0.0,0.0,0.0,0.0,0.0,0.0,0.0,0.0,0.0,0.0,0.0,0.0,0.0,0.01,0.0,0.0,0.0,0.0,0.0,0.0,0.0,0.0,0.0,0.0,0.0,0.0,0.0,0.0,0.0,0.0,0.02,0.0,0.0,0.0,0.0,0.0,0.0,0.0,0.0,0.0,0.0,0.0,0.0,0.0,0.0,0.0,0.0,0.0,0.0,0.0,0.0,0.0,0.0,0.0,0.0,0.0,0.0,0.0,0.0,0.0
20:40:00,0.0,0.0,0.0,0.0,0.0,0.0,0.0,0.0,0.0,0.0,0.0,0.0,0.0,0.0,0.0,0.0,0.0,0.0,0.0,0.0,0.0,0.0,0.0,0.0,0.0,0.0,0.0,0.0,0.0,0.0,0.0,0.0,0.0,0.0,0.0,0.0,0.0,0.0,0.0,0.0,0.0,0.0,0.0,0.0,0.0,0.0,0.0,0.0,0.0,0.0,0.0,0.0,0.0,0.0,0.0,0.0,0.0,0.0,0.0,0.0,0.0,0.0,0.0,0.0,0.0,0.0,0.0,0.0,0.0,0.0,0.0,0.0,0.0,0.0,0.0
20:45:00,0.0,0.0,0.0,0.0,0.0,0.0,0.0,0.0,0.0,0.0,0.0,0.0,0.0,0.0,0.0,0.0,0.0,0.0,0.0,0.0,0.0,0.0,0.0,0.0,0.0,0.0,0.0,0.0,0.0,0.0,0.0,0.0,0.0,0.0,0.0,0.0,0.0,0.0,0.0,0.0,0.0,0.0,0.0,0.0,0.0,0.0,0.0,0.0,0.0,0.0,0.0,0.0,0.0,0.0,0.0,0.0,0.0,0.0,0.0,0.0,0.0,0.0,0.0,0.0,0.0,0.0,0.0,0.0,0.0,0.0,0.0,0.0,0.0,0.0,0.0
20:50:00,0.0,0.0,0.0,0.0,0.0,0.0,0.0,0.0,0.0,0.0,0.0,0.0,0.0,0.0,0.0,0.0,0.0,0.0,0.0,0.0,0.0,0.0,0.0,0.0,0.0,0.0,0.0,0.0,0.0,0.0,0.0,0.0,0.0,0.0,0.0,0.0,0.0,0.0,0.0,0.0,0.0,0.0,0.0,0.0,0.0,0.0,0.0,0.0,0.0,0.0,0.0,0.0,0.0,0.0,0.0,0.0,0.0,0.0,0.0,0.0,0.0,0.0,0.0,0.0,0.0,0.0,0.0,0.0,0.0,0.0,0.0,0.0,0.0,0.0,0.0
20:55:00,0.0,0.0,0.0,0.0,0.0,0.0,0.0,0.0,0.0,0.0,0.0,0.0,0.0,0.0,0.0,0.0,0.0,0.0,0.0,0.0,0.0,0.0,0.0,0.0,0.0,0.0,0.0,0.0,0.0,0.0,0.0,0.0,0.0,0.0,0.0,0.0,0.0,0.0,0.0,0.0,0.0,0.0,0.0,0.0,0.0,0.0,0.0,0.0,0.0,0.0,0.0,0.0,0.0,0.0,0.0,0.0,0.0,0.0,0.0,0.0,0.0,0.0,0.0,0.0,0.0,0.0,0.0,0.0,0.0,0.0,0.0,0.0,0.0,0.0,0.0
21:00:00,0.0,0.0,0.0,0.0,0.0,0.0,0.0,0.0,0.0,0.0,0.0,0.0,0.0,0.0,0.0,0.0,0.0,0.0,0.0,0.0,0.0,0.0,0.0,0.0,0.0,0.0,0.0,0.0,0.0,0.0,0.0,0.0,0.0,0.0,0.0,0.0,0.0,0.0,0.0,0.0,0.0,0.0,0.0,0.0,0.0,0.0,0.0,0.0,0.0,0.0,0.0,0.0,0.0,0.0,0.0,0.0,0.0,0.0,0.0,0.0,0.0,0.0,0.0,0.0,0.0,0.0,0.0,0.0,0.0,0.0,0.0,0.0,0.0,0.0,0.0
21:05:00,0.0,0.0,0.0,0.0,0.0,0.0,0.0,0.0,0.0,0.0,0.0,0.0,0.0,0.0,0.0,0.0,0.0,0.0,0.0,0.0,0.0,0.0,0.0,0.0,0.0,0.0,0.0,0.0,0.0,0.0,0.0,0.0,0.0,0.0,0.0,0.0,0.0,0.0,0.0,0.0,0.0,0.0,0.0,0.0,0.0,0.0,0.0,0.0,0.0,0.0,0.0,0.0,0.0,0.0,0.0,0.0,0.0,0.0,0.0,0.0,0.0,0.0,0.0,0.0,0.0,0.0,0.0,0.0,0.0,0.0,0.0,0.0,0.0,0.0,0.0
21:10:00,0.0,0.0,0.0,0.0,0.0,0.0,0.0,0.0,0.0,0.0,0.0,0.0,0.0,0.0,0.0,0.0,0.0,0.0,0.0,0.0,0.0,0.0,0.0,0.0,0.0,0.0,0.0,0.0,0.0,0.0,0.0,0.0,0.0,0.0,0.0,0.0,0.0,0.0,0.0,0.0,0.0,0.0,0.0,0.0,0.0,0.0,0.0,0.0,0.0,0.0,0.0,0.0,0.0,0.0,0.0,0.0,0.0,0.0,0.0,0.0,0.0,0.0,0.0,0.0,0.0,0.0,0.0,0.0,0.0,0.0,0.0,0.0,0.0,0.0,0.0
21:15:00,0.0,0.0,0.0,0.0,0.0,0.0,0.0,0.0,0.0,0.0,0.0,0.0,0.0,0.0,0.0,0.0,0.0,0.0,0.0,0.0,0.0,0.0,0.0,0.0,0.0,0.0,0.0,0.0,0.0,0.0,0.0,0.0,0.0,0.0,0.0,0.0,0.0,0.0,0.0,0.0,0.0,0.0,0.0,0.0,0.0,0.0,0.0,0.0,0.0,0.0,0.0,0.0,0.0,0.0,0.0,0.0,0.0,0.0,0.0,0.0,0.0,0.0,0.0,0.0,0.0,0.0,0.0,0.0,0.0,0.0,0.0,0.0,0.0,0.0,0.0
21:20:00,0.0,0.0,0.0,0.0,0.0,0.0,0.0,0.0,0.0,0.0,0.0,0.0,0.0,0.0,0.0,0.0,0.0,0.0,0.0,0.0,0.0,0.0,0.0,0.0,0.0,0.0,0.0,0.0,0.0,0.0,0.0,0.0,0.0,0.0,0.0,0.0,0.0,0.0,0.0,0.0,0.0,0.0,0.0,0.0,0.0,0.0,0.0,0.0,0.0,0.0,0.0,0.0,0.0,0.0,0.0,0.0,0.0,0.0,0.0,0.0,0.0,0.0,0.0,0.0,0.0,0.0,0.0,0.0,0.0,0.0,0.0,0.0,0.0,0.0,0.0
21:25:00,0.0,0.0,0.0,0.0,0.0,0.0,0.0,0.0,0.0,0.0,0.0,0.0,0.0,0.0,0.0,0.0,0.0,0.0,0.0,0.0,0.0,0.0,0.0,0.0,0.0,0.0,0.0,0.0,0.0,0.0,0.0,0.0,0.0,0.0,0.0,0.0,0.0,0.0,0.0,0.0,0.0,0.0,0.0,0.0,0.0,0.0,0.0,0.0,0.0,0.0,0.0,0.0,0.0,0.0,0.0,0.0,0.0,0.0,0.0,0.0,0.0,0.0,0.0,0.0,0.0,0.0,0.0,0.0,0.0,0.0,0.0,0.0,0.0,0.0,0.0
21:30:00,0.0,0.0,0.0,0.0,0.0,0.0,0.0,0.0,0.0,0.0,0.0,0.0,0.0,0.0,0.0,0.0,0.0,0.0,0.0,0.0,0.0,0.0,0.0,0.0,0.0,0.0,0.0,0.0,0.0,0.0,0.0,0.0,0.0,0.0,0.0,0.0,0.0,0.0,0.0,0.0,0.0,0.0,0.0,0.0,0.0,0.0,0.0,0.0,0.0,0.0,0.0,0.0,0.0,0.0,0.0,0.0,0.0,0.0,0.0,0.0,0.0,0.0,0.0,0.0,0.0,0.0,0.0,0.0,0.0,0.0,0.0,0.0,0.0,0.0,0.0
21:35:00,0.0,0.0,0.0,0.0,0.0,0.0,0.0,0.0,0.0,0.0,0.0,0.0,0.0,0.0,0.0,0.0,0.0,0.0,0.0,0.0,0.0,0.0,0.0,0.0,0.0,0.0,0.0,0.0,0.0,0.0,0.0,0.0,0.0,0.0,0.0,0.0,0.0,0.0,0.0,0.0,0.0,0.0,0.0,0.0,0.0,0.0,0.0,0.0,0.0,0.0,0.0,0.0,0.0,0.0,0.0,0.0,0.0,0.0,0.0,0.0,0.0,0.0,0.0,0.0,0.0,0.0,0.0,0.0,0.0,0.0,0.0,0.0,0.0,0.0,0.0
21:40:00,0.0,0.0,0.0,0.0,0.0,0.0,0.0,0.0,0.0,0.0,0.0,0.0,0.0,0.0,0.0,0.0,0.0,0.0,0.0,0.0,0.0,0.0,0.0,0.0,0.0,0.0,0.0,0.0,0.0,0.0,0.0,0.0,0.0,0.0,0.0,0.0,0.0,0.0,0.0,0.0,0.0,0.0,0.0,0.0,0.0,0.0,0.0,0.0,0.0,0.0,0.0,0.0,0.0,0.0,0.0,0.0,0.0,0.0,0.0,0.0,0.0,0.0,0.0,0.0,0.0,0.0,0.0,0.0,0.0,0.0,0.0,0.0,0.0,0.0,0.0
21:45:00,0.0,0.0,0.0,0.0,0.0,0.0,0.0,0.0,0.0,0.0,0.0,0.0,0.0,0.0,0.0,0.0,0.0,0.0,0.0,0.0,0.0,0.0,0.0,0.0,0.0,0.0,0.0,0.0,0.0,0.0,0.0,0.0,0.0,0.0,0.0,0.0,0.0,0.0,0.0,0.0,0.0,0.0,0.0,0.0,0.0,0.0,0.0,0.0,0.0,0.0,0.0,0.0,0.0,0.0,0.0,0.0,0.0,0.0,0.0,0.0,0.0,0.0,0.0,0.0,0.0,0.0,0.0,0.0,0.0,0.0,0.0,0.0,0.0,0.0,0.0
21:50:00,0.0,0.0,0.0,0.0,0.0,0.0,0.0,0.0,0.0,0.0,0.0,0.0,0.0,0.0,0.0,0.0,0.0,0.0,0.0,0.0,0.0,0.0,0.0,0.0,0.0,0.0,0.0,0.0,0.0,0.0,0.0,0.0,0.0,0.0,0.0,0.0,0.0,0.0,0.0,0.0,0.0,0.0,0.0,0.0,0.0,0.0,0.0,0.0,0.0,0.0,0.0,0.0,0.0,0.0,0.0,0.0,0.0,0.0,0.0,0.0,0.0,0.0,0.0,0.0,0.0,0.0,0.0,0.0,0.0,0.0,0.0,0.0,0.0,0.0,0.0
21:55:00,0.0,0.0,0.0,0.0,0.0,0.0,0.0,0.0,0.0,0.0,0.0,0.0,0.0,0.0,0.0,0.0,0.0,0.0,0.0,0.0,0.0,0.0,0.0,0.0,0.0,0.0,0.0,0.0,0.0,0.0,0.0,0.0,0.0,0.0,0.0,0.0,0.0,0.0,0.0,0.0,0.0,0.0,0.0,0.0,0.0,0.0,0.0,0.0,0.0,0.0,0.0,0.0,0.0,0.0,0.0,0.0,0.0,0.0,0.0,0.0,0.0,0.0,0.0,0.0,0.0,0.0,0.0,0.0,0.0,0.0,0.0,0.0,0.0,0.0,0.0
22:00:00,0.0,0.0,0.0,0.0,0.0,0.0,0.0,0.0,0.0,0.0,0.0,0.0,0.0,0.0,0.0,0.0,0.0,0.0,0.0,0.0,0.0,0.0,0.0,0.0,0.0,0.0,0.0,0.0,0.0,0.0,0.0,0.0,0.0,0.0,0.0,0.0,0.0,0.0,0.0,0.0,0.0,0.0,0.0,0.0,0.0,0.0,0.0,0.0,0.0,0.0,0.0,0.0,0.0,0.0,0.0,0.0,0.0,0.0,0.0,0.0,0.0,0.0,0.0,0.0,0.0,0.0,0.0,0.0,0.0,0.0,0.0,0.0,0.0,0.0,0.0
22:05:00,0.0,0.0,0.0,0.0,0.0,0.0,0.0,0.0,0.0,0.0,0.0,0.0,0.0,0.0,0.0,0.0,0.0,0.0,0.0,0.0,0.0,0.0,0.0,0.0,0.0,0.0,0.0,0.0,0.0,0.0,0.0,0.0,0.0,0.0,0.0,0.0,0.0,0.0,0.0,0.0,0.0,0.0,0.0,0.0,0.0,0.0,0.0,0.0,0.0,0.0,0.0,0.0,0.0,0.0,0.0,0.0,0.0,0.0,0.0,0.0,0.0,0.0,0.0,0.0,0.0,0.0,0.0,0.0,0.0,0.0,0.0,0.0,0.0,0.0,0.0
22:10:00,0.0,0.0,0.0,0.0,0.0,0.0,0.0,0.0,0.0,0.0,0.0,0.0,0.0,0.0,0.0,0.0,0.0,0.0,0.0,0.0,0.0,0.0,0.0,0.0,0.0,0.0,0.0,0.0,0.0,0.0,0.0,0.0,0.0,0.0,0.0,0.0,0.0,0.0,0.0,0.0,0.0,0.0,0.0,0.0,0.0,0.0,0.0,0.0,0.0,0.0,0.0,0.0,0.0,0.0,0.0,0.0,0.0,0.0,0.0,0.0,0.0,0.0,0.0,0.0,0.0,0.0,0.0,0.0,0.0,0.0,0.0,0.0,0.0,0.0,0.0
22:15:00,0.0,0.0,0.0,0.0,0.0,0.0,0.0,0.0,0.0,0.0,0.0,0.0,0.0,0.0,0.0,0.0,0.0,0.0,0.0,0.0,0.0,0.0,0.0,0.0,0.0,0.0,0.0,0.0,0.0,0.0,0.0,0.0,0.0,0.0,0.0,0.0,0.0,0.0,0.0,0.0,0.0,0.0,0.0,0.0,0.0,0.0,0.0,0.0,0.0,0.0,0.0,0.0,0.0,0.0,0.0,0.0,0.0,0.0,0.0,0.0,0.0,0.0,0.0,0.0,0.0,0.0,0.0,0.0,0.0,0.0,0.0,0.0,0.0,0.0,0.0
22:20:00,0.0,0.0,0.0,0.0,0.0,0.0,0.0,0.0,0.0,0.0,0.0,0.0,0.0,0.0,0.0,0.0,0.0,0.0,0.0,0.0,0.0,0.0,0.0,0.0,0.0,0.0,0.0,0.0,0.0,0.0,0.0,0.0,0.0,0.0,0.0,0.0,0.0,0.0,0.0,0.0,0.0,0.0,0.0,0.0,0.0,0.0,0.0,0.0,0.0,0.0,0.0,0.0,0.0,0.0,0.0,0.0,0.0,0.0,0.0,0.0,0.0,0.0,0.0,0.0,0.0,0.0,0.0,0.0,0.0,0.0,0.0,0.0,0.0,0.0,0.0
22:25:00,0.0,0.0,0.0,0.0,0.0,0.0,0.0,0.0,0.0,0.0,0.0,0.0,0.0,0.0,0.0,0.0,0.0,0.0,0.0,0.0,0.0,0.0,0.0,0.0,0.0,0.0,0.0,0.0,0.0,0.0,0.0,0.0,0.0,0.0,0.0,0.0,0.0,0.0,0.0,0.0,0.0,0.0,0.0,0.0,0.0,0.0,0.0,0.0,0.0,0.0,0.0,0.0,0.0,0.0,0.0,0.0,0.0,0.0,0.0,0.0,0.0,0.0,0.0,0.0,0.0,0.0,0.0,0.0,0.0,0.0,0.0,0.0,0.0,0.0,0.0
22:30:00,0.0,0.0,0.0,0.0,0.0,0.0,0.0,0.0,0.0,0.0,0.0,0.0,0.0,0.0,0.0,0.0,0.0,0.0,0.0,0.0,0.0,0.0,0.0,0.0,0.0,0.0,0.0,0.0,0.0,0.0,0.0,0.0,0.0,0.0,0.0,0.0,0.0,0.0,0.0,0.0,0.0,0.0,0.0,0.0,0.0,0.0,0.0,0.0,0.0,0.0,0.0,0.0,0.0,0.0,0.0,0.0,0.0,0.0,0.0,0.0,0.0,0.0,0.0,0.0,0.0,0.0,0.0,0.0,0.0,0.0,0.0,0.0,0.0,0.0,0.0
22:35:00,0.0,0.0,0.0,0.0,0.0,0.0,0.0,0.0,0.0,0.0,0.0,0.0,0.0,0.0,0.0,0.0,0.0,0.0,0.0,0.0,0.0,0.0,0.0,0.0,0.0,0.0,0.0,0.0,0.0,0.0,0.0,0.0,0.0,0.0,0.0,0.0,0.0,0.0,0.0,0.0,0.0,0.0,0.0,0.0,0.0,0.0,0.0,0.0,0.0,0.0,0.0,0.0,0.0,0.0,0.0,0.0,0.0,0.0,0.0,0.0,0.0,0.0,0.0,0.0,0.0,0.0,0.0,0.0,0.0,0.0,0.0,0.0,0.0,0.0,0.0
22:40:00,0.0,0.0,0.0,0.0,0.0,0.0,0.0,0.0,0.0,0.0,0.0,0.0,0.0,0.0,0.0,0.0,0.0,0.0,0.0,0.0,0.0,0.0,0.0,0.0,0.0,0.0,0.0,0.0,0.0,0.0,0.0,0.0,0.0,0.0,0.0,0.0,0.0,0.0,0.0,0.0,0.0,0.0,0.0,0.0,0.0,0.0,0.0,0.0,0.0,0.0,0.0,0.0,0.0,0.0,0.0,0.0,0.0,0.0,0.0,0.0,0.0,0.0,0.0,0.0,0.0,0.0,0.0,0.0,0.0,0.0,0.0,0.0,0.0,0.0,0.0
22:45:00,0.0,0.0,0.0,0.0,0.0,0.0,0.0,0.0,0.0,0.0,0.0,0.0,0.0,0.0,0.0,0.0,0.0,0.0,0.0,0.0,0.0,0.0,0.0,0.0,0.0,0.0,0.0,0.0,0.0,0.0,0.0,0.0,0.0,0.0,0.0,0.0,0.0,0.0,0.0,0.0,0.0,0.0,0.0,0.0,0.0,0.0,0.0,0.0,0.0,0.0,0.0,0.0,0.0,0.0,0.0,0.0,0.0,0.0,0.0,0.0,0.0,0.0,0.0,0.0,0.0,0.0,0.0,0.0,0.0,0.0,0.0,0.0,0.0,0.0,0.0
22:50:00,0.0,0.0,0.0,0.0,0.0,0.0,0.0,0.0,0.0,0.0,0.0,0.0,0.0,0.0,0.0,0.0,0.0,0.0,0.0,0.0,0.0,0.0,0.0,0.0,0.0,0.0,0.0,0.0,0.0,0.0,0.0,0.0,0.0,0.0,0.0,0.0,0.0,0.0,0.0,0.0,0.0,0.0,0.0,0.0,0.0,0.0,0.0,0.0,0.0,0.0,0.0,0.0,0.0,0.0,0.0,0.0,0.0,0.0,0.0,0.0,0.0,0.0,0.0,0.0,0.0,0.0,0.0,0.0,0.0,0.0,0.0,0.0,0.0,0.0,0.0
22:55:00,0.0,0.0,0.0,0.0,0.0,0.0,0.0,0.0,0.0,0.0,0.0,0.0,0.0,0.0,0.0,0.0,0.0,0.0,0.0,0.0,0.0,0.0,0.0,0.0,0.0,0.0,0.0,0.0,0.0,0.0,0.0,0.0,0.0,0.0,0.0,0.0,0.0,0.0,0.0,0.0,0.0,0.0,0.0,0.0,0.0,0.0,0.0,0.0,0.0,0.0,0.0,0.0,0.0,0.0,0.0,0.0,0.0,0.0,0.0,0.0,0.0,0.0,0.0,0.0,0.0,0.0,0.0,0.0,0.0,0.0,0.0,0.0,0.0,0.0,0.0
